<?xml version="1.0" encoding="iso-8859-1" ?>

<!-- 
Following variables are considered as keyword by WinSQL and can appear either in 
elements or attribute values.

WinSQL_SCHEMA			  __ Owner of the object. Will get replaced at run time automatically
WinSQL_OBJNAME		  __ Any object. Could be table, view, trigger, stored procedure, etc.
WinSQL_FULLOBJNAME  __ Any object. This is a combination of schema and objName separated by a dot
WinSQL_PARENTVALUE  __ This is the value returned by the parent query. Is only used in the extension
                       where level is 2.  



	dbName -
		is the Name of the database. This name should be the DBMS Name 
		returned by the ODBC driver. It should match the "DBMS Name" value
		in WinSQL catalog window. WinSQL uses this information to associate
		plugin files to a database. If this information is incorrect, WinSQL
		will not automatically select the Plugin type in the connection window.
	
	dbAlias -
		This is a friendly name for this plugin. This is what appears on the connection
		window.
	 -->
<WinSQLDatabaseType dbName="DatabaseName1, DatabaseName2" dbAlias="A Friendly name" version="3.8">
	<view supported="yes">
		<viewDDL supported="yes">
			<query>
				<sqlString><![CDATA[ 
				select statement to fetch the script for view. Check the users guide for details
				]]></sqlString>
				<paramList>
					<param position="1" datatype="VARCHAR2" value="WinSQL_SCHEMA" tag="1"/>
					<param position="2" datatype="VARCHAR2" value="WinSQL_OBJNAME" tag="1"/>
				</paramList>
			</query>
		</viewDDL>
	</view>
	<!-- The storedProcedure element tells WinSQL how to process a Stored procedure -->
	<storedProcedures supported="yes">
		<storedProcDDL supported="yes">
			<query>
				<sqlString><![CDATA[ 
				SQL query to fetch stored procedure
				 ]]></sqlString>
				<paramList>
					<param position="1" datatype="VARCHAR2" value="WinSQL_SCHEMA" tag="1"/>
					<param position="2" datatype="VARCHAR2" value="WinSQL_OBJNAME" tag="1"/>
				</paramList>
			</query>
		</storedProcDDL>
	</storedProcedures>
	<!-- 
	TRIGGERS

	 -->
	<triggers supported="yes">
		<!-- 
			The first element is for the retrieval of the SQL script that created the triggers.
			It must return 3 fields. 
			Field 1 - Trigger Name. If name is unknown, the query must return 'Not available'.
			Field 2 - Trigger Type. This can be either Insert, Update or Delete. Since Oracle can have
				  	  insert, delete, update and even other events, the second column is set to 'E'. This
					  will make WinSQL treat this trigger as a stored proc.
			Field 3 - Trigger Text. This is the sql script that was used to create the trigger.
			Field 4 - If there is a fourth field, the result will get appended to the third one.
		 -->
		<triggerDDL supported="yes">
			<query>
				<sqlString><![CDATA[
				SQL String to fetch triggers
				
				 ]]></sqlString>
				<paramList>
					<param position="1" datatype="VARCHAR2" value="WinSQL_SCHEMA"  tag="1"/>
					<param position="2" datatype="VARCHAR2" value="WinSQL_OBJNAME"  tag="1"/>
				</paramList>
			</query>
		</triggerDDL>
	</triggers>
	<!-- Following is a list of extended elements.
		The immediate children of extendedNodes element MUST be a level1 element.
		The name of the element will appear as the header in the TreeView control
		
		Attribute description:
			name - This is the name that will appear in TreeView.
			displayType - This is where the result of the query will
						  get displayed. The possible values are:
						  
						  WinSQL_TreeView
						  WinSQL_GridView
						  WinSQL_ListView
						  WinSQL_TextView
						  
						  In case of WinSQL_TreeView, only the first column will
						  get displayed. 
						  
						  In case of WinSQL_ListView, only the first row of the
						  resultset will be displayed.
						  
						  In case of WinSQL_TextView, the text
						  will be tab delimited if more than one column is found.
			hasChildren - If yes, there can be another level node
	-->
	<extendedNodes>
		<extension level="1" name="Sequences" displayType="WinSQL_TreeView" hasChildren="yes" useInDBDiff="no">	
			<query>
				<sqlString><![CDATA[
				select SEQUENCE_OWNER || '.' || SEQUENCE_NAME, sequence_name, sequence_owner from SYS.ALL_SEQUENCES where SEQUENCE_OWNER like ? order by SEQUENCE_OWNER, SEQUENCE_NAME		
				 ]]></sqlString>
				 
				<!-- Level 1 extensions can ONLY have WinSQL_SCHEMA as a parameter  --> 
				<paramList>
					<param position="1" datatype="VARCHAR2" value="WinSQL_SCHEMA"  tag="1"/>
				</paramList>
			</query>
			<extension level="2" name="Sequence Detail" displayType="WinSQL_ListView" hasChildren="no" useInDBDiff="no">	
				<query>
					<sqlString><![CDATA[
					select * from ALL_SEQUENCES where SEQUENCE_OWNER = ? and SEQUENCE_NAME = ? 				
					 ]]></sqlString>
					<paramList>
						<param position="1" datatype="VARCHAR2" value="WinSQL_PARENTVALUE"  tag="3"/>
						<param position="1" datatype="VARCHAR2" value="WinSQL_PARENTVALUE"  tag="2"/>
					</paramList>
				</query>
			</extension> 
		</extension>
		<extension level="1" name="Last Error" displayType="WinSQL_TreeView" hasChildren="yes" useInDBDiff="no">	
			<query>
				<sqlString><![CDATA[
				select distinct NAME from SYS.ALL_ERRORS		
				 ]]></sqlString>
				<!-- Level 1 extensions can ONLY have WinSQL_SCHEMA as a parameter  -->
				<paramList>	</paramList>
			</query>
			<extension level="2" name="Error Detail" displayType="WinSQL_GridView" hasChildren="no" useInDBDiff="no">	
				<query>
					<sqlString><![CDATA[
					select * from ALL_ERRORS where NAME = ? order by SEQUENCE		
					 ]]></sqlString>
					<paramList>
						<param position="1" datatype="VARCHAR2" value="WinSQL_PARENTVALUE"  tag="1"/>
					</paramList>
				</query>
			</extension> 
		</extension>
	</extendedNodes>

</WinSQLDatabaseType>
