<?xml version="1.0" encoding="iso-8859-1" ?>

<!-- 
Following variables are considered as keyword by WinSQL and can appear either in 
elements or attribute values.


WinSQL_SCHEMA			  __ Owner of the object. Will get replaced at run time automatically
WinSQL_OBJNAME		  __ Any object. Could be table, view, trigger, stored procedure, etc.
WinSQL_FULLOBJNAME  __ Any object. This is a combination of schema and objName separated by a dot
WinSQL_PARENTVALUE  __ This is the value returned by the parent query. Is only used in the extension
                       where level is 2.  



	dbName -
		is the Name of the database. This name should be the DBMS Name 
		returned by the ODBC driver. It should match the "DBMS Name" value
		in WinSQL catalog window. WinSQL uses this information to associate
		plugin files to a database. If this information is incorrect, WinSQL
		will not automatically select the Plugin type in the connection window.
	
	dbAlias -
		This is a friendly name for this plugin. This is what appears on the connection
		window.
	 -->
<WinSQLDatabaseType dbName="ANTs Data Server" dbAlias="AntsDB" version="3.6">
	<view supported="yes">
		<viewDDL supported="yes">
			<query>
				<sqlString><![CDATA[

select view_definition from Information_schema.Views where Table_Schema=? and Table_Name=?

 ]]></sqlString>
				<paramList>
<param position="1" datatype="VARCHAR" value="WinSQL_SCHEMA"  tag="1"/>
<param position="2" datatype="VARCHAR" value="WinSQL_OBJNAME" tag="1"/>
				</paramList>
			</query>
		</viewDDL>
	</view>
	
	
	<createIndexDDL supported="yes">
		<query>
		<sqlString postProcessor="2"><![CDATA[

]]>
		</sqlString>
		<paramList>
			<param position="1" datatype="VARCHAR" value="WinSQL_SCHEMA"  tag="1"/>
			<param position="2" datatype="VARCHAR" value="WinSQL_OBJNAME"  tag="1"/>			
			<param position="3" datatype="VARCHAR" value="WinSQL_INDEXNAME"  tag="1"/>			
		</paramList>
	    </query>	
	</createIndexDDL>
	
	
	
	
	<createTableDDL supported="yes"> 				
		<query>
			<sqlString postProcessor="1"><![CDATA[
select 'CREATE TABLE "' || ? || '"."' || ? || '"' || '(', -1

union

select
case ordinal_position
when 1 then ' '
else ','
end

|| '"' || col.Column_Name || '"' || ' ' || dt.Type_name ||

case nvl(col.Character_Maximum_Length,0)
when 0 then ''
else
 --Here if the datatype is allowed to specify length then we add the length to the datatype
 case col.data_type
  when -4 then '(' || col.Character_Maximum_Length || ')' --BLOB
  when -3 then '(' || col.Character_Maximum_Length || ')' --VARBinary
  when -2 then '(' || col.Character_Maximum_Length || ')' --Binary
  when -1 then '(' || col.Character_Maximum_Length || ')' --COLB
  when 1 then '(' || col.Character_Maximum_Length || ')'  --Char
  when 2 then '(' || col.Character_Maximum_Length || ')'  --Numeric
  when 3 then '(' || col.Character_Maximum_Length || ')'  --Decimal
  when 10 then '(' || col.Character_Maximum_Length || ')' --Time
  when 11 then '(' || col.Character_Maximum_Length || ')' --DateTime
  when 12 then '(' || col.Character_Maximum_Length || ')' --Varchar
 else ''
 end
end

|| ' ' ||

case is_nullable
when 'NO' then  'Not null'
else  ''
end

|| ' ' ||
--Checking for any default Constraint
case nvl(column_default,'')
when '' then ''
else 'default ' || column_default
end

,col.Ordinal_position from Information_Schema.Columns col,INFORMATION_SCHEMA.ANTS_DATA_TYPES dt
where col.DATA_TYPE=dt.DATA_TYPE and Table_Schema = ? and Table_Name= ?

union

-------------- adding information for check constraints
select ',' || 
' check ' || '(' || check_clause || ')', 19999
from information_schema.constraint_column_usage,
     information_schema.check_constraints
where information_schema.constraint_column_usage.table_name = ? and information_schema.constraint_column_usage.TABLE_SCHEMA=?
and (information_schema.constraint_column_usage.constraint_name = information_schema.check_constraints.constraint_name)

union

select ')',5000000

order by 2

%WinSQLVar_QueryTerminator%

--Primary Key
select CHR(13) || CHR(10) || '%WinSQLVar_QueryTerminator%' || CHR(13) || CHR(10) || 'ALTER TABLE ' || '"' || ? || '"."' || ? || '"' || ' ADD PRIMARY KEY' || '(' || '"' || cc.column_name || '"', 20001, '1', 0
from information_schema.table_constraints tc,
     information_schema.key_column_usage cc
where tc.table_name = ?
and tc.TABLE_SCHEMA = ?
and tc.constraint_type='PRIMARY KEY'
and tc.constraint_name=cc.constraint_name
and ordinal_position=1

union

select ',' || '"' || cc.column_name || '"'
, (20000+cc.ordinal_position), '1', 0
from information_schema.table_constraints tc,
     information_schema.key_column_usage cc
where tc.table_name = ?
and tc.TABLE_SCHEMA = ?
and tc.constraint_type='PRIMARY KEY'
and tc.constraint_name=cc.constraint_name
and ordinal_position>1

union

select ')', 20100, '1', 0
from information_schema.table_constraints tc,
     information_schema.key_column_usage cc
where tc.table_name = ?
and tc.TABLE_SCHEMA = ?
and tc.constraint_type='PRIMARY KEY'
and tc.constraint_name=cc.constraint_name
and ordinal_position=1
order by 2,3,4

%WinSQLVar_QueryTerminator%

create table #tab_ddl(s varchar(2000), code number, const_name varchar(100), num number)
go
delete from #tab_ddl
go
--1
insert into  #tab_ddl
select CHR(13) || CHR(10) || '%WinSQLVar_QueryTerminator%' || CHR(13) || CHR(10) || 'ALTER TABLE ' || '"' || ? || '"' || '.' || '"' || ? || '"' || ' ADD FOREIGN KEY'
|| '(' || '"' || v.column_name || '"', v.pos,v.constraint_name,1 from (select column_name, ( case when (select
count(column_name) from INFORMATION_SCHEMA.ANTS_Constraints cc,INFORMATION_SCHEMA.TABLE_CONSTRAINTS tc where
cc.table_name = ?
and cc.table_schema = ?
and cc.column_name like '$MultiColumn%'
and cc.CONSTRAINT_NAME = tc.CONSTRAINT_NAME
and tc.constraint_type='FOREIGN KEY') > 0 then (column_position - 1)
else column_position end ) as pos,tc.constraint_name from INFORMATION_SCHEMA.ANTS_Constraints cc,INFORMATION_SCHEMA.TABLE_CONSTRAINTS tc
where cc.table_name = ? and cc.table_schema = ?
and cc.CONSTRAINT_NAME = tc.CONSTRAINT_NAME
and tc.constraint_type='FOREIGN KEY')  v where v.column_name not like '$%' and v.pos=1

go

--2
insert into  #tab_ddl
select ',' || '"' || v.column_name || '"', 20101+v.pos,v.constraint_name,2 from (select column_name, ( case when (select
count(column_name) from INFORMATION_SCHEMA.ANTS_Constraints cc,INFORMATION_SCHEMA.TABLE_CONSTRAINTS tc where
cc.table_name = ?
and cc.table_schema = ?
and cc.column_name like '$MultiColumn%'
and cc.CONSTRAINT_NAME = tc.CONSTRAINT_NAME
and tc.constraint_type='FOREIGN KEY') > 0 then (column_position - 1)
else column_position end ) as pos,tc.constraint_name from INFORMATION_SCHEMA.ANTS_Constraints cc,INFORMATION_SCHEMA.TABLE_CONSTRAINTS tc
where cc.table_name = ? and cc.table_schema = ?
and cc.CONSTRAINT_NAME = tc.CONSTRAINT_NAME
and tc.constraint_type='FOREIGN KEY')  v where v.column_name not like '$%' and v.pos>1

go

--3
insert into  #tab_ddl
select ')', 20301, tc.constraint_name, 3
from information_schema.table_constraints tc,
     information_schema.ANTS_CONSTRAINTS cc
where tc.table_name = ?
and tc.table_schema = ?
and  cc.table_name = tc.table_name
and tc.constraint_type='FOREIGN KEY'
and tc.constraint_name=cc.constraint_name
and column_position=1
order by 2,3,4

go

--4
insert into  #tab_ddl
select distinct ' REFERENCES ', 20401, tc.constraint_name, 4
from information_schema.table_constraints tc,
     information_schema.ANTS_CONSTRAINTS cc
where tc.table_name = ?
and tc.table_schema = ?
and tc.constraint_type='FOREIGN KEY'
and tc.constraint_name=cc.constraint_name
and column_position=1

go

--5
insert into  #tab_ddl
select distinct '"' || cc.table_name || '"', 20501, tc.constraint_name, 5
from information_schema.constraint_column_usage cc inner join information_schema.table_constraints tc on
(tc.constraint_name=cc.constraint_name)
where tc.table_name = ?
and tc.Table_Schema= ?
and tc.constraint_type='FOREIGN KEY'

go

--6
insert into  #tab_ddl
select '(' || '"' || cc.column_name || '"' , 20102, tc.constraint_name, 6
from information_schema.constraint_column_usage cc inner join information_schema.table_constraints tc on
(tc.constraint_name=cc.constraint_name) inner join information_schema.columns col
on (col.column_name=cc.column_name)
where tc.table_name = ?
and tc.table_schema = ?
and col.table_name in(select distinct cc.table_name
from information_schema.constraint_column_usage cc inner join information_schema.table_constraints tc on
(tc.constraint_name=cc.constraint_name)
where tc.table_name = ?
and tc.table_schema = ?
and tc.constraint_type='FOREIGN KEY')
and tc.constraint_type='FOREIGN KEY'
and col.ordinal_position = 1

go

--7
insert into  #tab_ddl
select ',' || '"' || cc.column_name || '"', 20103+col.ordinal_position, tc.constraint_name, 7
from information_schema.constraint_column_usage cc inner join information_schema.table_constraints tc on
(tc.constraint_name=cc.constraint_name) inner join information_schema.columns col
on (col.column_name=cc.column_name)
where tc.table_name = ?
and tc.table_schema = ?
and col.table_name in(select distinct cc.table_name
from information_schema.constraint_column_usage cc inner join information_schema.table_constraints tc on
(tc.constraint_name=cc.constraint_name)
where tc.table_name = ?
and tc.table_schema = ?
and tc.constraint_type='FOREIGN KEY')
and tc.constraint_type='FOREIGN KEY'
and col.ordinal_position > 1
order by 2,3,4

go

--8
insert into  #tab_ddl

select ')' , 20201, tc.constraint_name, 8
from information_schema.constraint_column_usage cc inner join information_schema.table_constraints tc on
(tc.constraint_name=cc.constraint_name) inner join information_schema.columns col
on (col.column_name=cc.column_name)
where tc.table_name = ?
and tc.table_schema = ?
and col.table_name in(select distinct cc.table_name
from information_schema.constraint_column_usage cc inner join information_schema.table_constraints tc on
(tc.constraint_name=cc.constraint_name)
where tc.table_name = ?
and tc.table_schema = ?
and tc.constraint_type = 'FOREIGN KEY')
and tc.constraint_type = 'FOREIGN KEY'
and col.ordinal_position = 1


go

--9
insert into  #tab_ddl

select
case update_rule
when 'NO ACTION' then ''
when 'CASCADE' then ' on update cascade'
when 'RESTRICT' then ' on update restrict'
end
 , 20101, tc.constraint_name, 9
from information_schema.referential_constraints rc inner join information_schema.table_constraints tc on
(tc.constraint_name=rc.constraint_name)
where tc.table_name = ?
and tc.table_schema = ?
and tc.constraint_type='FOREIGN KEY'


go

--10
insert into  #tab_ddl

select
case delete_rule
when 'NO ACTION' then ''
when 'CASCADE' then ' on delete cascade'
when 'RESTRICT' then ' on delete restrict'
end
 , 20101, tc.constraint_name, 10
from information_schema.referential_constraints rc inner join information_schema.table_constraints tc on
(tc.constraint_name=rc.constraint_name)
where tc.table_name = ?
and tc.table_schema = ?
and tc.constraint_type = 'FOREIGN KEY'

go
select * from #tab_ddl order by 3,4

			]]></sqlString>
			<paramList>
<param position="1" datatype="VARCHAR" value="WinSQL_SCHEMA"  tag="1"/>
<param position="2" datatype="VARCHAR" value="WinSQL_OBJNAME" tag="1"/>
<param position="3" datatype="VARCHAR" value="WinSQL_SCHEMA"  tag="1"/>
<param position="4" datatype="VARCHAR" value="WinSQL_OBJNAME" tag="1"/>
<param position="5" datatype="VARCHAR" value="WinSQL_OBJNAME" tag="1"/>
<param position="6" datatype="VARCHAR" value="WinSQL_SCHEMA"  tag="1"/>
<param position="7" datatype="VARCHAR" value="WinSQL_SCHEMA"  tag="1"/>
<param position="8" datatype="VARCHAR" value="WinSQL_OBJNAME" tag="1"/>
<param position="9" datatype="VARCHAR" value="WinSQL_OBJNAME" tag="1"/>
<param position="10" datatype="VARCHAR" value="WinSQL_SCHEMA"  tag="1"/>
<param position="11" datatype="VARCHAR" value="WinSQL_OBJNAME" tag="1"/>
<param position="12" datatype="VARCHAR" value="WinSQL_SCHEMA"  tag="1"/>
<param position="13" datatype="VARCHAR" value="WinSQL_OBJNAME" tag="1"/>
<param position="14" datatype="VARCHAR" value="WinSQL_SCHEMA"  tag="1"/>
<param position="15" datatype="VARCHAR" value="WinSQL_SCHEMA"  tag="1"/>
<param position="16" datatype="VARCHAR" value="WinSQL_OBJNAME" tag="1"/>
<param position="17" datatype="VARCHAR" value="WinSQL_OBJNAME" tag="1"/>
<param position="18" datatype="VARCHAR" value="WinSQL_SCHEMA"  tag="1"/>
<param position="19" datatype="VARCHAR" value="WinSQL_OBJNAME" tag="1"/>
<param position="20" datatype="VARCHAR" value="WinSQL_SCHEMA"  tag="1"/>
<param position="21" datatype="VARCHAR" value="WinSQL_OBJNAME" tag="1"/>
<param position="22" datatype="VARCHAR" value="WinSQL_SCHEMA"  tag="1"/>
<param position="23" datatype="VARCHAR" value="WinSQL_OBJNAME" tag="1"/>
<param position="24" datatype="VARCHAR" value="WinSQL_SCHEMA"  tag="1"/>
<param position="25" datatype="VARCHAR" value="WinSQL_OBJNAME" tag="1"/>
<param position="26" datatype="VARCHAR" value="WinSQL_SCHEMA"  tag="1"/>
<param position="27" datatype="VARCHAR" value="WinSQL_OBJNAME" tag="1"/>
<param position="28" datatype="VARCHAR" value="WinSQL_SCHEMA"  tag="1"/>
<param position="29" datatype="VARCHAR" value="WinSQL_OBJNAME" tag="1"/>
<param position="30" datatype="VARCHAR" value="WinSQL_SCHEMA"  tag="1"/>
<param position="31" datatype="VARCHAR" value="WinSQL_OBJNAME" tag="1"/>
<param position="32" datatype="VARCHAR" value="WinSQL_SCHEMA"  tag="1"/>
<param position="33" datatype="VARCHAR" value="WinSQL_OBJNAME" tag="1"/>
<param position="34" datatype="VARCHAR" value="WinSQL_SCHEMA"  tag="1"/>
<param position="35" datatype="VARCHAR" value="WinSQL_OBJNAME" tag="1"/>
<param position="36" datatype="VARCHAR" value="WinSQL_SCHEMA"  tag="1"/>
<param position="37" datatype="VARCHAR" value="WinSQL_OBJNAME" tag="1"/>
<param position="38" datatype="VARCHAR" value="WinSQL_SCHEMA"  tag="1"/>
<param position="39" datatype="VARCHAR" value="WinSQL_OBJNAME" tag="1"/>
<param position="40" datatype="VARCHAR" value="WinSQL_SCHEMA"  tag="1"/>
<param position="41" datatype="VARCHAR" value="WinSQL_OBJNAME" tag="1"/>
<param position="42" datatype="VARCHAR" value="WinSQL_SCHEMA"  tag="1"/>
<param position="43" datatype="VARCHAR" value="WinSQL_OBJNAME" tag="1"/>
<param position="44" datatype="VARCHAR" value="WinSQL_SCHEMA"  tag="1"/>
<param position="45" datatype="VARCHAR" value="WinSQL_OBJNAME" tag="1"/>
<param position="46" datatype="VARCHAR" value="WinSQL_SCHEMA"  tag="1"/>
			</paramList>
		</query>		
	</createTableDDL>
	
	
	
	
	<!-- The storedProcedure element tells WinSQL how to process a Stored procedure -->
	<storedProcedures supported="yes">
		<storedProcDDL supported="yes">
			<query>
				<sqlString><![CDATA[

select PROCEDURE_DEFINITION from information_schema.ANTS_PROCEDURE_DEFINITIONS where
procedure_schema = ? and procedure_name= ?
]]></sqlString>
				<paramList>
<param position="1" datatype="VARCHAR" value="WinSQL_SCHEMA"  tag="1"/>
<param position="2" datatype="VARCHAR" value="WinSQL_OBJNAME" tag="1"/>
				</paramList>
			</query>
		</storedProcDDL>
	</storedProcedures>
	<!-- 
	TRIGGERS

	 -->
	<triggers supported="yes">
		<!-- 
			The first element is for the retrieval of the SQL script that created the triggers.
			It must return 3 fields. 
			Field 1 - Trigger Name. If name is unknown, the query must return 'Not available'.
			Field 2 - Trigger Type. This can be either Insert, Update or Delete
			Field 3 - Trigger Text. This is the sql script that was used to create the trigger.
		 -->
		<triggerDDL  supported="yes">
			<query>
				<sqlString><![CDATA[
select TRIGGER_NAME,'I',Trigger_Definition from Information_Schema.Ants_Trigger_Definitions where TRIGGER_TABLE=?
				]]></sqlString>
				<paramList>
<param position="1" datatype="VARCHAR" value="WinSQL_OBJNAME" tag="1"/>


				</paramList>
			</query>
		</triggerDDL>
	</triggers>
	
	
	
	<explain supported="false">
	    <prereqTables4Explain />	    	
	    <prereqDDL4Explain />
	    
	    <explainQueryInsert>
	    </explainQueryInsert>
	    
	    <explainQueryDelete required="true">
	    </explainQueryDelete>
	    
	    <explainQuerySelect displayType="text"><![CDATA[
	    EXPLAIN $WINSQL_QUERY_STRING	    	
	    ]]>
	    </explainQuerySelect>	    
	</explain>
	
	
	
	<!-- Following is a list of extended elements.
		The immediate children of extendedNodes element MUST be a level1 element.
		The name of the element will appear as the header in the TreeView control
		
		Attribute description:
			name - This is the name that will appear in TreeView.
			displayType - This is where the result of the query will
						  get displayed. The possible values are:
						  
						  WinSQL_TreeView
						  WinSQL_GridView
						  WinSQL_ListView
						  WinSQL_TextView
						  
						  In case of WinSQL_TreeView, only the first column will
						  get displayed. 
						  
						  In case of WinSQL_ListView, only the first row of the
						  resultset will be displayed.
						  
						  In case of WinSQL_TextView, the text
						  will be tab delimited if more than one column is found.
			hasChildren - If yes, there can be another level node
	-->
	<extendedNodes>
		<extension level="1" name="Synonyms" displayType="WinSQL_TreeView" hasChildren="yes" useInDBDiff="no">	
			<query>
				<sqlString><![CDATA[
				select synonym_name from Information_schema.ants_synonyms		
				 ]]></sqlString>
				<!-- Level 1 extensions CANNOT HAVE ANY PARAMETERS  -->
				<paramList>	</paramList>
			</query>
			<extension level="2" name="Synonyms Details" displayType="WinSQL_ListView" hasChildren="no" useInDBDiff="no">	
				<query>
					<sqlString><![CDATA[
					select table_schema as "Owner Schema",table_name as "Owner Table or View" from Information_schema.ants_synonyms  where synonym_name = ?
					 ]]></sqlString>
					<paramList>
						<param position="1" datatype="VARCHAR" value="WinSQL_PARENTVALUE" tag="1"/>
					</paramList>
				</query>
			</extension> 
		</extension>
		<!-- Extension number 2 -->
		<extension level="1" name="Sequences" displayType="WinSQL_TreeView" hasChildren="yes" useInDBDiff="no">	
			<query>
				<sqlString><![CDATA[
				select Sequence_name from INFORMATION_SCHEMA.ANTS_SEQUENCES a		
				 ]]></sqlString>
				<!-- Level 1 extensions CANNOT HAVE ANY PARAMETERS  -->
				<paramList>	</paramList>
			</query>
			<extension level="2" name="Sequence Details" displayType="WinSQL_ListView" hasChildren="no" useInDBDiff="no">	
				<query>
					<sqlString><![CDATA[
					select Sequence_Owner as "Sequence Schema",Sequence_Name as "Sequence Name",
					min_value as "Minimum Value",max_value as "Maximum Value",
					start_value as "Start From",Increment_by as "Increment By",
					case cycle_flag
					when 1 then 'Yes'
					else 'No'
					end as "Cycle Numbers"
					from INFORMATION_SCHEMA.ANTS_SEQUENCES a  where sequence_name = ?
					 ]]></sqlString>
					<paramList>
						<param position="1" datatype="VARCHAR" value="WinSQL_PARENTVALUE" tag="1"/>
					</paramList>
				</query>
			</extension> 
		</extension>
		<!-- Extension number 3 -->
		<extension level="1" name="Current sessions" displayType="WinSQL_GridView" hasChildren="no" useInDBDiff="yes">	
			<query>
				<sqlString><![CDATA[
					select * from information_schema.ants_sessions
				 ]]></sqlString>
				<!-- Level 1 extensions CANNOT HAVE ANY PARAMETERS  -->
				<paramList>	</paramList>
			</query>
		</extension>	
		<!-- Extension number 4 -->
	   	<extension level="1" name="Check Constraints" displayType="WinSQL_TreeView" hasChildren="yes" useInDBDiff="yes">	
				<query>
					<sqlString><![CDATA[
					select Constraint_name from INFORMATION_SCHEMA.CHECK_CONSTRAINTS c				
					 ]]></sqlString>
					<!-- No parameters for rules  -->
					<paramList>	</paramList>
				</query>
				<extension level="2" name="Check constraints details" displayType="WinSQL_ListView" hasChildren="no" useInDBDiff="yes">	
					<query>
						<sqlString><![CDATA[
						select information_schema.constraint_column_usage.table_name,information_schema.check_constraints.check_clause
						from information_schema.constraint_column_usage,
						information_schema.check_constraints
						where information_schema.check_constraints.constraint_name = ?
						and information_schema.constraint_column_usage.constraint_name = information_schema.check_constraints.constraint_name	
						 ]]></sqlString>
						<paramList>
						<param position="1" datatype="VARCHAR" value="WinSQL_PARENTVALUE"  tag="1"/>
						</paramList>
					</query>
				</extension> 
	   	</extension>
	</extendedNodes>
	
	<parameters>
            <parameter name="RequireParenInSPIfNoParam" value="yes" />
	    <parameter name="FetchParentRelationship" value="yes" />
	    <parameter name="FetchDependentRelationship" value="yes" />
        </parameters>
	
	
	 <adminTasks>

        <adminTask appliesTo="WinSql_INDEX"
                    id="WinSQL_NewIndex"
                    name="Create New Index"
                    promptType="Dialog" templateType="preDefined"
                    title="New index wizard"
                    menuSeperator="0">
            <sqlString><![CDATA[CREATE ? INDEX ? ON ? 
     (?) 


                ]]></sqlString>

            <paramList>

                <param position="1" paramType="Option" value="UNIQUE" mandatory="false"  control="checkbox" bounds="100,100, 200, 20" label="Unique" labelBounds="-1" prefixValue="" postfixValue="" separator="" enclosedStart="" enclosedEnd="" tabOrder="6" hint="Check to create a unique index" />
                <param position="2" paramType="Textbox" value="" mandatory="true"  control="editbox" bounds="100, 10, 200, 20" label="Index Name" labelBounds="5, 10, 90, 20" prefixValue="" postfixValue="" separator="" enclosedStart="" enclosedEnd="" tabOrder="1" hint="The name of index to be created. This is a mandatory field." />
                <param position="3" paramType="ParentText" value="WinSQL_FULLOBJNAME" mandatory="true" control="label" bounds="0, 0, 0, 0" label="" prefixValue="" postfixValue=""  separator="" enclosedStart=""   tabOrder="" hint="" />
                <param position="4" paramType="ParentPickList" value="WinSQL_TABLEFIELDS" mandatory="true" control="checklistbox" bounds="100, 35, 200, 60" label="Fields" labelBounds="5, 35, 90, 60"  prefixValue="" postfixValue=""  separator="," enclosedStart=""  enclosedEnd=""  tabOrder="2" hint=" The name of a column of the table." />

            </paramList>


        </adminTask>




        <adminTask appliesTo="WinSql_New_User"
                    id="WinSQL_NewUser"
                    name="New User"
                    promptType="Dialog" templateType="custom"
                    title="Create User"
                    menuSeperator="0">
            <sqlString><![CDATA[ 
				CREATE USER ? identified by ?
                ]]></sqlString>

            <paramList>

		    <param position="1" paramType="Textbox" value="" mandatory="true"  control="editbox" bounds="100, 10, 200, 20" label="User Name" labelBounds="5, 10, 90, 20" prefixValue="" postfixValue="" separator="" enclosedStart="" enclosedEnd="" tabOrder="1" hint="The new user login name." />
		    <param position="2" paramType="Textbox" value="" mandatory="true"  control="editbox" bounds="100, 35, 200, 20" label="Password" labelBounds="5, 35, 90, 20" prefixValue="" postfixValue="" separator="" enclosedStart="" enclosedEnd="" tabOrder="2" hint="The new user password." />
            </paramList>


        </adminTask>

        <adminTask appliesTo="WinSql_New_Sequence"
                    id="WinSQL_New_Sequence"
                    name="Create new sequence"
                    promptType="Dialog" templateType="custom"
                    title="Create new sequence"
                    menuSeperator="0">
            <sqlString><![CDATA[ 
				CREATE  SEQUENCE ? ?
    				? ?
    				? ? ?
                ]]></sqlString>

            <paramList>

		    <param position="1" paramType="Textbox" value="" mandatory="true"  control="editbox" bounds="100, 10, 200, 20" label="Sequence Name" labelBounds="5, 10, 90, 20" prefixValue="" postfixValue="" separator="" enclosedStart="" enclosedEnd="" tabOrder="1" hint="The name of the sequence to be created." />
		    <param position="2" paramType="Textbox" value="" mandatory="false"  control="editbox" bounds="100, 35, 200, 20" label="Increment By" labelBounds="5, 35, 90, 20" prefixValue=" INCREMENT BY " postfixValue="" separator="" enclosedStart="" enclosedEnd="" tabOrder="2" hint="Specifies which value is added to the current sequence value to create a new value." />
		    <param position="3" paramType="Textbox" value="" mandatory="false"  control="editbox" bounds="100, 60, 200, 20" label="Minimum Value" labelBounds="5, 60, 90, 20" prefixValue=" MINVALUE " postfixValue="" separator="" enclosedStart="" enclosedEnd="" tabOrder="3" hint="Determines the minimum value a sequence can generate." />
 		    <param position="4" paramType="Textbox" value="" mandatory="false"  control="editbox" bounds="100, 85, 200, 20" label="Maximum Value" labelBounds="5, 85, 90, 20" prefixValue=" MAXVALUE " postfixValue="" separator="" enclosedStart="" enclosedEnd="" tabOrder="4" hint="Determines the maximum value for the sequence." />
		    <param position="5" paramType="Textbox" value="" mandatory="false"  control="editbox" bounds="100, 110, 200, 20" label="Start with" labelBounds="5, 110, 90, 20" prefixValue="  START WITH " postfixValue="" separator="" enclosedStart="" enclosedEnd="" tabOrder="5" hint="The value from which to start generating numbers." />
		    <param position="6" paramType="Textbox" value="" mandatory="false"  control="editbox" bounds="100, 135, 200, 20" label="Cache Numbers" labelBounds="5, 135, 90, 20" prefixValue=" CACHE " postfixValue="" separator="" enclosedStart="" enclosedEnd="" tabOrder="6" hint="Preallocates and stored numbers in memory for faster access." />
		    <param position="7" paramType="PickList" value=" |CYCLE|NO CYCLE" mandatory="false" control="combobox" bounds="100, 160, 200, 20" label="Cycle numbers" labelBounds="5, 160, 90, 20"  prefixValue="" postfixValue=""  separator="" enclosedStart=""  enclosedEnd=""  tabOrder="7" hint="This option allows the sequence to wrap around when the maxvalue or minvalue has been reached." />

            </paramList>


        </adminTask>

    </adminTasks>

	
</WinSQLDatabaseType>