<?xml version="1.0" encoding="iso-8859-1" ?>

<!-- 
Following variables are considered as keyword by WinSQL and can appear either in 
elements or attribute values.


WinSQL_SCHEMA			  __ Owner of the object. Will get replaced at run time automatically
WinSQL_OBJNAME		  __ Any object. Could be table, view, trigger, stored procedure, etc.
WinSQL_FULLOBJNAME  __ Any object. This is a combination of schema and objName separated by a dot
WinSQL_PARENTVALUE  __ This is the value returned by the parent query. Is only used in the extension
                       where level is 2.  



	dbName -
		is the Name of the database. This name should be the DBMS Name 
		returned by the ODBC driver. It should match the "DBMS Name" value
		in WinSQL catalog window. WinSQL uses this information to associate
		plugin files to a database. If this information is incorrect, WinSQL
		will not automatically select the Plugin type in the connection window.
	
	dbAlias -
		This is a friendly name for this plugin. This is what appears on the connection
		window.
	 -->
<WinSQLDatabaseType dbName="DB2/NT|UDB DB2 for Windows" dbAlias="IBM DB2/UDB" version="3.8">
	<view supported="yes">
		<viewDDL supported="yes">
			<query>
				<sqlString><![CDATA[select TEXT from SYSCAT.VIEWS where VIEWSCHEMA = ? and VIEWNAME = ? ]]></sqlString>
				<paramList>
					<param position="1" datatype="VARCHAR" value="WinSQL_SCHEMA" tag="1"/>
					<param position="2" datatype="VARCHAR" value="WinSQL_OBJNAME" tag="1"/>
				</paramList>
			</query>
		</viewDDL>
	</view>
	
	<dropIndexDDL supported="yes">		
		<query>
			<sqlString><![CDATA[DROP INDEX ? ]]></sqlString>
			<paramList>
				<param position="1" datatype="INTEGER" value="WinSQL_INDEXNAME"  tag="1"/>					
			</paramList>
		</query>		
	</dropIndexDDL>
	
	
	<indexDetails supported="yes">
	    <query>
		<sqlString encrypted="true"><![CDATA[@@/@#@qiuhrhm@RHU@@@@
/@#@qiuhtub@RHU@@@@
/@#@uiqnsctub@QDQN9
cq3qrhm>busc4c@IGDP
"HG@RQBSQJJGS@CSMBCMBUBc"@CU@qimb_cbubc@@@@@@@
<"HG@RQBUQDs"@CU@qimb_qbuqds@@@@@@@
<"OUDPQR@QDGPQT@-@HMi"@CU@rqcabsfhmi@@@@@@@
<"CHUSc@QCDQ0Qd"@CU@rhq@@@@@@@
'RQ9GJJU@bgh@QDU@CHUSC@QCDQ0Qd'@qcjq@@@@@@@@@@@@
'RQ9GJJU@QDU@CHUSC@QCDQ0Qd'@hqnb@'4'@hqn2@@@@@@@@@@@@
chusc_qcdq1qd@qcus@@@@@@@
<"QQDp@BHQSDQf"@CU@rhq@@@@@@@
[[Z]DUNS@CU@qqdpbsf]bcus@qcjq@@@@@@@@@@@@
'RQMPMSQFC@BGh'@hqnb@V%@hqn2@@@@@@@@@@@@
qqdpbsf@qcus@@@@@@@

<"QF7b@8QRHm"@CU@rhq@@@@@@@
'H9GHKHa'@qcjq@@@@@@@@@@@@
'8QRHM@KSGJt'@hqnb@'kgjt'@hqn2@@@@@@@@@@@@
'8QRHM@KSGJT@HGMCHQIMr'@hqnb@'imr'@hqn2@@@@@@@@@@@@
'DUJAOQd'@hqnb@'oqd'@hqn2@@@@@@@@@@@@
'OHMDQBCAJs'@hqnb@'cajs'@hqn2@@@@@@@@@@@@
qf4b3qrhm@qcus@@@@@@@
		
<"kf@NBM9@RQBUMSGCCu"@CU@rhq@@@@@@@
'Gh'@qcjq@@@@	
'CQ4'@hqnb@'f'@hqn2@@@@@@@@@@@@
qjadqaemha@qcus@@@@@@@
@BSQJQC]]>
		</sqlString>
		<paramList>
			<param position="1" datatype="VARCHAR" value="WinSQL_SCHEMA"  tag="3"/>
			<param position="2" datatype="VARCHAR" value="WinSQL_OBJNAME"  tag="2"/>
			<param position="3" datatype="VARCHAR" value="WinSQL_INDEXNAME"  tag="1"/>						
		</paramList>
	    </query>
	</indexDetails>
	
	
	
	<createTableDDL supported="yes"> 				
		<query>
			<sqlString postProcessor="1" encrypted="true"><![CDATA[

X@<W@7T@DQRDG
@@@@
@@@@
/@#@qiuh_qjtubkp@RHU@@@@
/@#@iqnsc_qjtubkp@RHU@@@@
V@#@eqc_4qk@qdqn2
VB@c4qkhomqdgpjec>itmc4c@igdp
vZ@$@eqc_4qk@<qiuh_kp	
@<[vV]dns@||@[XV]dns@||@'-DGBUHMIDQb7DQAe_DU1jecHM2-'@||@[vV]dns@||@[XV]dns@BSQJQC

hgmha
@@@@

/@#@qiuh_qjtubkp@RHU@@@@
/@#@iqnsc_qjtubkp@RHU@@@@
V@#@eqc_4qk@qdqn2
VB@c4qkhomqdgpjec>itmc4c@igdp
vX@$@eqc_4qk@<qiuh_kp	
@<[vV]dns@||@[XV]dns@||@'rqsdgphq'@||@[vV]dns@||@[XV]dns@||	
rhq	
'hgmbsu@gh@qburfa@hg'@hqnb@X@hqn2@@@@	
'jjah@bqc@qburfa@hg'@hqnb@W@hqn2@@@@	
'bsmdbcqd@qburfa@hg'@hqnb@V@hqn2@@@@	
'qruscus@qburfa@hg'@hqnb@v@hqn2@@@@	
qjad_qburfa@qcus	
||@[vV]dns@||@[XV]dns@||	
rhq	
'hgmbsu@gh@qbqjqr@hg'@hqnb@X@hqn2@@@@	
'jjah@bqc@qbqjqr@hg'@hqnb@W@hqn2@@@@	
'bsmdbcqd@qbqjqr@hg'@hqnb@V@hqn2@@@@	
'qruscus@qbqjqr@hg'@hqnb@v@hqn2@@@@	
qjad_qbqjqr@qcus	
@||@[vV]dns@||@[XV]dns@BSQJQC

hgmha
@@@@@@@@


@@@@
@@@@

/@#@qiuh_qjtubkp@RHU@@@@
/@#@iqnsc_qjtubkp@RHU@@@@
[qiuh_kp>WB@#@qiuh_kp>VB@QDQN9@@@@@@@@@@@@@@@@@
WB@c4qkhomqdgpjec>itmc4c@igdp@[eqc_4qk]BHAGS@BSQJQC]@#@V@qdqn2
VB@c4qkhomqdgpjec>itmc4c@igdp
vW@$@eqc_4qk@<qiuh_kp	
@<'["'@||@qiuh_hiajgskf@||@'"@@@@@@@@'@BSQJQC

hgmha

/@#@qiuh_qjtubkp@RHU@@@@
/@#@iqnsc_qjtubkp@RHU@@@@
[qiuh_kp>WB@#@qiuh_kp>VB@QDQN9@@@@@@@@@@@@@@@@@
WB@c4qkhomqdgpjec>itmc4c@igdp@[eqc_4qk]8UI@BSQJQC]@#@eqc_4qk@RHU@V@.@eqc_4qk@qdqn2
VB@c4qkhomqdgpjec>itmc4c@igdp
vW@$@eqc_4qk@<qiuh_kp	
@<'["'@||@qiuh_hiajgskf@||@'"<@@@@@@@'@BSQJQC

hgmha

/@#@qiuh_qjtubkp@RHU@@@@
/@#@iqnsc_qjtubkp@RHU@@@@
[qiuh_kp>WB@#@qiuh_kp>VB@QDQN9@@@@@@@@@@@@@@@@@
WB@c4qkhomqdgpjec>itmc4c@igdp@[eqc_4qk]8UI@BSQJQC]@,@eqc_4qk@RHU@V@.@eqc_4qk@qdqn2
VB@c4qkhomqdgpjec>itmc4c@igdp
vW@$@eqc_4qk@<qiuh_kp@<@'"'@||@qiuh_hiajgskf@||@'"<@@@@@@@'@BSQJQC

hgmha

/@#@qiuh_qjtubkp@RHU@@@@
/@#@iqnsc_qjtubkp@RHU@@@@
[qiuh_kp>WB@#@qiuh_kp>VB@QDQN9@@@@@@@@@@@@@@@@@
WB@c4qkhomqdgpjec>itmc4c@igdp@[eqc_4qk]8UI@BSQJQC]@,@eqc_4qk@RHU@V@#@eqc_4qk@qdqn2
VB@c4qkhomqdgpjec>itmc4c@igdp
vW@$@eqc_4qk@<qiuh_kp@<'"'@||@qiuh_hiajgskf@||@'"@@@@@@@@'@BSQJQC
hgmha

/@#@qiuh_qjtubkp@RHU@@@@
/@#@iqnsc_qjtubkp@RHU@@@@
[qiuh_kp>WB@#@qiuh_kp>VB@QDQN9@@@@@@@@@@@@@@@@@
WB@c4qkhomqdgpjec>itmc4c@igdp@[eqc_4qk]BHAGS@BSQJQC]@#@V@qdqn2
VB@c4qkhomqdgpjec>itmc4c@igdp
eqc_4qk@<qiuh_kp@<@'@]@"'@||@qiuh_qjtubkf@||@'"@cqshqdqpqd@['@BSQJQC

hgmha
/@#@qiuh_qjtubkp@RHU@@@@
/@#@iqnsc_qjtubkp@RHU@@@@
[qiuh_kp>WB@#@qiuh_kp>VB@QDQN9@@@@@@@@@@@@@@@@@
WB@c4qkhomqdgpjec>itmc4c@igdp@[eqc_4qk]8UI@BSQJQC]@#@eqc_4qk@RHU@@@@
V@.@eqc_4qk@qdqn2
VB@c4qkhomqdgpjec>itmc4c@igdp
eqc_4qk@<qiuh_kp@<@'@]@"'@||@qiuh_qjtubkf@||@'"@@@cqshqdqpqd@["'@||@qiuh_hiajgskp@||@'"@@@<'@BSQJQC

hgmha
/@#@qiuh_qjtubkp@RHU@@@@
/@#@iqnsc_qjtubkp@RHU@@@@
[qiuh_kp>WB@#@qiuh_kp>VB@QDQN9@@@@@@@@@@@@@@@@@
WB@c4qkhomqdgpjec>itmc4c@igdp@[eqc_4qk]8UI@BSQJQC]@,@eqc_4qk@RHU@@@@
V@.@eqc_4qk@qdqn2
VB@c4qkhomqdgpjec>itmc4c@igdp
eqc_4qk@<qiuh_kp@<'"'@||@qiuh_hiajgskp@||@'"@@@<'@BSQJQC
hgmha

/@#@qiuh_qjtubkp@RHU@@@@
/@#@iqnsc_qjtubkp@RHU@@@@
V@#@eqc_4qk@qdqn2
c4qkhomqdgpjec>itmc4c@igdp
V@%@eqc_4qk@<qiuh_kp@<'"'@||@qiuh_hiajgskp@||@'"]@4qk@homqdgp@rru@@@@'@||@@@@
[vV]dns@||@[XV]dns@||@'"'@||@/@||@'">"'@||@/@||@'"@qjtub@dqbju'@BSQJQC


-DGBUHMIDQb7DQAe_DU1jecHM2-




W@7T@DQRDG
				
[/@#@qiuhtub>WB@RHU@@@@@@@@@@@@@@@@@@@@@@@@@@@@@@@@
/@#@uiqnsctub>WB@QDQN9@@@@@@@@@@@@@@@@@@@@@@@@@@@@
WB@chiajgs>busc4c@IGDP@[EQC7QK>WB]BHAGS@BSQJQC]@#@V@RHU
/@#@qiuhtub@RHU
/@#@uiqnsctub@RHU
jjah@bgh@CM@eqc4qk@qdqn2
S@chiajgs>busc4c@igdp
vW@$@eqc4qk@<@[vV]dns@||@[XV]dns@||@'-DGBUHMIDQb7DQAe_DU1jecHM2-'@||@[vV]dns@||@[XV]dns@||@'['@BSQJQC

hgmha
				
['jggbut'@#@qiuhtub>WB@RHU@@@@@@@@@@@@@@@@@@@@@@@@@@@@@@@@
'nhudim'@#@uiqnsctub>WB@QDQN9@@@@@@@@@@@@@@@@@@@@@@@@@@@@
WB@chiajgs>busc4c@IGDP@[EQC7QK>WB]8UI@BSQJQC]@#@eqc4qk@RHU@V@.@eqc4qk@RHU
/@#@qiuhtub@RHU
/@#@uiqnsctub@RHU
jjah@bgh@CM@eqc4qk@qdqn2
S@chiajgs>busc4c@igdp
eqc4qk@<[vV]dns@||@[XV]dns@||@'-DGBUHMIDQb7DQAe_DU1jecHM2-'@||@[vV]dns@||@[XV]dns@||@'["'@||@qiuhjgs@||@'"@@@<'@BSQJQC
hgmha
['jggbut'@#@qiuhtub>WB@RHU@@@@@@@@@@@@@@@@@@@@@@@@@@@@@@@@
'nhudim'@#@uiqnsctub>WB@QDQN9@@@@@@@@@@@@@@@@@@@@@@@@@@@@
WB@chiajgs>busc4c@IGDP@[EQC7QK>WB]8UI@BSQJQC]@,@eqc4qk@RHU@V@.@eqc4qk@RHU
/@#@qiuhtub@RHU
/@#@uiqnsctub@RHU
jjah@bgh@CM@eqc4qk@qdqn2
S@chiajgs>busc4c@igdp
eqc4qk@<@'"'@||@qiuhjgs@||@'"@@@<'@BSQJQC
hgmha
V@#@eqc4qk@RHU
/@#@qiuhtub@RHU
/@#@uiqnsctub@RHU
jjah@bgh@CM@eqc4qk@qdqn2
S@chiajgs>busc4c@igdp
eqc4qk@<"JGsBCDMp"@CU@'"'@||@qiuhjgs@||@'"]@4qk@4duimdf@rru@@@@'@||@[vV]dns@@@@
||@[XV]dns@||@'"'@||@/@||@'">"'@||@/@||@'"@qjtub@dqbju'@BSQJQC



-DGBUHMIDQb7DQAe_DU1jecHM2-

V4iiarc4c>itmc4c@IGDP
[vV]dns@||@[XV]dns@||@'-DGBUHMIDQb7DQAe_DU1jecHM2-'@||@[vV]dns@||@[XV]dns@BSQJQC

-DGBUHMIDQb7DQAe_DU1jecHM2-


W@7T@DQRDG


/@#@qiuhtub>B@rhu@/@#@uiqnsctub>B@rhu
rmqsufctb>VB@#@rmqsufctb>B@qdqn2
VB@cqsufcqjtub>busc4c@<B@cqjtub>busc4c@igdp
vvvvV@<'"'@||@qsufctb>VB@||@'"@hm@['@bsqjqc

hgmha

v@.@ghjgs@RHU
/@#@qiuhtub@rhu@/@#@uiqnsctub@QDQN9
chiajgs>busc4c@IGDp
ghjgs@<
rhq@@@@
''@qcjq@@@@@@@@
bjaupqr@||@'@bjaupqr@'@hqnb@jjah@bgh@cm@"bjaupqr"@hqn2@qcus@@@@
||@@@@
rhq@@@@
''@qcjq	
'@4bmbhqrm@cu@bjaupqr@4t@'@hqnb@'r'@hqn2	
'@4bmbhqrm@cu@c4u2ju@'@hqnb@'u'@hqn2	@@@@
rqbudqhqo@qcus@@@@
@@@@
||@@@@
@@@@
rhq@@@@
''@qcjq	
'@rqbudqhqo@'@hqnb@'4'@hqn2	
''@hqnb@'h'@hqn2@@@@@@@@
4bmbhqrm@qcus@@@@
||@@@@
rhq@@@@
'@jjah@bgh@'@qcjq@@@@@@@@
''@hqnb@'4'@hqn2@@@@@@@@
cjjah@qcus@@@@
||@@@@
rhq@@@@
'@'@qcjq@@@@@@@@
'['@||@[[[vV]dqbsuduns@cu@qjusc]bcus]imdbd@||@'@<'@||@[[[vV]dqbsuduns@cu@nbohqj]bcus]imdbd@||@']'@hqnb@'juimsqr'@hqn2@@@@@@@@
'['@||@[[[vV]dqbsuduns@cu@qjusc]bcus]imdbd@||@'@<'@||@[[[vV]dqbsuduns@cu@nbohqj]bcus]imdbd@||@']'@hqnb@'smdqiah'@hqn2@@@@@@@@
'['@||@[[[vV]dqbsuduns@cu@nbohqj]bcus]imdbd@||@']'@hqnb@'tgjs'@hqn2@@@@@@@@
'['@||@[[[vV]dqbsuduns@cu@nbohqj]bcus]imdbd@||@']'@hqnb@'tgjt'@hqn2@@@@@@@@
'['@||@[[[vV]dqbsuduns@cu@nbohqj]bcus]imdbd@||@']'@hqnb@'tgjstr'@hqn2@@@@@@@@
'['@||@[[[vV]dqbsuduns@cu@nbohqj]bcus]imdbd@||@']'@hqnb@'dqbsuduns'@hqn2@@@@@@@@
'['@||@[[[vV]dqbsuduns@cu@nbohqj]bcus]imdbd@||@']'@hqnb@'dunsdu1'@hqn2@@@@@@@@
qiuhqf4b@qcus@@@@

bushgs@qiuhqf4b@||@'@"'@||@qiuhjgs@||@'"@@@<'@BSQJQC
hgmha

v@#@ghjgs@RHU
/@#@qiuhtub@rhu@/@#@uiqnsctub@QDQN9
chiajgs>busc4c@IGDp
ghjgs@<
rhq@@@@
''@qcjq@@@@@@@@
bjaupqr@||@'@bjaupqr@'@hqnb@jjah@bgh@cm@"bjaupqr"@hqn2@qcus@@@@
||@@@@
rhq@@@@
''@qcjq	
'@4bmbhqrm@cu@bjaupqr@4t@'@hqnb@'r'@hqn2	
'@4bmbhqrm@cu@c4u2ju@'@hqnb@'u'@hqn2	@@@@
rqbudqhqo@qcus@@@@
@@@@
||@@@@
@@@@
rhq@@@@
''@qcjq	
'@rqbudqhqo@'@hqnb@'4'@hqn2	
''@hqnb@'h'@hqn2@@@@@@@@
4bmbhqrm@qcus@@@@
||@@@@
rhq@@@@
'@jjah@bgh@'@qcjq@@@@@@@@
''@hqnb@'4'@hqn2@@@@@@@@
cjjah@qcus@@@@
||@@@@
rhq@@@@
'@'@qcjq@@@@@@@@
'['@||@[[[vV]dqbsuduns@cu@qjusc]bcus]imdbd@||@'@<'@||@[[[vV]dqbsuduns@cu@nbohqj]bcus]imdbd@||@']'@hqnb@'juimsqr'@hqn2@@@@@@@@
'['@||@[[[vV]dqbsuduns@cu@qjusc]bcus]imdbd@||@'@<'@||@[[[vV]dqbsuduns@cu@nbohqj]bcus]imdbd@||@']'@hqnb@'smdqiah'@hqn2@@@@@@@@
'['@||@[[[vV]dqbsuduns@cu@nbohqj]bcus]imdbd@||@']'@hqnb@'tgjs'@hqn2@@@@@@@@
'['@||@[[[vV]dqbsuduns@cu@nbohqj]bcus]imdbd@||@']'@hqnb@'tgjt'@hqn2@@@@@@@@
'['@||@[[[vV]dqbsuduns@cu@nbohqj]bcus]imdbd@||@']'@hqnb@'tgjstr'@hqn2@@@@@@@@
'['@||@[[[vV]dqbsuduns@cu@nbohqj]bcus]imdbd@||@']'@hqnb@'dqbsuduns'@hqn2@@@@@@@@
'['@||@[[[vV]dqbsuduns@cu@nbohqj]bcus]imdbd@||@']'@hqnb@'dunsdu1'@hqn2@@@@@@@@
qiuhqf4b@qcus@@@@

bushgs@qiuhqf4b@||@'@"'@||@qiuhjgs@||@'"@@@@'@BSQJQC

hgmha

V4iiarc4c>itmc4c@IGDP
V%@<BIBc@CU@']"'@||@/@||@'">"'@||@/@||@'"@qjtub@qbuqds'@BSQJQC



			
			]]></sqlString>
			<paramList>
				<param position="1" datatype="VARCHAR" value="WinSQL_SCHEMA"  tag="1"/>		
				<param position="2" datatype="VARCHAR" value="WinSQL_OBJNAME"  tag="1"/>	
				<param position="3" datatype="VARCHAR" value="WinSQL_SCHEMA"  tag="1"/>		
				<param position="4" datatype="VARCHAR" value="WinSQL_OBJNAME"  tag="1"/>
				<param position="5" datatype="VARCHAR" value="WinSQL_SCHEMA"  tag="1"/>		
				<param position="6" datatype="VARCHAR" value="WinSQL_OBJNAME"  tag="1"/>	
				<param position="7" datatype="VARCHAR" value="WinSQL_SCHEMA"  tag="1"/>		
				<param position="8" datatype="VARCHAR" value="WinSQL_OBJNAME"  tag="1"/>				
				<param position="9" datatype="VARCHAR" value="WinSQL_SCHEMA"  tag="1"/>		
				<param position="10" datatype="VARCHAR" value="WinSQL_OBJNAME"  tag="1"/>	
				<param position="11" datatype="VARCHAR" value="WinSQL_SCHEMA"  tag="1"/>		
				<param position="12" datatype="VARCHAR" value="WinSQL_OBJNAME"  tag="1"/>
				<param position="13" datatype="VARCHAR" value="WinSQL_SCHEMA"  tag="1"/>		
				<param position="14" datatype="VARCHAR" value="WinSQL_OBJNAME"  tag="1"/>	
				<param position="15" datatype="VARCHAR" value="WinSQL_SCHEMA"  tag="1"/>		
				<param position="16" datatype="VARCHAR" value="WinSQL_OBJNAME"  tag="1"/>
				<param position="17" datatype="VARCHAR" value="WinSQL_SCHEMA"  tag="1"/>		
				<param position="18" datatype="VARCHAR" value="WinSQL_OBJNAME"  tag="1"/>
				<param position="19" datatype="VARCHAR" value="WinSQL_SCHEMA"  tag="1"/>		
				<param position="20" datatype="VARCHAR" value="WinSQL_OBJNAME"  tag="1"/>
				
				<param position="21" datatype="VARCHAR" value="WinSQL_SCHEMA"  tag="1"/>		
				<param position="22" datatype="VARCHAR" value="WinSQL_OBJNAME"  tag="1"/>	
				<param position="23" datatype="VARCHAR" value="WinSQL_SCHEMA"  tag="1"/>		
				<param position="24" datatype="VARCHAR" value="WinSQL_OBJNAME"  tag="1"/>
				<param position="25" datatype="VARCHAR" value="WinSQL_SCHEMA"  tag="1"/>		
				<param position="26" datatype="VARCHAR" value="WinSQL_OBJNAME"  tag="1"/>	
				<param position="27" datatype="VARCHAR" value="WinSQL_SCHEMA"  tag="1"/>		
				<param position="28" datatype="VARCHAR" value="WinSQL_OBJNAME"  tag="1"/>				
				<param position="29" datatype="VARCHAR" value="WinSQL_SCHEMA"  tag="1"/>		
				<param position="30" datatype="VARCHAR" value="WinSQL_OBJNAME"  tag="1"/>	
				<param position="31" datatype="VARCHAR" value="WinSQL_SCHEMA"  tag="1"/>		
				<param position="32" datatype="VARCHAR" value="WinSQL_OBJNAME"  tag="1"/>
				<param position="33" datatype="VARCHAR" value="WinSQL_SCHEMA"  tag="1"/>		
				<param position="34" datatype="VARCHAR" value="WinSQL_OBJNAME"  tag="1"/>	
				<param position="35" datatype="VARCHAR" value="WinSQL_SCHEMA"  tag="1"/>		
				<param position="36" datatype="VARCHAR" value="WinSQL_OBJNAME"  tag="1"/>
				<param position="37" datatype="VARCHAR" value="WinSQL_SCHEMA"  tag="1"/>		
				<param position="38" datatype="VARCHAR" value="WinSQL_OBJNAME"  tag="1"/>
				<param position="39" datatype="VARCHAR" value="WinSQL_SCHEMA"  tag="1"/>		
				<param position="40" datatype="VARCHAR" value="WinSQL_OBJNAME"  tag="1"/>
				<param position="41" datatype="VARCHAR" value="WinSQL_SCHEMA"  tag="1"/>		
				<param position="42" datatype="VARCHAR" value="WinSQL_OBJNAME"  tag="1"/>
				
			</paramList>
		</query>		
	</createTableDDL>
	
	
	
	
	
	<createIndexDDL supported="yes">
		<query>
		<sqlString postProcessor="2" encrypted="true"><![CDATA[

/@#@qiuhrhm>M@RHU@@@@
/@#@qiuhtub>M@RHU@@@@
/@#@uiqnsctub>M@qdqn2
M@cq3qrhm>busc4c@igdp
vZ@<@@@@
rhq@@@@
''@qcjq@@@@@@@@
'@chusc@qcdq1qd@2gjjucmr'@hqnb@'h'@hqn2@@@@@@@@
'@chusc@qcdq1qd@2gjju'@hqnb@'4'@hqn2@@@@@@@@
chusc_qcdq1qd@qcus@@@@
||@@@@
rhq@@@@
''@qcjq@@@@@@@@
'@'@||@[[[Z]duns@cu@rqcabsfhmi]bcus]imdbd@||@'@rqcabsfhmi'@hqnb@v@.@rqcabsfhmi@hqn2@qcus@@@@
||@@@@
rhq@@@@
''@qcjq@@@@@@@@@
'@'@||@[[[Z]duns@cu@qqdpbsf]bcus]imdbd@||@'@qqdpbsf'@hqnb@v@.@qqdpbsf@hqn2@qcus@@@@
||@@@@
rhq@@@@
''@qcjq@@@@@@@@
'@dqbcajs'@hqnb@'cajs'@hqn2@@@@@@@@
qf4b3qrhm@qcus@@@@
||@'@@@@-jh_DU1jecHM2-['@BSQJQC

hgmha
V@.@eqcjgs@RHU@@@@
uiqnscrhm>M@#@uiqnscrhm>S@RHU@@@@
qiuhrhm>M@#@qiuhrhm>S@RHU@@@@
/@#@qiuhrhm>M@RHU@@@@
/@#@qiuhtub>M@RHU@@@@
/@#@uiqnsctub>M@qdqn2
S@qcajgs3qrhm>busc4c@<M@cq3qrhm>busc4c@igdp
eqcjgs@<rhq@@@@
''@qcjq@@@@@@@@
'scqr@'@hqnb@'r'@hqn2@@@@@@@@
'scu@'@hqnb@'u'@hqn2@@@@@@@@
dqrdgjgs@qcus@@@@
||@'"'@||@qiuhjgs@||@'"<'@bsqjqc

hgmha
V@#@eqcjgs@RHU@@@@
uiqnscrhm>M@#@uiqnscrhm>S@RHU@@@@
qiuhrhm>M@#@qiuhrhm>S@RHU@@@@
/@#@qiuhrhm>M@RHU@@@@
/@#@qiuhtub>M@RHU@@@@
/@#@uiqnsctub>M@qdqn2
S@qcajgs3qrhm>busc4c@<M@cq3qrhm>busc4c@igdp
eqcjgs@<rhq@@@@
''@qcjq@@@@@@@@
'scqr@'@hqnb@'r'@hqn2@@@@@@@@
'scu@'@hqnb@'u'@hqn2@@@@@@@@
dqrdgjgs@qcus@@@@
||@'"'@||@qiuhjgs@||@'"'@bsqjqc

hgmha

/@#@qiuhrhm>M@RHU@@@@
/@#@qiuhtub>M@RHU@@@@
/@#@uiqnsctub>M@qdqn2
M@cq3qrhm>busc4c@igdp
V%@<']@"'@||@[qiuhtub]imdbd@||@'">"'@||@[uiqnsctub]imdbd@||@'"@hg@@@@-jh_DU1jecHM2-@'@||@qiuhrhm@||@'@3qrhm'@||@@@@
rhq@@@@
''@qcjq@@@@@@@@
'@qaemha'@hqnb@'a'@hqn2@@@@@@@@
qjadqaemha@qcus@@@@
||@'@qbuqds'@BSQJQC




]]>
		</sqlString>
		<paramList>
			<param position="1" datatype="VARCHAR" value="WinSQL_SCHEMA"  tag="1"/>
			<param position="2" datatype="VARCHAR" value="WinSQL_OBJNAME"  tag="1"/>			
			<param position="3" datatype="VARCHAR" value="WinSQL_INDEXNAME"  tag="1"/>
			<param position="4" datatype="VARCHAR" value="WinSQL_SCHEMA"  tag="1"/>
			<param position="5" datatype="VARCHAR" value="WinSQL_OBJNAME"  tag="1"/>			
			<param position="6" datatype="VARCHAR" value="WinSQL_INDEXNAME"  tag="1"/>
			<param position="7" datatype="VARCHAR" value="WinSQL_SCHEMA"  tag="1"/>
			<param position="8" datatype="VARCHAR" value="WinSQL_OBJNAME"  tag="1"/>			
			<param position="9" datatype="VARCHAR" value="WinSQL_INDEXNAME"  tag="1"/>
			<param position="10" datatype="VARCHAR" value="WinSQL_SCHEMA"  tag="1"/>
			<param position="11" datatype="VARCHAR" value="WinSQL_OBJNAME"  tag="1"/>			
			<param position="12" datatype="VARCHAR" value="WinSQL_INDEXNAME"  tag="1"/>
		</paramList>
	    </query>	
	</createIndexDDL>
	
	
	<!-- The storedProcedure element tells WinSQL how to process a Stored procedure -->
	<storedProcedures supported="yes">
		<storedProcDDL supported="yes">
			<query>
				<sqlString><![CDATA[select TEXT from SYSCAT.PROCEDURES where PROCSCHEMA = ? and PROCNAME = ? ]]></sqlString>
				<paramList>
					<param position="1" datatype="VARCHAR" value="WinSQL_SCHEMA" tag="1"/>
					<param position="2" datatype="VARCHAR" value="WinSQL_OBJNAME" tag="1"/>
				</paramList>
			</query>
		</storedProcDDL>
	</storedProcedures>
	<!-- 
	TRIGGERS

	 -->
	<triggers supported="yes">
		<!-- 
			The first element is for the retrieval of the SQL script that created the triggers.
			It must return 3 fields. 
			Field 1 - Trigger Name. If name is unknown, the query must return 'Not available'.
			Field 2 - Trigger Type. This can be either Insert, Update or Delete
			Field 3 - Trigger Text. This is the sql script that was used to create the trigger.
		 -->
		<triggerDDL  supported="yes">
			<query>
				<sqlString><![CDATA[select TRIGNAME, TRIGEVENT, TEXT from SYSCAT.TRIGGERS where TABSCHEMA = ? and TABNAME = ? ]]></sqlString>
				<paramList>
					<param position="1" datatype="VARCHAR" value="WinSQL_SCHEMA" tag="1"/>
					<param position="2" datatype="VARCHAR" value="WinSQL_OBJNAME" tag="1"/>
				</paramList>
			</query>
		</triggerDDL>
	</triggers>
	<!-- Following is a list of extended elements.
		The immediate children of extendedNodes element MUST be a level1 element.
		The name of the element will appear as the header in the TreeView control
		
		Attribute description:
			name - This is the name that will appear in TreeView.
			displayType - This is where the result of the query will
						  get displayed. The possible values are:
						  
						  WinSQL_TreeView
						  WinSQL_GridView
						  WinSQL_ListView
						  WinSQL_TextView
						  
						  In case of WinSQL_TreeView, only the first column will
						  get displayed. 
						  
						  In case of WinSQL_ListView, only the first row of the
						  resultset will be displayed.
						  
						  In case of WinSQL_TextView, the text
						  will be tab delimited if more than one column is found.
			hasChildren - If yes, there can be another level node
			useInDBDiff - If yes, this extension will be used in DB Diff report
	-->
	<extendedNodes>
	
	
		<extension level="1" name="Materialized Query Tables" displayType="WinSQL_TreeView" hasChildren="yes" useInDBDiff="yes">	
		<query>
			<sqlString><![CDATA[
select CREATOR || '.' || NAME, NAME, CREATOR
from SYSIBM.SYSTABLES
where TYPE = 'S'				
			 ]]></sqlString>
			<!-- No parameters for rules  -->
			<paramList>	</paramList>
		</query>
		<extension level="2" name="Rule Script" displayType="WinSQL_GridView" hasChildren="no" useInDBDiff="yes">	
			<query>
				<sqlString><![CDATA[
select NAME as "Column Name", COLTYPE || '(' || RTRIM(CAST(LENGTH as CHAR(10))) || ')' as "Column Type",
    NULLS as "Nulls", DEFAULT as "Default"
from SYSIBM.SYSCOLUMNS
where TBNAME = ? AND TBCREATOR = ?
				
				 ]]></sqlString>
				<paramList>
					<param position="1" datatype="VARCHAR" value="WinSQL_PARENTVALUE"  tag="2"/>
					<param position="2" datatype="VARCHAR" value="WinSQL_PARENTVALUE"  tag="3"/>
				</paramList>
			</query>
		</extension> 
	</extension>
	
	
		<extension level="1" name="Table Spaces" displayType="WinSQL_TreeView" hasChildren="yes" useInDBDiff="no">	
			<query>
				<sqlString><![CDATA[
				select TBSPACE from SYSCAT.TABLESPACES				
				 ]]></sqlString>
				<!-- Level 1 extensions can ONLY have WinSQL_SCHEMA as a parameter  -->
				<paramList>	</paramList>
			</query>
			<extension level="2" name="Table Space Detail" displayType="WinSQL_ListView" hasChildren="no" useInDBDiff="no">	
				<query>
					<sqlString><![CDATA[
					select * from SYSCAT.TABLESPACES where TBSPACE = ? 				
					 ]]></sqlString>
					<paramList>
						<param position="1" datatype="VARCHAR" value="WinSQL_PARENTVALUE" tag="1"/>
					</paramList>
				</query>
			</extension> 
		</extension>
		<!-- Extension number 2 -->
		<extension level="1" name="Packages" displayType="WinSQL_TreeView" hasChildren="yes" useInDBDiff="no">	
			<query>
				<sqlString><![CDATA[
				select RTRIM(PKGSCHEMA) || '.' || RTRIM(PKGNAME) from syscat.packages
				 ]]></sqlString>
				<!-- Level 1 extensions can ONLY have WinSQL_SCHEMA as a parameter  -->
				<paramList>	</paramList>
			</query>
			<extension level="2" name="Package Detail" displayType="WinSQL_ListView" hasChildren="no" useInDBDiff="no">	
				<query>
					<sqlString><![CDATA[
					select * from syscat.packages
					where RTRIM(PKGSCHEMA) || '.' || RTRIM(PKGNAME) = ?
 				
					 ]]></sqlString>
					<paramList>
						<param position="1" datatype="VARCHAR" value="WinSQL_PARENTVALUE" tag="1"/>
					</paramList>
				</query>
			</extension> 
		</extension>
		<!-- Extension number 3. This is for functions. Here the tag value matters
			Tag is the link between a master detail query. The tag number represents
			the column number in the parent query -->
		<extension level="1" name="Functions" displayType="WinSQL_TreeView" hasChildren="yes" useInDBDiff="no">	
			<query>
				<sqlString><![CDATA[
				select RTRIM(FUNCSCHEMA) || '.' || RTRIM(FUNCNAME), RTRIM(SPECIFICNAME) from SYSCAT.FUNCTIONS
				 ]]></sqlString>
				<!-- Level 1 extensions can ONLY have WinSQL_SCHEMA as a parameter  -->
				<paramList>	</paramList>
			</query>
			<extension level="2" name="Function Detail" displayType="WinSQL_GridView" hasChildren="no" useInDBDiff="no">	
				<query>
					<sqlString><![CDATA[
					select ORDINAL Position, 'Parameter' Type, TYPENAME DataType, LENGTH , SCALE from SYSCAT.FUNCPARMS where ROWTYPE = 'P' and SPECIFICNAME = ?
					UNION
					select ORDINAL Position, 'Return Type' Type, TYPENAME DataType, LENGTH , SCALE from SYSCAT.FUNCPARMS where ROWTYPE <> 'P' and SPECIFICNAME = ? 
					order by 1
					 ]]></sqlString>
					<paramList>
						<param position="1" datatype="VARCHAR" value="WinSQL_PARENTVALUE" tag="2"/>
						<param position="2" datatype="VARCHAR" value="WinSQL_PARENTVALUE" tag="2"/>
					</paramList>
				</query>
			</extension> 
		</extension>
		
		<!-- Extension number 4 -->
		<extension level="1" name="Plans" displayType="WinSQL_TreeView" hasChildren="yes" useInDBDiff="no">	
			<query>
				<sqlString><![CDATA[
				 Select name from SYSIBM.SYSPLAN
				 ]]></sqlString>
				<!-- Level 1 extensions can ONLY have WinSQL_SCHEMA as a parameter  -->
				<paramList>	</paramList>
			</query>
			<extension level="2" name="Plan Detail" displayType="WinSQL_ListView" hasChildren="no" useInDBDiff="no">	
				<query>
					<sqlString><![CDATA[
					select * from SYSIBM.SYSPLAN where name = ?
					 ]]></sqlString>
					<paramList>
						<param position="1" datatype="VARCHAR" value="WinSQL_PARENTVALUE" tag="1"/>
					</paramList>
				</query>
			</extension> 
		</extension>
		
		
		<!-- Extension number 5 -->
		<extension level="1" name="Sequences" displayType="WinSQL_TreeView" hasChildren="yes" useInDBDiff="no">	
			<query>
				<sqlString><![CDATA[
				 Select SEQNAME from SYSCAT.SEQUENCES
				 ]]></sqlString>
				<!-- Level 1 extensions can ONLY have WinSQL_SCHEMA as a parameter  -->
				<paramList>	</paramList>
			</query>
			<extension level="2" name="Sequence Detail" displayType="WinSQL_ListView" hasChildren="no" useInDBDiff="no">	
				<query>
					<sqlString><![CDATA[
					select * from SYSCAT.SEQUENCES where SEQNAME = ?
					 ]]></sqlString>
					<paramList>
						<param position="1" datatype="VARCHAR" value="WinSQL_PARENTVALUE" tag="1"/>
					</paramList>
				</query>
			</extension> 
		</extension>
		
		
		
		<!-- Extension number 6 -->
		<extension level="1" name="Aliases" displayType="WinSQL_TreeView" hasChildren="yes" useInDBDiff="no">	
			<query>
				<sqlString><![CDATA[
				 Select TABNAME from SYSCAT.TABLES where TYPE = 'A'
				 ]]></sqlString>
				<!-- Level 1 extensions can ONLY have WinSQL_SCHEMA as a parameter  -->
				<paramList>	</paramList>
			</query>
			<extension level="2" name="Sequence Detail" displayType="WinSQL_ListView" hasChildren="no" useInDBDiff="no">	
				<query>
					<sqlString><![CDATA[
					
select BASE_TABSCHEMA schema, BASE_TABNAME TableName
from SYSCAT.TABLES
where TABNAME = ?
					 ]]></sqlString>
					<paramList>
						<param position="1" datatype="VARCHAR" value="WinSQL_PARENTVALUE" tag="1"/>
					</paramList>
				</query>
			</extension> 
		</extension>
		
		
	</extendedNodes>
	
    <parameters>
        <parameter name="RequireParenInSPIfNoParam" value="yes" />
	    <parameter name="FetchParentRelationship" value="yes" />
	    <parameter name="FetchDependentRelationship" value="yes" />
	    <parameter name="SupportsCommentsNatively" value="no" />
    </parameters>
	
	<!--
	Rules for code template
	
	1. lookFor must appear in the Begining of the query 
	2. There should be no new line characters in the query
	-->
	<codeTemplates>
		<codeTemplate caseSensitive="false" numParams="1">
			<lookFor>DESCRIBE $1</lookFor>
			<replaceWith>select RTRIM(TBCREATOR) || '.' || TBNAME TableName, NAME ColumnName, RTRIM(coltype) || '(' || RTRIM(CHAR(LENGTH)) || ')' DATATYPE, nulls,identity
						from sysibm.syscolumns
						where UPPER(TBNAME) = UPPER('$1')
						order by colno


			</replaceWith>
		</codeTemplate>						
	</codeTemplates>
	
	
	<explain supported="true">
	    <prereqTables4Explain>
	    	<prereqTable>EXPLAIN_INSTANCE</prereqTable>
		<prereqTable>EXPLAIN_STATEMENT</prereqTable>
		<prereqTable>EXPLAIN_ARGUMENT</prereqTable>
		<prereqTable>EXPLAIN_OBJECT</prereqTable>
		<prereqTable>EXPLAIN_OPERATOR</prereqTable>
		<prereqTable>EXPLAIN_PREDICATE</prereqTable>
		<prereqTable>EXPLAIN_STREAM</prereqTable>
		<prereqTable>EXPLAIN_PREDICATE</prereqTable>
	    </prereqTables4Explain>
	    <prereqDDL4Explain><![CDATA[
	    CREATE TABLE EXPLAIN_INSTANCE ( EXPLAIN_REQUESTER VARCHAR(128) NOT NULL,
                                EXPLAIN_TIME      TIMESTAMP    NOT NULL,
                                SOURCE_NAME       VARCHAR(128) NOT NULL,
                                SOURCE_SCHEMA     VARCHAR(128) NOT NULL,
                                SOURCE_VERSION    VARCHAR(64)  NOT NULL,
                                EXPLAIN_OPTION    CHAR(1)      NOT NULL,
                                SNAPSHOT_TAKEN    CHAR(1)   NOT NULL,
                                DB2_VERSION       CHAR(7)   NOT NULL,
                                SQL_TYPE          CHAR(1)   NOT NULL,
                                QUERYOPT          INTEGER   NOT NULL,
                                BLOCK             CHAR(1)   NOT NULL,
                                ISOLATION         CHAR(2)   NOT NULL,
                                BUFFPAGE          INTEGER   NOT NULL,
                                AVG_APPLS         INTEGER   NOT NULL,
                                SORTHEAP          INTEGER   NOT NULL,
                                LOCKLIST          INTEGER   NOT NULL,
                                MAXLOCKS          SMALLINT  NOT NULL,
                                LOCKS_AVAIL       INTEGER   NOT NULL,
                                CPU_SPEED         DOUBLE    NOT NULL,
                                REMARKS           VARCHAR(254),
                                DBHEAP            INTEGER   NOT NULL,
                                COMM_SPEED        DOUBLE    NOT NULL,
                                PARALLELISM       CHAR(2)   NOT NULL,
                                DATAJOINER        CHAR(1)   NOT NULL,
                                    PRIMARY KEY (EXPLAIN_REQUESTER,
                                                 EXPLAIN_TIME,
                                                 SOURCE_NAME,
                                                 SOURCE_SCHEMA,
                                                 SOURCE_VERSION))

%WinSQLVar_QueryTerminator%

CREATE TABLE EXPLAIN_STATEMENT ( EXPLAIN_REQUESTER VARCHAR(128) NOT NULL,
                                 EXPLAIN_TIME      TIMESTAMP    NOT NULL,
                                 SOURCE_NAME       VARCHAR(128) NOT NULL,
                                 SOURCE_SCHEMA     VARCHAR(128) NOT NULL,
                                 SOURCE_VERSION    VARCHAR(64)  NOT NULL,
                                 EXPLAIN_LEVEL     CHAR(1)      NOT NULL,
                                 STMTNO            INTEGER      NOT NULL,
                                 SECTNO            INTEGER      NOT NULL,
                                 QUERYNO           INTEGER      NOT NULL,
                                 QUERYTAG          CHAR(20)     NOT NULL,
                                 STATEMENT_TYPE    CHAR(2)      NOT NULL,
                                 UPDATABLE         CHAR(1)      NOT NULL,
                                 DELETABLE         CHAR(1)      NOT NULL,
                                 TOTAL_COST        DOUBLE       NOT NULL,
                                 STATEMENT_TEXT    CLOB(2M)     NOT NULL NOT LOGGED,
                                 SNAPSHOT          BLOB(10M)    NOT LOGGED,
                                 QUERY_DEGREE      INTEGER      NOT NULL,
                                    PRIMARY KEY (EXPLAIN_REQUESTER,
                                                 EXPLAIN_TIME,
                                                 SOURCE_NAME,
                                                 SOURCE_SCHEMA,
                                                 SOURCE_VERSION,
                                                 EXPLAIN_LEVEL,
                                                 STMTNO,
                                                 SECTNO),
                                     FOREIGN KEY (EXPLAIN_REQUESTER,
                                                  EXPLAIN_TIME,
                                                  SOURCE_NAME,
                                                  SOURCE_SCHEMA,
                                                  SOURCE_VERSION)
                                     REFERENCES EXPLAIN_INSTANCE
                                     ON DELETE CASCADE)


%WinSQLVar_QueryTerminator%

CREATE TABLE EXPLAIN_ARGUMENT ( EXPLAIN_REQUESTER   VARCHAR(128)  NOT NULL,
                                EXPLAIN_TIME        TIMESTAMP     NOT NULL,
                                SOURCE_NAME         VARCHAR(128)  NOT NULL,
                                SOURCE_SCHEMA       VARCHAR(128)  NOT NULL,
                                SOURCE_VERSION      VARCHAR(64)   NOT NULL,
                                EXPLAIN_LEVEL       CHAR(1)       NOT NULL,
                                STMTNO              INTEGER       NOT NULL,
                                SECTNO              INTEGER       NOT NULL,
                                OPERATOR_ID         INTEGER       NOT NULL,
                                ARGUMENT_TYPE       CHAR(8)       NOT NULL,
                                ARGUMENT_VALUE      VARCHAR(1024),
                                LONG_ARGUMENT_VALUE CLOB(2M)      NOT LOGGED,
                                   FOREIGN KEY (EXPLAIN_REQUESTER,
                                                EXPLAIN_TIME,
                                                SOURCE_NAME,
                                                SOURCE_SCHEMA,
                                                SOURCE_VERSION,
                                                EXPLAIN_LEVEL,
                                                STMTNO,
                                                SECTNO)
                                   REFERENCES EXPLAIN_STATEMENT
                                   ON DELETE CASCADE)


%WinSQLVar_QueryTerminator%

CREATE TABLE EXPLAIN_OBJECT ( EXPLAIN_REQUESTER    VARCHAR(128) NOT NULL,
                              EXPLAIN_TIME         TIMESTAMP    NOT NULL,
                              SOURCE_NAME          VARCHAR(128) NOT NULL,
                              SOURCE_SCHEMA        VARCHAR(128) NOT NULL,
                              SOURCE_VERSION       VARCHAR(64)  NOT NULL,
                              EXPLAIN_LEVEL        CHAR(1)      NOT NULL,
                              STMTNO               INTEGER      NOT NULL,
                              SECTNO               INTEGER      NOT NULL,
                              OBJECT_SCHEMA        VARCHAR(128) NOT NULL,
                              OBJECT_NAME          VARCHAR(128) NOT NULL,
                              OBJECT_TYPE          CHAR(2)      NOT NULL,
                              CREATE_TIME          TIMESTAMP,
                              STATISTICS_TIME      TIMESTAMP,
                              COLUMN_COUNT         SMALLINT     NOT NULL,
                              ROW_COUNT            BIGINT       NOT NULL,
                              WIDTH                INTEGER      NOT NULL,
                              PAGES                INTEGER      NOT NULL,
                              DISTINCT             CHAR(1)      NOT NULL,
                              TABLESPACE_NAME      VARCHAR(128),
                              OVERHEAD             DOUBLE       NOT NULL,
                              TRANSFER_RATE        DOUBLE       NOT NULL,
                              PREFETCHSIZE         INTEGER      NOT NULL,
                              EXTENTSIZE           INTEGER      NOT NULL,
                              CLUSTER              DOUBLE       NOT NULL,
                              NLEAF                INTEGER      NOT NULL,
                              NLEVELS              INTEGER      NOT NULL,
                              FULLKEYCARD          BIGINT       NOT NULL,
                              OVERFLOW             INTEGER      NOT NULL,
                              FIRSTKEYCARD         BIGINT       NOT NULL,
                              FIRST2KEYCARD        BIGINT       NOT NULL,
                              FIRST3KEYCARD        BIGINT       NOT NULL,
                              FIRST4KEYCARD        BIGINT       NOT NULL,
                              SEQUENTIAL_PAGES     INTEGER      NOT NULL,
                              DENSITY              INTEGER      NOT NULL,
                              STATS_SRC            CHAR(1)      NOT NULL,
                              AVERAGE_SEQUENCE_GAP          DOUBLE  NOT NULL,
                              AVERAGE_SEQUENCE_FETCH_GAP    DOUBLE  NOT NULL,
                              AVERAGE_SEQUENCE_PAGES        DOUBLE  NOT NULL,
                              AVERAGE_SEQUENCE_FETCH_PAGES  DOUBLE  NOT NULL,
                              AVERAGE_RANDOM_PAGES          DOUBLE  NOT NULL,
                              AVERAGE_RANDOM_FETCH_PAGES    DOUBLE  NOT NULL,
                              NUMRIDS                       BIGINT  NOT NULL,
                              NUMRIDS_DELETED               BIGINT  NOT NULL,
                              NUM_EMPTY_LEAFS               BIGINT  NOT NULL,
                              ACTIVE_BLOCKS                 BIGINT  NOT NULL,
                                   FOREIGN KEY (EXPLAIN_REQUESTER,
                                                EXPLAIN_TIME,
                                                SOURCE_NAME,
                                                SOURCE_SCHEMA,
                                                SOURCE_VERSION,
                                                EXPLAIN_LEVEL,
                                                STMTNO,
                                                SECTNO)
                                   REFERENCES EXPLAIN_STATEMENT
                                   ON DELETE CASCADE)


%WinSQLVar_QueryTerminator%


CREATE TABLE EXPLAIN_OPERATOR ( EXPLAIN_REQUESTER VARCHAR(128) NOT NULL,
                                EXPLAIN_TIME      TIMESTAMP    NOT NULL,
                                SOURCE_NAME       VARCHAR(128) NOT NULL,
                                SOURCE_SCHEMA     VARCHAR(128) NOT NULL,
                                SOURCE_VERSION    VARCHAR(64)  NOT NULL,
                                EXPLAIN_LEVEL     CHAR(1)      NOT NULL,
                                STMTNO            INTEGER      NOT NULL,
                                SECTNO            INTEGER      NOT NULL,
                                OPERATOR_ID       INTEGER      NOT NULL,
                                OPERATOR_TYPE     CHAR(6)      NOT NULL,
                                TOTAL_COST        DOUBLE       NOT NULL,
                                IO_COST           DOUBLE       NOT NULL,
                                CPU_COST          DOUBLE       NOT NULL,
                                FIRST_ROW_COST    DOUBLE       NOT NULL,
                                RE_TOTAL_COST     DOUBLE       NOT NULL,
                                RE_IO_COST        DOUBLE       NOT NULL,
                                RE_CPU_COST       DOUBLE       NOT NULL,
                                COMM_COST         DOUBLE       NOT NULL,
                                FIRST_COMM_COST   DOUBLE       NOT NULL,
                                BUFFERS           DOUBLE       NOT NULL,
                                REMOTE_TOTAL_COST DOUBLE       NOT NULL,
                                REMOTE_COMM_COST  DOUBLE       NOT NULL,
                                   FOREIGN KEY (EXPLAIN_REQUESTER,
                                                EXPLAIN_TIME,
                                                SOURCE_NAME,
                                                SOURCE_SCHEMA,
                                                SOURCE_VERSION,
                                                EXPLAIN_LEVEL,
                                                STMTNO,
                                                SECTNO)
                                   REFERENCES EXPLAIN_STATEMENT
                                   ON DELETE CASCADE)


%WinSQLVar_QueryTerminator%


CREATE TABLE EXPLAIN_PREDICATE ( EXPLAIN_REQUESTER VARCHAR(128) NOT NULL,
                                 EXPLAIN_TIME      TIMESTAMP    NOT NULL,
                                 SOURCE_NAME       VARCHAR(128) NOT NULL,
                                 SOURCE_SCHEMA     VARCHAR(128) NOT NULL,
                                 SOURCE_VERSION    VARCHAR(64)  NOT NULL,
                                 EXPLAIN_LEVEL     CHAR(1)      NOT NULL,
                                 STMTNO            INTEGER      NOT NULL,
                                 SECTNO            INTEGER      NOT NULL,
                                 OPERATOR_ID       INTEGER      NOT NULL,
                                 PREDICATE_ID      INTEGER      NOT NULL,
                                 HOW_APPLIED       CHAR(5)      NOT NULL,
                                 WHEN_EVALUATED    CHAR(3)      NOT NULL,
                                 RELOP_TYPE        CHAR(2)      NOT NULL,
                                 SUBQUERY          CHAR(1)      NOT NULL,
                                 FILTER_FACTOR     DOUBLE       NOT NULL,
                                 PREDICATE_TEXT    CLOB(2M)     NOT LOGGED,
                                   FOREIGN KEY (EXPLAIN_REQUESTER,
                                                EXPLAIN_TIME,
                                                SOURCE_NAME,
                                                SOURCE_SCHEMA,
                                                SOURCE_VERSION,
                                                EXPLAIN_LEVEL,
                                                STMTNO,
                                                SECTNO)
                                   REFERENCES EXPLAIN_STATEMENT
                                   ON DELETE CASCADE)


%WinSQLVar_QueryTerminator%


CREATE TABLE EXPLAIN_STREAM ( EXPLAIN_REQUESTER VARCHAR(128) NOT NULL,
                              EXPLAIN_TIME      TIMESTAMP    NOT NULL,
                              SOURCE_NAME       VARCHAR(128) NOT NULL,
                              SOURCE_SCHEMA     VARCHAR(128) NOT NULL,
                              SOURCE_VERSION    VARCHAR(64)  NOT NULL,
                              EXPLAIN_LEVEL     CHAR(1)      NOT NULL,
                              STMTNO            INTEGER      NOT NULL,
                              SECTNO            INTEGER      NOT NULL,
                              STREAM_ID         INTEGER      NOT NULL,
                              SOURCE_TYPE       CHAR(1)      NOT NULL,
                              SOURCE_ID         INTEGER      NOT NULL,
                              TARGET_TYPE       CHAR(1)      NOT NULL,
                              TARGET_ID         INTEGER      NOT NULL,
                              OBJECT_SCHEMA     VARCHAR(128),
                              OBJECT_NAME       VARCHAR(128),
                              STREAM_COUNT      DOUBLE       NOT NULL,
                              COLUMN_COUNT      SMALLINT     NOT NULL,
                              PREDICATE_ID      INTEGER      NOT NULL,
                              COLUMN_NAMES      CLOB(2M)     NOT LOGGED,
                              PMID              SMALLINT     NOT NULL,
                              SINGLE_NODE       CHAR(5),
                              PARTITION_COLUMNS CLOB(2M)     NOT LOGGED,
                                   FOREIGN KEY (EXPLAIN_REQUESTER,
                                                EXPLAIN_TIME,
                                                SOURCE_NAME,
                                                SOURCE_SCHEMA,
                                                SOURCE_VERSION,
                                                EXPLAIN_LEVEL,
                                                STMTNO,
                                                SECTNO)
                                   REFERENCES EXPLAIN_STATEMENT
                                   ON DELETE CASCADE)


	    ]]>
	    </prereqDDL4Explain>
	    
	    <explainQueryInsert><![CDATA[
	    EXPLAIN PLAN SET QUERYNO = 20000 SET QUERYTAG = 'WinSQL' FOR $WINSQL_QUERY_STRING
	    ]]>
	    </explainQueryInsert>
	    
	    <explainQueryDelete required="true"><![CDATA[
	    delete from EXPLAIN_INSTANCE
	    where EXPLAIN_TIME IN (select EXPLAIN_TIME
                    from EXPLAIN_STATEMENT
                    where QUERYNO = 20000 and QUERYTAG = 'WinSQL')
	    ]]>
	    </explainQueryDelete>
	    
	    <explainQuerySelect displayType="grid"><![CDATA[
	    select CASE OPERATOR_TYPE
			WHEN 'DELETE' THEN 'Delete'
			WHEN 'FETCH' THEN 'Fetch'
			WHEN 'FILTER' THEN 'Filter'
			WHEN 'GENROW' THEN 'Generate Row'
			WHEN 'GRPBY' THEN 'Group By'
			WHEN 'HSJOIN' THEN 'Hash Join'
			WHEN 'INSERT' THEN 'Insert'
			WHEN 'IXAND' THEN 'Dynamic BMP ANDing'
			WHEN 'IXSCAN' THEN 'Index Scan'
			WHEN 'MSJOIN' THEN 'Merge Scan Join'
			WHEN 'NLJOIN' THEN 'Nested Loop Join'
			WHEN 'RETURN' THEN 'Return'
			WHEN 'RIDSCN' THEN 'Row ID Scan'
			WHEN 'RQUERY' THEN 'Remote Query'
			WHEN 'SORT' THEN 'Sort'
			WHEN 'TBSCAN' THEN 'Table Scan'
			WHEN 'TEMP' THEN 'Temporary Table'
			WHEN 'TQ' THEN 'Table Queue'
			WHEN 'TQUEUE' THEN 'Table Queue'
			WHEN 'UNION' THEN 'Union'
			WHEN 'UNIQUE' THEN 'Duplicate Elimination'
			WHEN 'UPDATE' THEN 'Update'
		       END as "Operation Type", 
		
		O.TOTAL_COST, IO_COST, CPU_COST, FIRST_ROW_COST, RE_TOTAL_COST, RE_IO_COST, RE_CPU_COST,
		COMM_COST, FIRST_COMM_COST, S.COLUMN_NAMES, BUFFERS, REMOTE_TOTAL_COST, REMOTE_COMM_COST
		from ((( EXPLAIN_OPERATOR O JOIN EXPLAIN_STATEMENT STMT ON
		O.STMTNO = STMT.STMTNO AND
		O.EXPLAIN_REQUESTER = STMT.EXPLAIN_REQUESTER AND
		O.EXPLAIN_TIME = STMT.EXPLAIN_TIME AND
		O.SOURCE_NAME = STMT.SOURCE_NAME AND
		O.SOURCE_SCHEMA = STMT.SOURCE_SCHEMA AND
		O.EXPLAIN_LEVEL = STMT.EXPLAIN_LEVEL AND
		O.STMTNO = STMT.STMTNO AND
		O.SECTNO = STMT.SECTNO AND
		STMT.EXPLAIN_LEVEL = 'P' AND
		STMT.QUERYNO = 20000 AND
		STMT.QUERYTAG = 'WinSQL' )
		LEFT JOIN EXPLAIN_STREAM S ON
		O.OPERATOR_ID = S.SOURCE_ID AND
		O.STMTNO = S.STMTNO AND
		O.EXPLAIN_REQUESTER = S.EXPLAIN_REQUESTER AND
		O.EXPLAIN_TIME = S.EXPLAIN_TIME AND
		O.SOURCE_NAME = S.SOURCE_NAME AND
		O.SOURCE_SCHEMA = S.SOURCE_SCHEMA AND
		O.EXPLAIN_LEVEL = S.EXPLAIN_LEVEL AND
		O.STMTNO = S.STMTNO AND
		O.SECTNO = S.SECTNO )
		LEFT JOIN EXPLAIN_STREAM OBJ ON
		S.SOURCE_ID = OBJ.TARGET_ID AND
		OBJ.SOURCE_ID = -1 AND
		S.EXPLAIN_REQUESTER = OBJ.EXPLAIN_REQUESTER AND
		S.EXPLAIN_TIME = OBJ.EXPLAIN_TIME AND
		S.SOURCE_NAME = OBJ.SOURCE_NAME AND
		S.SOURCE_SCHEMA = OBJ.SOURCE_SCHEMA AND
		S.EXPLAIN_LEVEL = OBJ.EXPLAIN_LEVEL AND
		S.STMTNO = OBJ.STMTNO AND
		S.SECTNO = OBJ.SECTNO )
		order by OPERATOR_ID

	    ]]>
	    </explainQuerySelect>
	    
	</explain>
	
	
	
	<adminTasks>
    	<adminTask appliesTo="WinSQL_INDEX" 
					id="WinSQL_NewIndex" 
					name="Create New Index" 
					promptType="Dialog"
					templateType="predefined"
					title="New index wizard" 
					menuSeparator="0">	    
			<sqlString><![CDATA[
CREATE ? INDEX ?
    ON ?(?) 
    ?
    ?
    ?
    ?
    ?
    
			 ]]></sqlString>
			
			
			<paramList>	
				<param position="1" paramType="Option" value="UNIQUE" mandatory="false"  control="checkbox" bounds="100, 100, 200, 20" label="Index type" labelBounds="-1" prefixValue="" postfixValue="" separator="" enclosedStart="" enclosedEnd="" tabOrder="3" hint="Check to create a unique index" />						
				<param position="2" paramType="Textbox" value="" mandatory="true" control="editbox" bounds="100, 10, 200, 20" label="Index Name" labelBounds="5, 10, 90, 20" prefixValue="" postfixValue=""  separator="" enclosedStart=""  enclosedEnd="" tabOrder="1"  hint="Name of the index. This is a mandatory field" />						        
				<param position="3" paramType="ParentText" value="WinSQL_FULLOBJNAME" mandatory="true" control="label" bounds="0, 0, 0, 0" label="" prefixValue="" postfixValue=""  separator="" enclosedStart=""   tabOrder="" hint="" />
				<param position="4" paramType="ParentPickList" value="WinSQL_TABLEFIELDS" mandatory="true" control="checklistbox" bounds="100, 35, 200, 60" label="Fields" labelBounds="5, 35, 90, 60"  prefixValue="" postfixValue=""  separator="," enclosedStart=""  enclosedEnd=""  tabOrder="2" hint="Select the fields you wish to include in this index" />				
				<param position="5" paramType="Option" value="CLUSTER" mandatory="false"  control="checkbox" bounds="100, 125, 200, 20" label="Index type" labelBounds="-1" prefixValue="" postfixValue="" separator="" enclosedStart="" enclosedEnd="" tabOrder="4" hint="Check to create a clustered index" />						
				<param position="6" paramType="Textbox" value="" mandatory="false"  control="editbox" bounds="100, 150, 75, 20" label="Percent free" labelBounds="5, 150, 90, 20" prefixValue="PCTFREE " postfixValue="" separator="" enclosedStart="" enclosedEnd="" tabOrder="5" hint="Specify a value for percent free" />						
				<param position="7" paramType="Textbox" value="" mandatory="false"  control="editbox" bounds="100, 175, 75, 20" label="Min. percent used" labelBounds="5, 175, 90, 20" prefixValue="MINPCTUSED " postfixValue="" separator="" enclosedStart="" enclosedEnd="" tabOrder="6" hint="Specify a value for minimum percentage used" />						
				<param position="8" paramType="PickList" value=" |ALLOW REVERSE SCANS|DISALLOW REVERSE SCANS" mandatory="false"  control="combobox" bounds="100, 200, 200, 20" label="Reverse scan" labelBounds="5, 200, 90, 20" prefixValue="" postfixValue="" separator="" enclosedStart="" enclosedEnd="" tabOrder="7" hint="Specify how scans are performed" />						
				<param position="9" paramType="PickList" value=" |STATISTICS|DETAILED STATISTICS|SAMPLED DETAILED STATISTICS" mandatory="false"  control="combobox" bounds="100, 225, 200, 20" label="Index statistics" labelBounds="5, 225, 90, 20" prefixValue="COLLECT " postfixValue="" separator="" enclosedStart="" enclosedEnd="" tabOrder="7" hint="Specify how statistics are collection during index creation" />						
				
			</paramList>
	   	 
	</adminTask>
	
	
	
	
	<adminTask appliesTo="" 
			id="Custom_CreateAlias" 
			name="New Alias..." 
			promptType="Dialog" 
			templateType="custom"
			title="New Alias Wizard"
			menuSeparator="0">	    
			<sqlString><![CDATA[

CREATE ALIAS ? FOR ?
    

			 ]]></sqlString>
						
			<paramList>	
				<param position="1" paramType="Textbox" value=""  mandatory="true" control="editbox" bounds="100, 10, 200, 20" label="Alias Name:" labelBounds="5, 10, 90, 20" prefixValue="" postfixValue="" separator="" enclosedStart="" enclosedEnd="" tabOrder="1" hint="Name of the alias" />				    
				<param position="2" paramType="SQLLookup" value="" mandatory="true" control="combobox" bounds="100, 35, 300, 20" label="Table name:" labelBounds="5, 35, 90, 20" prefixValue="" postfixValue="" separator="" enclosedStart=""  enclosedEnd="" tabOrder="2"  hint="Table or view name" >
				    <lookupSQL>
				    <![CDATA[select RTRIM(TABSCHEMA) || '.' || TABNAME
from SYSCAT.TABLES
where DEFINER not in ('SYSIBM')
and TYPE in ('V', 'T', 'A')

				    ]]>
				    </lookupSQL>
				</param>
				
			</paramList>
	   	 
	</adminTask>
	
	<adminTask appliesTo="" 
			id="Custom_DropAlias" 
			name="Drop Alias..." 
			promptType="Dialog" 
			templateType="custom"
			title="Drop Alias Wizard"
			menuSeparator="0">	    
			<sqlString><![CDATA[

DROP ALIAS ?
    

			 ]]></sqlString>
						
			<paramList>	
								    
				<param position="1" paramType="SQLLookup" value="" mandatory="true" control="combobox" bounds="100, 10, 300, 20" label="Table name:" labelBounds="5, 10, 90, 20" prefixValue="" postfixValue="" separator="" enclosedStart=""  enclosedEnd="" tabOrder="2"  hint="Alias name" >
				    <lookupSQL>
				    <![CDATA[select RTRIM(TABSCHEMA) || '.' || TABNAME
from SYSCAT.TABLES
where DEFINER not in ('SYSIBM')
and TYPE ='A'

				    ]]>
				    </lookupSQL>
				</param>
				
			</paramList>
	   	 
	</adminTask>
	
	<adminTask appliesTo="" 
			id="Custom_CreateSequence" 
			name="New Sequence..." 
			promptType="Dialog" 
			templateType="custom"
			title="New Sequence Wizard"
			menuSeparator="1">	    
			<sqlString><![CDATA[

CREATE SEQUENCE ? AS INTEGER
    ?
    ?
    ? ?
    ? ? ?
    

			 ]]></sqlString>
						
			<paramList>	
				<param position="1" paramType="Textbox" value=""  mandatory="true" control="editbox" bounds="100, 10, 200, 20" label="Sequence Name:" labelBounds="5, 10, 90, 20" prefixValue="" postfixValue="" separator="" enclosedStart="" enclosedEnd="" tabOrder="1" hint="Name of the sequence" />				    
				<param position="2" paramType="Textbox" value="1" mandatory="false" control="editbox" bounds="100, 35, 200, 20" label="Starts With:" labelBounds="5, 35, 90, 20" prefixValue="START WITH " postfixValue="" separator="" enclosedStart=""  enclosedEnd="" tabOrder="2"  hint="Starting sequence number" />
				<param position="3" paramType="Textbox" value="1"  mandatory="false" control="editbox" bounds="100, 60, 200, 20" label="Increment By:"  labelBounds="5, 60, 90, 20" prefixValue="INCREMENT BY " postfixValue="" separator="" enclosedStart=""  enclosedEnd="" tabOrder="3"  hint="Increment value for this sequence" />
				<param position="4" paramType="Option" value="NO MINVALUE"  mandatory="false" control="checkbox" bounds="100, 85, 200, 20" label=""  labelBounds="-1" prefixValue="" postfixValue="" separator="" enclosedStart=""  enclosedEnd="" tabOrder="4"  hint="Minimum value for this sequence" />
				<param position="5" paramType="Option" value="NO MAXVALUE"  mandatory="false" control="checkbox" bounds="100, 110, 200, 20" label=""  labelBounds="-1" prefixValue="" postfixValue="" separator="" enclosedStart=""  enclosedEnd="" tabOrder="5"  hint="Maximum value for this sequence" />
				<param position="7" paramType="Option" value="NO CACHE"  mandatory="false" control="checkbox" bounds="100, 135, 200, 20" label=""  labelBounds="-1" prefixValue="" postfixValue="" separator="" enclosedStart=""  enclosedEnd="" tabOrder="6"  hint="Cache type" />
				<param position="6" paramType="PickList" value=" |CYCLE|NO CYCLE"  mandatory="false" control="combobox" bounds="100, 160, 200, 20" label="Cycle Type:"  labelBounds="5, 160, 90, 20" prefixValue="" postfixValue="" separator="" enclosedStart=""  enclosedEnd="" tabOrder="7"  hint="Cache type" />				
				<param position="8" paramType="PickList" value=" |ORDER|NO ORDER"  mandatory="false" control="combobox" bounds="100, 185, 200, 20" label="Order Type:"  labelBounds="5, 185, 90, 20" prefixValue="" postfixValue="" separator="" enclosedStart=""  enclosedEnd="" tabOrder="8"  hint="Order type" />
			</paramList>
	   	 
	</adminTask>
	
	
    </adminTasks>
    
    
</WinSQLDatabaseType>
