<?xml version="1.0" encoding="iso-8859-1" ?>

<!--
Following variables are considered as keyword by WinSQL and can appear either in
elements or attribute values.

WinSQL_SCHEMA         __ Owner of the object. Will get replaced at run time automatically
WinSQL_OBJNAME		  __ Any object. Could be table, view, trigger, stored procedure, etc.
WinSQL_FULLOBJNAME    __ Any object. This is a combination of schema and objName separated by a dot
WinSQL_PARENTVALUE    __ This is the value returned by the parent query. Is only used in the extension
                         where level is 2.


	dbName -
		is the Name of the database. This name should be the DBMS Name
		returned by the ODBC driver. It should match the "DBMS Name" value
		in WinSQL catalog window. WinSQL uses this information to associate
		plugin files to a database. If this information is incorrect, WinSQL
		will not automatically select the Plugin type in the connection window.

	dbAlias -
		This is a friendly name for this plugin. This is what appears on the connection
		window.
	 -->
<WinSQLDatabaseType dbName="Generic ODBC" dbAlias="Generic ODBC" version="3.8">
	<view supported="yes">
		<viewDDL supported="no">
			<query>
				<sqlString></sqlString>
				<paramList>
				
				</paramList>
			</query>
		</viewDDL>
	</view>
	<!-- The storedProcedure element tells WinSQL how to process a Stored procedure -->
	<storedProcedures supported="yes">
		<storedProcDDL supported="no">
			<query>
				<sqlString></sqlString>
				<paramList>
					
				</paramList>
			</query>
		</storedProcDDL>


	</storedProcedures>
	<!--
	TRIGGERS

	-->
	<triggers supported="no">
		
		<triggerDDL supported="no">
			<query>
				<sqlString></sqlString>
				<paramList>
					
				</paramList>
			</query>
		</triggerDDL>
	</triggers>
	<!-- Following is a list of extended elements.
		The immediate children of extendedNodes element MUST be a level1 element.
		The name of the element will appear as the header in the TreeView control

		Attribute description:
			name - This is the name that will appear in TreeView.
			displayType - This is where the result of the query will
						  get displayed. The possible values are:

						  WinSQL_TreeView
						  WinSQL_GridView
						  WinSQL_ListView
						  WinSQL_TextView

						  In case of WinSQL_TreeView, only the first column will
						  get displayed.

						  In case of WinSQL_ListView, only the first row of the
						  resultset will be displayed.

						  In case of WinSQL_TextView, the text
						  will be tab delimited if more than one column is found.
			hasChildren - If yes, there can be another level node
	-->
	<extendedNodes>


	  

	</extendedNodes>

    <parameters>
    	<parameter name="FetchParentRelationship" value="yes" />
	<parameter name="FetchDependentRelationship" value="yes" /> 
    </parameters>
    
    
    <adminTasks>
    	<adminTask appliesTo="WinSQL_INDEX" id="WinSQL_NewIndex" 
			name="Create New Index" promptType="Dialog" 
			templateType="predefined" title="New index wizard" >	    
		<sqlString><![CDATA[
CREATE ? INDEX ?
    ON ?(?) 
		 ]]></sqlString>
		
		<!--
		Explaination of paramList and param.
		
		Param defines how the "question marks" in the sqlString gets replaced with
		the actual data. ParamList has a list of "param" values that define how to interpret
		each parameter. Individual elements of a param are decribed below.
		
		
		position - This is the position of the "question-mark" within the sqlString
		paramType - Type of parameter. So far we have:
			Option - This is displayed as a checkbox and value is only generated if the user selects it
			PickList - Displayed as combo box or list box
			Textbox - Input box
			ParentText - Readonly - value comes from WinSQL itself. The value must be predefined values for plugins
			ParentPickList - Readonly - value comes from WinSQL and must be one of the predefined values
			SQLLookup - The source of this is an SQL query
		
		value - Value of the parameter. This could be different for each type. For example if the paramType
			is Option, this value defines what gets inserted into the final query
			Similarly, if the value is sqlQuery, this value is blank or can have the name of the field
			
		mandatory - true or false. If true, the field is mandatory
		
		control - This is the actual control that appears in the window. It must be one of the following values
			checkbox
			combobox
			editbox
			listbox
			checklistbox
			label
		
		bounds - Bounds of the control. Must be a comma separated values for Left, Top, Width, Height
		
		label - Caption for a label associated with this control
		
		labelBounds - Bounds for the labels
		
		prefixValue - Any text that should be used as prefix. You can put quotes if the value must be inclosed within quotes
		
		postfixValue - Similar to prefixValue but used as a postfix
		
		separator - If multiple values are selected, this serves as a separator
		
		
		
		lookupSQL - This is not a parameter but a child of param node and can have a valid SQL statement. It is only
			    useful if the paramType == SQLLookup
		-->
		<paramList>	
			<param position="1" paramType="Option" value="UNIQUE" mandatory="false"  control="checkbox" bounds="100, 100, 200, 20" label="Unique" labelBounds="-1" prefixValue="" postfixValue="" separator="" enclosedStart="" enclosedEnd="" tabOrder="6" hint="Check to create a unique index" />												        
			<param position="2" paramType="Textbox" value="" mandatory="true" control="editbox" bounds="100, 10, 200, 20" label="Index Name" labelBounds="5, 10, 90, 20" prefixValue="" postfixValue=""  separator="" enclosedStart=""  enclosedEnd="" tabOrder="1"  hint="Name of the index. This is a mandatory field" />
			<param position="3" paramType="ParentText" value="WinSQL_FULLOBJNAME" mandatory="true" control="label" bounds="0, 0, 0, 0" label="" prefixValue="" postfixValue=""  separator="" enclosedStart=""   tabOrder="" hint="" />
			<param position="4" paramType="ParentPickList" value="WinSQL_TABLEFIELDS" mandatory="true" control="checklistbox" bounds="100, 35, 200, 60" label="Fields" labelBounds="5, 35, 90, 60"  prefixValue="" postfixValue=""  separator="," enclosedStart=""  enclosedEnd=""  tabOrder="2" hint="Select the fields you wish to include in this index" />								
		</paramList>
	   	 
	</adminTask>
	
    </adminTasks>
</WinSQLDatabaseType>
