<?xml version="1.0" encoding="iso-8859-1" ?>

<!-- 
Following variables are considered as keyword by WinSQL and can appear either in 
elements or attribute values.


WinSQL_SCHEMA			  __ Owner of the object. Will get replaced at run time automatically
WinSQL_OBJNAME		  __ Any object. Could be table, view, trigger, stored procedure, etc.
WinSQL_FULLOBJNAME  __ Any object. This is a combination of schema and objName separated by a dot
WinSQL_PARENTVALUE  __ This is the value returned by the parent query. Is only used in the extension
                       where level is 2.  



	dbName -
		is the Name of the database. This name should be the DBMS Name 
		returned by the ODBC driver. It should match the "DBMS Name" value
		in WinSQL catalog window. WinSQL uses this information to associate
		plugin files to a database. If this information is incorrect, WinSQL
		will not automatically select the Plugin type in the connection window.
	
	dbAlias -
		This is a friendly name for this plugin. This is what appears on the connection
		window.
	 -->
<WinSQLDatabaseType dbName="Informix" dbAlias="Informix"  version="3.8">
	<view supported="yes">
		<viewDDL supported="yes">
			<query>
				<sqlString encrypted="true"><![CDATA[
GHEQC@7T@DQRDG						
@RMTUB>0@#@RMTUB>B@RHU						
/@#@QIUHTUB>B@RHU@/@#@DQH9G>B@QDQN9					
@B@CQJTUBC7C@<0@C9QM0C7C@IGDP@GHEQC@<B8QB9QM0@BSQJQC
					 ]]></sqlString>
				<paramList>
					<param position="1" datatype="CHAR" value="WinSQL_SCHEMA" tag="1"/>
					<param position="2" datatype="CHAR" value="WinSQL_OBJNAME" tag="1"/>
				</paramList>
			</query>
		</viewDDL>
	</view>
	<!-- The storedProcedure element tells WinSQL how to process a Stored procedure -->
	<storedProcedures supported="yes">
		<storedProcDDL supported="yes">
			<query>
				<sqlString postProcessor="3" encrypted="true"><![CDATA[
GHEQC@7T@DQRDG							
/@#@QIUHSGDF@RHU@/@#@DQH9G@RHU@RMSGDF>F@#@RMSGDF>T@RHU@'b'@#@7QKUBUR>T@QDQN9							
F@CQDARQSGDFC7C@<T@7RGTSGDFC7C@IGDP							
GHEQC@<UBUR@BSQJQC							
				]]></sqlString>
				<paramList>
					<param position="1" datatype="CHAR" value="WinSQL_SCHEMA" tag="1"/>
					<param position="2" datatype="CHAR" value="WinSQL_OBJNAME" tag="1"/>
				</paramList>
			</query>
		</storedProcDDL>
	</storedProcedures>
	
	
	
	<dropIndexDDL supported="yes">		
		<query>
			<sqlString><![CDATA[drop index ?.? ]]></sqlString>
			<paramList>
				<param position="1" datatype="INTEGER" value="WinSQL_OBJNAME"  tag="1"/>
				<param position="2" datatype="INTEGER" value="WinSQL_INDEXNAME"  tag="1"/>					
			</paramList>
		</query>		
	</dropIndexDDL>
	
	
	<createIndexDDL supported="yes">
		<query>
		<sqlString postProcessor="2" encrypted="true"><![CDATA[


W@7T@DQRDG

V@#@RMTUB@QDQN9
CQJTUBC7C@IGDP
vvV@<'['@BSQJQC
HGMHA

RMTUB>B@#@RMTUB>M@RHU@@@@
GHJGS>S@#@zVBDUF>M@RHU@@@@
RMTUB>S@#@RMTUB>B@RHU@@@@
/@#@DQH9G>B@RHU@@@@
/@#@QIUHTUB>B@RHU@@@@
/@#@[QIUH8RM]IMDB@QDQN9
S@CHIAJGSC7C>8MIDGPHM@<B@CQJTUBC7C@<M@CQ8QRHMC7C@IGDP
GHJGS>S@<QIUHJGS>S@||@'@<'@BSQJQC

HGMHA


RMTUB>B@#@RMTUB>M@RHU@@@@
GHJGS>S@#@ZVBDUF>M@RHU@@@@
RMTUB>S@#@RMTUB>B@RHU@@@@
/@#@DQH9G>B@RHU@@@@
/@#@QIUHTUB>B@RHU@@@@
/@#@[QIUH8RM]IMDB@QDQN9
S@CHIAJGSC7C>8MIDGPHM@<B@CQJTUBC7C@<M@CQ8QRHMC7C@IGDP
GHJGS>S@<QIUHJGS>S@||@'@<'@BSQJQC

HGMHA


RMTUB>B@#@RMTUB>M@RHU@@@@
GHJGS>S@#@YVBDUF>M@RHU@@@@
RMTUB>S@#@RMTUB>B@RHU@@@@
/@#@DQH9G>B@RHU@@@@
/@#@QIUHTUB>B@RHU@@@@
/@#@[QIUH8RM]IMDB@QDQN9
S@CHIAJGSC7C>8MIDGPHM@<B@CQJTUBC7C@<M@CQ8QRHMC7C@IGDP
GHJGS>S@<QIUHJGS>S@||@'@<'@BSQJQC

HGMHA


RMTUB>B@#@RMTUB>M@RHU@@@@
GHJGS>S@#@XVBDUF>M@RHU@@@@
RMTUB>S@#@RMTUB>B@RHU@@@@
/@#@DQH9G>B@RHU@@@@
/@#@QIUHTUB>B@RHU@@@@
/@#@[QIUH8RM]IMDB@QDQN9
S@CHIAJGSC7C>8MIDGPHM@<B@CQJTUBC7C@<M@CQ8QRHMC7C@IGDP
GHJGS>S@<QIUHJGS>S@||@'@<'@BSQJQC

HGMHA


RMTUB>B@#@RMTUB>M@RHU@@@@
GHJGS>S@#@WVBDUF>M@RHU@@@@
RMTUB>S@#@RMTUB>B@RHU@@@@
/@#@DQH9G>B@RHU@@@@
/@#@QIUHTUB>B@RHU@@@@
/@#@[QIUH8RM]IMDB@QDQN9
S@CHIAJGSC7C>8MIDGPHM@<B@CQJTUBC7C@<M@CQ8QRHMC7C@IGDP
GHJGS>S@<QIUHJGS>S@||@'@<'@BSQJQC

HGMHA


RMTUB>B@#@RMTUB>M@RHU@@@@
GHJGS>S@#@VVBDUF>M@RHU@@@@
RMTUB>S@#@RMTUB>B@RHU@@@@
/@#@DQH9G>B@RHU@@@@
/@#@QIUHTUB>B@RHU@@@@
/@#@[QIUH8RM]IMDB@QDQN9
S@CHIAJGSC7C>8MIDGPHM@<B@CQJTUBC7C@<M@CQ8QRHMC7C@IGDP
GHJGS>S@<QIUHJGS>S@||@'@<'@BSQJQC

HGMHA


RMTUB>B@#@RMTUB>M@RHU@@@@
GHJGS>S@#@vVBDUF>M@RHU@@@@
RMTUB>S@#@RMTUB>B@RHU@@@@
/@#@DQH9G>B@RHU@@@@
/@#@QIUHTUB>B@RHU@@@@
/@#@[QIUH8RM]IMDB@QDQN9
S@CHIAJGSC7C>8MIDGPHM@<B@CQJTUBC7C@<M@CQ8QRHMC7C@IGDP
GHJGS>S@<QIUHJGS>S@||@'@<'@BSQJQC

HGMHA


RMTUB>B@#@RMTUB>M@RHU@@@@
GHJGS>S@#@wBDUF>M@RHU@@@@
RMTUB>S@#@RMTUB>B@RHU@@@@
/@#@DQH9G>B@RHU@@@@
/@#@QIUHTUB>B@RHU@@@@
/@#@[QIUH8RM]IMDB@QDQN9
S@CHIAJGSC7C>8MIDGPHM@<B@CQJTUBC7C@<M@CQ8QRHMC7C@IGDP
GHJGS>S@<QIUHJGS>S@||@'@<'@BSQJQC

HGMHA


RMTUB>B@#@RMTUB>M@RHU@@@@
GHJGS>S@#@xBDUF>M@RHU@@@@
RMTUB>S@#@RMTUB>B@RHU@@@@
/@#@DQH9G>B@RHU@@@@
/@#@QIUHTUB>B@RHU@@@@
/@#@[QIUH8RM]IMDB@QDQN9
S@CHIAJGSC7C>8MIDGPHM@<B@CQJTUBC7C@<M@CQ8QRHMC7C@IGDP
GHJGS>S@<QIUHJGS>S@||@'@<'@BSQJQC

HGMHA


RMTUB>B@#@RMTUB>M@RHU@@@@
GHJGS>S@#@yBDUF>M@RHU@@@@
RMTUB>S@#@RMTUB>B@RHU@@@@
/@#@DQH9G>B@RHU@@@@
/@#@QIUHTUB>B@RHU@@@@
/@#@[QIUH8RM]IMDB@QDQN9
S@CHIAJGSC7C>8MIDGPHM@<B@CQJTUBC7C@<M@CQ8QRHMC7C@IGDP
GHJGS>S@<QIUHJGS>S@||@'@<'@BSQJQC

HGMHA


RMTUB>B@#@RMTUB>M@RHU@@@@
GHJGS>S@#@zBDUF>M@RHU@@@@
RMTUB>S@#@RMTUB>B@RHU@@@@
/@#@DQH9G>B@RHU@@@@
/@#@QIUHTUB>B@RHU@@@@
/@#@[QIUH8RM]IMDB@QDQN9
S@CHIAJGSC7C>8MIDGPHM@<B@CQJTUBC7C@<M@CQ8QRHMC7C@IGDP
GHJGS>S@<QIUHJGS>S@||@'@<'@BSQJQC

HGMHA


RMTUB>B@#@RMTUB>M@RHU@@@@
GHJGS>S@#@ZBDUF>M@RHU@@@@
RMTUB>S@#@RMTUB>B@RHU@@@@
/@#@DQH9G>B@RHU@@@@
/@#@QIUHTUB>B@RHU@@@@
/@#@[QIUH8RM]IMDB@QDQN9
S@CHIAJGSC7C>8MIDGPHM@<B@CQJTUBC7C@<M@CQ8QRHMC7C@IGDP
GHJGS>S@<QIUHJGS>S@||@'@<'@BSQJQC

HGMHA


RMTUB>B@#@RMTUB>M@RHU@@@@
GHJGS>S@#@YBDUF>M@RHU@@@@
RMTUB>S@#@RMTUB>B@RHU@@@@
/@#@DQH9G>B@RHU@@@@
/@#@QIUHTUB>B@RHU@@@@
/@#@[QIUH8RM]IMDB@QDQN9
S@CHIAJGSC7C>8MIDGPHM@<B@CQJTUBC7C@<M@CQ8QRHMC7C@IGDP
GHJGS>S@<QIUHJGS>S@||@'@<'@BSQJQC

HGMHA


RMTUB>B@#@RMTUB>M@RHU@@@@
GHJGS>S@#@XBDUF>M@RHU@@@@
RMTUB>S@#@RMTUB>B@RHU@@@@
/@#@DQH9G>B@RHU@@@@
/@#@QIUHTUB>B@RHU@@@@
/@#@[QIUH8RM]IMDB@QDQN9
S@CHIAJGSC7C>8MIDGPHM@<B@CQJTUBC7C@<M@CQ8QRHMC7C@IGDP
GHJGS>S@<QIUHJGS>S@||@'@<'@BSQJQC

HGMHA

RMTUB>B@#@RMTUB>M@RHU@@@@
GHJGS>S@#@WBDUF>M@RHU@@@@
RMTUB>S@#@RMTUB>B@RHU@@@@
/@#@DQH9G>B@RHU@@@@
/@#@QIUHTUB>B@RHU@@@@
/@#@[QIUH8RM]IMDB@QDQN9
S@CHIAJGSC7C>8MIDGPHM@<B@CQJTUBC7C@<M@CQ8QRHMC7C@IGDP
GHJGS>S@<QIUHJGS>S@||@'@<'@BSQJQC

HGMHA

RMTUB>B@#@RMTUB>M@RHU
GHJGS>S@#@VBDUF>M@RHU@@@@
RMTUB>S@#@RMTUB>B@RHU@@@@
/@#@DQH9G>B@RHU@@@@
/@#@QIUHTUB>B@RHU@@@@
/@#@[QIUH8RM]IMDB@QDQN9
S@CHIAJGSC7C>8MIDGPHM@<B@CQJTUBC7C@<M@CQ8QRHMC7C@IGDP
V%@<QIUHJGS>S@||@']'@||@[QIUHTUB>B]IMDB@||@'>'@||@[DQH9G>B]IMDB@||@'@HG@'@||@QIUH8RM@||@'@8QRHM'@@@@@@@@
||@RHQ@@@@@@@@
''@QCJQ@@@@@@@@@@@@
'@RQDQBCAJS'@hqnb@'s'@#@RQDQBCAJS@HQN9@@@@@@@@@@@@
QCUS@@@@@@@@

||@RHQ@@@@@@@@
''@QCJQ@@@@@@@@@@@@
'@QAEMHA'@hqnb@'a'@#@QF7B8RM@hqn2@@@@@@@@@@@@
qcus@@@@@@@@
||@'@QBUQDS'@BSQJQC

]]>
		</sqlString>
		<paramList>
			<param position="1" datatype="CHAR" value="WinSQL_INDEXNAME"  tag="1"/>
			<param position="2" datatype="CHAR" value="WinSQL_OBJNAME"  tag="1"/>			
			<param position="3" datatype="CHAR" value="WinSQL_SCHEMA"  tag="1"/>
			<param position="4" datatype="CHAR" value="WinSQL_INDEXNAME"  tag="1"/>
			<param position="5" datatype="CHAR" value="WinSQL_OBJNAME"  tag="1"/>			
			<param position="6" datatype="CHAR" value="WinSQL_SCHEMA"  tag="1"/>
			<param position="7" datatype="CHAR" value="WinSQL_INDEXNAME"  tag="1"/>
			<param position="8" datatype="CHAR" value="WinSQL_OBJNAME"  tag="1"/>			
			<param position="9" datatype="CHAR" value="WinSQL_SCHEMA"  tag="1"/>
			<param position="10" datatype="CHAR" value="WinSQL_INDEXNAME"  tag="1"/>
			<param position="11" datatype="CHAR" value="WinSQL_OBJNAME"  tag="1"/>			
			<param position="12" datatype="CHAR" value="WinSQL_SCHEMA"  tag="1"/>
			<param position="13" datatype="CHAR" value="WinSQL_INDEXNAME"  tag="1"/>
			<param position="14" datatype="CHAR" value="WinSQL_OBJNAME"  tag="1"/>			
			<param position="15" datatype="CHAR" value="WinSQL_SCHEMA"  tag="1"/>
			<param position="16" datatype="CHAR" value="WinSQL_INDEXNAME"  tag="1"/>
			<param position="17" datatype="CHAR" value="WinSQL_OBJNAME"  tag="1"/>			
			<param position="18" datatype="CHAR" value="WinSQL_SCHEMA"  tag="1"/>
			<param position="19" datatype="CHAR" value="WinSQL_INDEXNAME"  tag="1"/>
			<param position="20" datatype="CHAR" value="WinSQL_OBJNAME"  tag="1"/>			
			<param position="21" datatype="CHAR" value="WinSQL_SCHEMA"  tag="1"/>
			<param position="22" datatype="CHAR" value="WinSQL_INDEXNAME"  tag="1"/>
			<param position="23" datatype="CHAR" value="WinSQL_OBJNAME"  tag="1"/>			
			<param position="24" datatype="CHAR" value="WinSQL_SCHEMA"  tag="1"/>
			<param position="25" datatype="CHAR" value="WinSQL_INDEXNAME"  tag="1"/>
			<param position="26" datatype="CHAR" value="WinSQL_OBJNAME"  tag="1"/>			
			<param position="27" datatype="CHAR" value="WinSQL_SCHEMA"  tag="1"/>
			<param position="28" datatype="CHAR" value="WinSQL_INDEXNAME"  tag="1"/>
			<param position="29" datatype="CHAR" value="WinSQL_OBJNAME"  tag="1"/>			
			<param position="30" datatype="CHAR" value="WinSQL_SCHEMA"  tag="1"/>
			<param position="31" datatype="CHAR" value="WinSQL_INDEXNAME"  tag="1"/>
			<param position="32" datatype="CHAR" value="WinSQL_OBJNAME"  tag="1"/>			
			<param position="33" datatype="CHAR" value="WinSQL_SCHEMA"  tag="1"/>
			<param position="34" datatype="CHAR" value="WinSQL_INDEXNAME"  tag="1"/>
			<param position="35" datatype="CHAR" value="WinSQL_OBJNAME"  tag="1"/>			
			<param position="36" datatype="CHAR" value="WinSQL_SCHEMA"  tag="1"/>
			<param position="37" datatype="CHAR" value="WinSQL_INDEXNAME"  tag="1"/>
			<param position="38" datatype="CHAR" value="WinSQL_OBJNAME"  tag="1"/>			
			<param position="39" datatype="CHAR" value="WinSQL_SCHEMA"  tag="1"/>
			<param position="40" datatype="CHAR" value="WinSQL_INDEXNAME"  tag="1"/>
			<param position="41" datatype="CHAR" value="WinSQL_OBJNAME"  tag="1"/>			
			<param position="42" datatype="CHAR" value="WinSQL_SCHEMA"  tag="1"/>
			<param position="43" datatype="CHAR" value="WinSQL_INDEXNAME"  tag="1"/>
			<param position="44" datatype="CHAR" value="WinSQL_OBJNAME"  tag="1"/>			
			<param position="45" datatype="CHAR" value="WinSQL_SCHEMA"  tag="1"/>
			<param position="46" datatype="CHAR" value="WinSQL_INDEXNAME"  tag="1"/>
			<param position="47" datatype="CHAR" value="WinSQL_OBJNAME"  tag="1"/>			
			<param position="48" datatype="CHAR" value="WinSQL_SCHEMA"  tag="1"/>
			
			</paramList>
	    </query>	
	</createIndexDDL>
	<!-- 
	TRIGGERS

	 -->
	<triggers supported="yes">
		<!-- 
			The first element is for the retrieval of the SQL script that created the triggers.
			It must return 3 fields. 
			Field 1 - Trigger Name. If name is unknown, the query must return 'Not available'.
			Field 2 - Trigger Type. This can be either Insert, Update or Delete
			Field 3 - Trigger Text. This is the sql script that was used to create the trigger.
		 -->
		<triggerDDL  supported="yes">
			<query>
				<sqlString><![CDATA[
				select trigname, event, TRIM(TRAILING FROM SUBSTRING(b.data FROM 1 FOR 255)), 
						b2.data, b2.seqno
				from systriggers r, systrigbody b, systrigbody b2, systables t
				where t.tabid = r.tabid and r.trigid = b.trigid
					and t.owner = ? and t.tabname = ?
					and b2.datakey = 'A' and b.datakey = 'D'
					and b.trigid = b2.trigid
					order by trigname desc, b2.seqno
				 ]]></sqlString>
				<paramList>
					<param position="1" datatype="CHAR" value="WinSQL_SCHEMA" tag="1"/>
					<param position="2" datatype="CHAR" value="WinSQL_OBJNAME" tag="1"/>
				</paramList>
			</query>
		</triggerDDL>
	</triggers>
	<!-- Following is a list of extended elements.
		The immediate children of extendedNodes element MUST be a level1 element.
		The name of the element will appear as the header in the TreeView control
		
		Attribute description:
			name - This is the name that will appear in TreeView.
			displayType - This is where the result of the query will
						  get displayed. The possible values are:
						  
						  WinSQL_TreeView
						  WinSQL_GridView
						  WinSQL_ListView
						  WinSQL_TextView
						  
						  In case of WinSQL_TreeView, only the first column will
						  get displayed. 
						  
						  In case of WinSQL_ListView, only the first row of the
						  resultset will be displayed.
						  
						  In case of WinSQL_TextView, the text
						  will be tab delimited if more than one column is found.
			hasChildren - If yes, there can be another level node
	-->
	<extendedNodes>
		<extension level="1" name="Databases" displayType="WinSQL_TreeView" hasChildren="yes" useInDBDiff="no">	
			<query>
				<sqlString><![CDATA[
				select name from sysmaster:sysdatabases	
				 ]]></sqlString>
				<paramList>	</paramList>
			</query>
			<extension level="2" name="Database Detail" displayType="WinSQL_ListView" hasChildren="no" useInDBDiff="no">	
				<query>
					<sqlString><![CDATA[
					select * from sysmaster:sysdatabases	where name = ?		
					 ]]></sqlString>
					<paramList>
						<param position="1" datatype="CHAR" value="WinSQL_PARENTVALUE" tag="1"/>
					</paramList>
				</query>
			</extension> 
		</extension>
    
    <extension level="1" name="DB Spaces" displayType="WinSQL_TreeView" hasChildren="yes" useInDBDiff="no">	
			<query>
				<sqlString><![CDATA[
				select name from sysmaster:sysdbspaces		
				 ]]></sqlString>
				<paramList>	</paramList>
			</query>
			<extension level="2" name="Table Space Detail" displayType="WinSQL_ListView" hasChildren="no" useInDBDiff="no">	
				<query>
					<sqlString><![CDATA[
					select * from sysmaster:sysdbspaces	where name = ?		
					 ]]></sqlString>
					<paramList>
						<param position="1" datatype="CHAR" value="WinSQL_PARENTVALUE" tag="1"/>
					</paramList>
				</query>
			</extension> 
		</extension>
    
		<!-- Extension number 2 -->
		<extension level="1" name="Configuration" displayType="WinSQL_GridView" hasChildren="no" useInDBDiff="no">	
			<query>
				<sqlString><![CDATA[
				select cf_name ParamName, cf_original OriginalValue, cf_effective EffectiveValue, cf_default DefaultValue from sysmaster:sysconfig
				 ]]></sqlString>
				<paramList>	</paramList>
			</query>
		</extension>
	</extendedNodes>
	
	<parameters>
        <parameter name="RequireParenInSPIfNoParam" value="yes" />
		<parameter name="FetchParentRelationship" value="yes" />
		<parameter name="FetchDependentRelationship" value="yes" />
    </parameters>
	
</WinSQLDatabaseType>
