<?xml version="1.0" encoding="iso-8859-1" ?>

<!-- 
Following variables are considered as keyword by WinSQL and can appear either in 
elements or attribute values.

WinSQL_SCHEMA			  __ Owner of the object. Will get replaced at run time automatically
WinSQL_OBJNAME		  __ Any object. Could be table, view, trigger, stored procedure, etc.
WinSQL_FULLOBJNAME  __ Any object. This is a combination of schema and objName separated by a dot
WinSQL_PARENTVALUE  __ This is the value returned by the parent query. Is only used in the extension
                       where level is 2.  


	dbName -
		is the Name of the database. This name should be the DBMS Name 
		returned by the ODBC driver. It should match the "DBMS Name" value
		in WinSQL catalog window. WinSQL uses this information to associate
		plugin files to a database. If this information is incorrect, WinSQL
		will not automatically select the Plugin type in the connection window.
	
	dbAlias -
		This is a friendly name for this plugin. This is what appears on the connection
		window.
	 -->
<WinSQLDatabaseType dbName="MySQL" dbAlias="MySQL" version="3.8">
	<view supported="yes">
		<viewDDL supported="yes">
			<query>
				<sqlString colnum="2"><![CDATA[SHOW CREATE VIEW ? ]]></sqlString>
				<paramList>
					<param position="1" datatype="INT" value="WinSQL_OBJNAME"  tag="1"/>
				</paramList>
			</query>
		</viewDDL>
	</view>
	<!-- The storedProcedure element tells WinSQL how to process a Stored procedure -->
	<storedProcedures supported="yes">
		<storedProcDDL supported="yes">
			<query>
				<sqlString colnum="3"><![CDATA[SHOW CREATE PROCEDURE ? ]]></sqlString>
				<paramList>
					<param position="1" datatype="INT" value="WinSQL_OBJNAME"  tag="1"/>
				</paramList>
			</query>
		</storedProcDDL>
		
	
	</storedProcedures>
	<!-- 
	TRIGGERS

	-->
	<triggers supported="yes"> 
		<!-- 
			The first element is for the retrieval of the SQL script that created the triggers.
			It must return 3 fields. 
			Field 1 - Trigger Name. If name is unknown, the query must return 'Not available'.
			Field 2 - Trigger Type. This can be either Insert, Update or Delete
			Field 3 - Trigger Text. This is the sql script that was used to create the trigger.
		 -->
		<triggerDDL supported="no">
			<query>
				<sqlString><![CDATA[
				select tr.name, 'I' triggerType, c.text
				from sysobjects o, syscomments c, sysobjects tr, sysusers u
				where o.instrig = c.id and tr.id = c.id and u.uid = o.uid and u.name = ? and o.name = ?
				UNION
				select tr.name, 'U', c.text
				from sysobjects o, syscomments c, sysobjects tr, sysusers u
				where o.updtrig = c.id and tr.id = c.id and u.uid = o.uid and u.name = ? and o.name = ?
				UNION
				select tr.name, 'D', c.text
				from sysobjects o, syscomments c, sysobjects tr, sysusers u
				where o.deltrig = c.id and tr.id = c.id and u.uid = o.uid and u.name = ? and o.name = ?
				 ]]></sqlString>
				<paramList>
					<param position="1" datatype="VARCHAR" value="WinSQL_SCHEMA"  tag="1"/>
					<param position="2" datatype="VARCHAR" value="WinSQL_OBJNAME"  tag="1"/>
					<param position="3" datatype="VARCHAR" value="WinSQL_SCHEMA"  tag="1"/>
					<param position="4" datatype="VARCHAR" value="WinSQL_OBJNAME"  tag="1"/>
					<param position="5" datatype="VARCHAR" value="WinSQL_SCHEMA"  tag="1"/>
					<param position="6" datatype="VARCHAR" value="WinSQL_OBJNAME"  tag="1"/>
				</paramList>
			</query>
		</triggerDDL>
	</triggers>
	
	<createTableDDL supported="yes"> 						
		<query>
			<sqlString colnum="2"><![CDATA[SHOW CREATE TABLE ? ]]></sqlString>
			<paramList>
				<param position="1" datatype="INTEGER" value="WinSQL_OBJNAME"  tag="1"/>					
			</paramList>
		</query>		
	</createTableDDL>
	
	
	<!-- Following is a list of extended elements.
		The immediate children of extendedNodes element MUST be a level1 element.
		The name of the element will appear as the header in the TreeView control
		
		Attribute description:
			name - This is the name that will appear in TreeView.
			displayType - This is where the result of the query will
						  get displayed. The possible values are:
						  
						  WinSQL_TreeView
						  WinSQL_GridView
						  WinSQL_ListView
						  WinSQL_TextView
						  
						  In case of WinSQL_TreeView, only the first column will
						  get displayed. 
						  
						  In case of WinSQL_ListView, only the first row of the
						  resultset will be displayed.
						  
						  In case of WinSQL_TextView, the text
						  will be tab delimited if more than one column is found.
			hasChildren - If yes, there can be another level node
	-->
	<extendedNodes>
	   
		
		<extension level="1" name="Server Status" displayType="WinSQL_GridView" hasChildren="no" useInDBDiff="yes">	
			<query>
				<sqlString><![CDATA[
					SHOW STATUS
				 ]]></sqlString>
				<!-- Level 1 extensions CANNOT HAVE ANY PARAMETERS  -->
				<paramList>	</paramList>
			</query>
		</extension>
		
		<extension level="1" name="Configuration Variables" displayType="WinSQL_GridView" hasChildren="no" useInDBDiff="yes">	
			<query>
				<sqlString><![CDATA[
					SHOW VARIABLES
				 ]]></sqlString>
				<!-- Level 1 extensions CANNOT HAVE ANY PARAMETERS  -->
				<paramList>	</paramList>
			</query>
		</extension>
		
		
		<extension level="1" name="Table Status" displayType="WinSQL_GridView" hasChildren="no" useInDBDiff="yes">	
			<query>
				<sqlString><![CDATA[
					show table status
				 ]]></sqlString>
				<!-- Level 1 extensions CANNOT HAVE ANY PARAMETERS  -->
				<paramList>	</paramList>
			</query>
		</extension>


		<extension level="1" name="Sessions" displayType="WinSQL_GridView" hasChildren="no" useInDBDiff="no">	
			<query>
				<sqlString><![CDATA[
					SHOW PROCESSLIST
				 ]]></sqlString>
				<!-- Level 1 extensions CANNOT HAVE ANY PARAMETERS  -->
				<paramList>	</paramList>
			</query>
		</extension>

		<extension level="1" name="Users" displayType="WinSQL_GridView" hasChildren="no" useInDBDiff="no">	
			<query>
				<sqlString><![CDATA[
					select CONCAT(User, _utf8'@', Host) as UserName, mysql.user.*
					from mysql.user
				 ]]></sqlString>
				<!-- Level 1 extensions CANNOT HAVE ANY PARAMETERS  -->
				<paramList>	</paramList>
			</query>
		</extension>
		

		
		<extension level="1" name="Logs" displayType="WinSQL_GridView" hasChildren="no" useInDBDiff="no">	
			<query>
				<sqlString><![CDATA[
					SHOW LOGS
				 ]]></sqlString>
				<!-- Level 1 extensions CANNOT HAVE ANY PARAMETERS  -->
				<paramList>	</paramList>
			</query>
		</extension>

		
	</extendedNodes>
                           
    <parameters>
        <parameter name="RequireParenInSPIfNoParam" value="no" />
	<parameter name="FetchParentRelationship" value="yes" />
	<parameter name="FetchDependentRelationship" value="yes" />
	<parameter name="TableScript" value="SHOW CREATE TABLE $TABLENAME" />
        <parameter name="TableScriptColumn" value="2" />
	<parameter name="SupportsCommentsNatively" value="yes" />
    </parameters>
    
	
	
	
	
    
	<explain supported="true">
	    <prereqTables4Explain />	    	
	    <prereqDDL4Explain />
	    
	    <explainQueryInsert>
	    </explainQueryInsert>
	    
	    <explainQueryDelete required="true">
	    </explainQueryDelete>
	    
	    <explainQuerySelect displayType="grid"><![CDATA[EXPLAIN EXTENDED
	    $WINSQL_QUERY_STRING ]]>
	    </explainQuerySelect>	    
	</explain>
	
	
	
	
	
	
	
	
	
	
    <adminTasks>
    	<adminTask appliesTo="WinSQL_INDEX" 
					id="WinSQL_NewIndex" 
					name="Create New Index" 
					promptType="Dialog" 
					templateType="predefined"
					title="New index wizard" >	    
			<sqlString><![CDATA[
CREATE ? INDEX ? ?
    ON ?(?) 
    
			 ]]></sqlString>
			
			
			<paramList>	
				<param position="1" paramType="PickList" value=" |UNIQUE|FULLTEXT|SPATIAL" mandatory="false"  control="combobox" bounds="100, 100, 200, 20" label="Index type" labelBounds="5, 100, 90, 20" prefixValue="" postfixValue="" separator="" enclosedStart="" enclosedEnd="" tabOrder="3" hint="Type of index you wish to create" />						
				<param position="2" paramType="Textbox" value="" mandatory="true" control="editbox" bounds="100, 10, 200, 20" label="Index Name" labelBounds="5, 10, 90, 20" prefixValue="" postfixValue=""  separator="" enclosedStart=""  enclosedEnd="" tabOrder="1"  hint="Name of the index. This is a mandatory field" />
				<param position="3" paramType="PickList" value=" |BTREE|HASH" mandatory="false" control="combobox" bounds="100, 125, 200, 20" label="Indexing engine" labelBounds="5, 125, 90, 20" prefixValue="USING " postfixValue=""  separator="" enclosedStart=""  enclosedEnd="" tabOrder="4"  hint="Type of indexing engine" />						        
				<param position="4" paramType="ParentText" value="WinSQL_FULLOBJNAME" mandatory="true" control="label" bounds="0, 0, 0, 0" label="" prefixValue="" postfixValue=""  separator="" enclosedStart=""   tabOrder="" hint="" />
				<param position="5" paramType="ParentPickList" value="WinSQL_TABLEFIELDS" mandatory="true" control="checklistbox" bounds="100, 35, 200, 60" label="Fields" labelBounds="5, 35, 90, 60"  prefixValue="" postfixValue=""  separator="," enclosedStart=""  enclosedEnd=""  tabOrder="2" hint="Select the fields you wish to include in this index" />				

			</paramList>
	   	 
	</adminTask>
	
	

    	<adminTask appliesTo="" 
			id="Custom_CreateUsers" 
			name="New User..." 
			promptType="Dialog" 
			templateType="custom"
			title="New user wizard"
			menuSeparator="0">	    
			<sqlString><![CDATA[
GRANT ALL PRIVILEGES ON *.* TO ?@?
    IDENTIFIED BY ? ?

			 ]]></sqlString>
						
			<paramList>	
				<param position="1" paramType="Textbox" value=""  mandatory="true" control="editbox" bounds="100, 10, 200, 20" label="User name:" labelBounds="5, 10, 90, 20" prefixValue="" postfixValue="" separator="" enclosedStart="'" enclosedEnd="'" tabOrder="1" hint="User name" />						
				<param position="2" paramType="Textbox" value="%" mandatory="true" control="editbox" bounds="100, 35, 200, 20" label="Host Name:" labelBounds="5, 35, 90, 20" prefixValue="" postfixValue="" separator="" enclosedStart="'"  enclosedEnd="'" tabOrder="2"  hint="Host name. A % sign indicate all hosts" />
				<param position="3" paramType="Textbox" value=""  mandatory="true" control="editbox" bounds="100, 60, 200, 20" label="Password:"  labelBounds="5, 60, 90, 20" prefixValue="" postfixValue="" separator="" enclosedStart="'"  enclosedEnd="'" tabOrder="3"  hint="User's password" />						        
				<param position="4" paramType="Option" value="WITH GRANT OPTION" mandatory="false" control="checkbox" bounds="100, 85, 200, 20" label="" prefixValue="" postfixValue=""  separator="" enclosedStart=""   tabOrder="" hint="Check to assign GRANT option to the user" />				
			</paramList>
	   	 
	</adminTask>
	
	
	
	<adminTask appliesTo="" 
			id="Custom_GrantPermission" 
			name="Grant Permissions" 
			promptType="Dialog" 
			templateType="custom"
			title="Grant Permission Wizard"
			menuSeparator="0">	    
			<sqlString><![CDATA[
GRANT ? ON ?.? TO ?
    

			 ]]></sqlString>
						
			<paramList>	
				<param position="1" paramType="PickList" value="ALL PRIVILEGES|ALTER|ALTER ROUTINE|CREATE|CREATE ROUTINE|CREATE TEMPORARY TABLES|CREATE USER|CREATE VIEW|DELETE|DROP|EXECUTE|FILE|EXECUTE|FILE|INDEX|INSERT|LOCK TABLES|PROCESS|REFERENCES|RELOAD|REPLICATION CLIENT|REPLICATION SLAVE|SELECT|SHOW DATABASES|SHOW VIEW|SHUTDOWN|SUPER|UPDATE|GRANT OPTION"  mandatory="false" control="combobox" bounds="100, 10, 200, 20" label="Privilege type:" labelBounds="5, 10, 90, 20" prefixValue="" postfixValue="" separator="" enclosedStart="" enclosedEnd="" tabOrder="1" hint="User name" />						
				<param position="2" paramType="SQLLookup" value="" mandatory="true" control="combobox" bounds="100, 35, 200, 20" label="Database name:" labelBounds="5, 35, 90, 20" prefixValue="" postfixValue="" separator="" enclosedStart=""  enclosedEnd="" tabOrder="2"  hint="Database name">
				    <lookupSQL><![CDATA[show databases]]></lookupSQL>
				</param>
				<param position="3" paramType="SQLLookup" value="" mandatory="true" control="combobox" bounds="100, 60, 200, 20" label="Table name:" labelBounds="5, 60, 90, 20" prefixValue="" postfixValue="" separator="" enclosedStart=""  enclosedEnd="" tabOrder="3"  hint="Table name">
				    <lookupSQL><![CDATA[show tables]]></lookupSQL>
				</param>
				<param position="4" paramType="SQLLookup" value="" mandatory="true" control="combobox" bounds="100, 85, 200, 20" label="Table name:" labelBounds="5, 85, 90, 20" prefixValue="" postfixValue="" separator="" enclosedStart=""  enclosedEnd="" tabOrder="4"  hint="User name">
				    <lookupSQL><![CDATA[select CONCAT("'", User, "'", _utf8'@', "'", Host, "'") as UserName
from mysql.user]]></lookupSQL>
				</param>
			</paramList>
	   	 
	</adminTask>
    </adminTasks>
</WinSQLDatabaseType>
