<?xml version="1.0" encoding="iso-8859-1" ?>

<!-- 
Following variables are considered as keyword by WinSQL and can appear either in 
elements or attribute values.

WinSQL_SCHEMA			  __ Owner of the object. Will get replaced at run time automatically
WinSQL_OBJNAME		  __ Any object. Could be table, view, trigger, stored procedure, etc.
WinSQL_FULLOBJNAME  __ Any object. This is a combination of schema and objName separated by a dot
WinSQL_PARENTVALUE  __ This is the value returned by the parent query. Is only used in the extension
                       where level is 2.  


	dbName -
		is the Name of the database. This name should be the DBMS Name 
		returned by the ODBC driver. It should match the "DBMS Name" value
		in WinSQL catalog window. WinSQL uses this information to associate
		plugin files to a database. If this information is incorrect, WinSQL
		will not automatically select the Plugin type in the connection window.
	
	dbAlias -
		This is a friendly name for this plugin. This is what appears on the connection
		window.
	 -->
<WinSQLDatabaseType dbName="Microsoft SQL Server" dbAlias="MS SQL Server" version="3.8">
	<view supported="yes">
		<viewDDL supported="yes">
			<query>
				<sqlString postProcessor="3" encrypted="true"><![CDATA[
@/@B8QBFJQN_FC
				-DGBUHMIDQb7DQAe_DU1jecHM2-

[vV]duns@$@[XV]duns@$@'-DGBUHMIDQb7DQAe_DU1jecHM2-'@$@[vV]duns@$@[XV]duns	
@$@'(/)>(/)@9QM0@FGDR'@$@[vV]duns@$@[XV]duns	
@$@'[V@#@[''9QM1Cm''h@<RM]4bdqfgdfbsqltg@RHU@[''(/)>(/)''h]RM_BSQLTG@#@RM@QDQN9@CBSQLTGC7C>GTR@IGDP@*@BSQJQC]@CBCM8Q@PM'@BSQJQC

]]></sqlString>
				<paramList>
					
					<param position="1" datatype="INT" value="WinSQL_SCHEMA"  tag="1"/>
					<param position="2" datatype="INT" value="WinSQL_OBJNAME"  tag="1"/>
					<param position="3" datatype="INT" value="WinSQL_SCHEMA"  tag="1"/>
					<param position="4" datatype="INT" value="WinSQL_OBJNAME"  tag="1"/>
					<param position="5" datatype="VARCHAR" value="WinSQL_FULLOBJNAME"  tag="1"/>
				</paramList>
			</query>
		</viewDDL>
		
	</view>
	
	
	<dropIndexDDL supported="yes">		
		<query>
			<sqlString><![CDATA[DROP INDEX ?.? ]]></sqlString>
			<paramList>
				<param position="1" datatype="INT" value="WinSQL_FULLOBJNAME"  tag="1"/>
				<param position="2" datatype="INT" value="WinSQL_INDEXNAME"  tag="1"/>					
			</paramList>
		</query>		
	</dropIndexDDL>
	
	
	<!-- Following code fetches the record count for a given object -->
	<tableRecordCount>		
		<query>
			<sqlString><![CDATA[
select i.rowcnt
from sysindexes i, sysobjects o
where i.id = o.id and o.type = 'U'
and indid = 1
and o.uid = USER_ID(?)
and o.name = ?
order by o.name
			
			]]></sqlString>
			<paramList>
				<param position="1" datatype="VARCHAR" value="WinSQL_SCHEMA"  tag="1"/>
				<param position="2" datatype="VARCHAR" value="WinSQL_OBJNAME"  tag="1"/>					
			</paramList>
		</query>		
	</tableRecordCount>
	
	
	<indexDetails supported="yes">
	    <query>
		<sqlString encrypted="true"><![CDATA[
		
@@'-_C7c_u2_'@QKMJ@BGH@QIUH>C@RHU				
/@#@QIUH>A@RHU				
/@#@QIUH>VC@RHU				
RMA>A@#@RMA>VC@RHU				
RM>C@#@RM>VC@RHU				
RMFAGDO>WC@#@RMFAGDO>C@RHU				
/@#@QIUH>C@QDQN9				
A@CDQCAC7C>GTR@<VC@CBSQLTGC7C>GTR@<WC@CFAGDOQJMPC7C>GTR@<C@CQ8QRHMC7C>GTR@IGDP				
(DGBSUp@JJMp)@CU@DGBSUpJJMpOMDg>C@<(C7QK@PG@DQTIAh)@CU@BHS7QK>C@<(QIUh@FAGDo)@CU@QIUHFAGDO>WC				
<(QF7b@8QRHm)@CU@RHQ@'RQDQBCAJs%HGh'@QCJQ@'UBUR@QOUIm@DG@B8Qb'@HQNB@ZZW@HQN9@'RQDQBCAJs'@HQNB@V@HQN9@RMRHM>C@QCUS@BSQJQC		
				
				]]>
		</sqlString>
		<paramList>
			<param position="1" datatype="VARCHAR" value="WinSQL_INDEXNAME"  tag="1"/>
			<param position="2" datatype="VARCHAR" value="WinSQL_OBJNAME"  tag="2"/>
			<param position="3" datatype="VARCHAR" value="WinSQL_SCHEMA"  tag="3"/>
		</paramList>
	    </query>
	</indexDetails>
		
	
	<createIndexDDL supported="yes">
		<query>
		<sqlString encrypted="true"><![CDATA[

BJACQD @BSQJQC
'('@$@QIUhFAGDO @$@')@hg@'@$@BJACQD @#@BJACQD @BQC

[DGBSUPJJMP @<[X]DUNSDU0]bdq1hgs@$@'@#@dgbsupjjmp@nbm2@@@@'@$@[vV]duns@$@[XV]duns@$@BJACQD @#@BJACQD @BQC
[v@.@DGBSUPJJMP ]PM

'['@$@CRJQMP @$@BJACQD @#@BJACQD @BQC

rhq
V@$@7QKRHM @#@7QKRHM @bqc@@@@

'('@$@[7QKRHM @<RMRHM @<QIUhQJTUbM ]jgs_3qrhm@$@')@<'@$@CRJQMP @#@CRJQMP @bqc@qcjq@@@@
'('@$@[7QKRHM @<RMRHM @<QIUhQJTUbM ]jgs_3qrhm@$@')'@#@CRJQMP @bqc@V@#@7QKRHM @pm@@@@
hmoqt
jjah@bgh@cm@[7QKRHM @<RMRHM @<QIUhQJTUbM ]jgs_3qrhm@rhu@zV@#,@7QKRHM @qjmn2
V@#@7QKRHM @bqc

']@('@$@QIUhQJTUbM @$@')>('@$@DQH9gQJTUbM @$@')@hg@@@@'@$@[vV]duns@$@[XV]duns@$@'('@$@QIUh8QRHmM @$@')@3qrhm'@$@BJACQD @#@BJACQD @BQC

'@rqdqbcajs'@$@BJACQD @#@BJACQD @BQC@[V@#@RMRHM ]PM
'@qaemha'@$@BJACQD @#@BJACQD @BQC@v@.,@[W@&@CABUBC ]PM

v#[Yz@&@CABUBC>M]@RHU@ZZW@,@RMRHM@RHU@v@.@RMRHM@RHU
'a'@#@QF7B>C@RHU
QIUhQJTUbM @#@QIUH>C@RHU
RMFAGDO>M@#@RMFAGDO>O@RHU
RMA>C@#@RMA>A@RHU
RM>M@#@RM>C@RHU
qjtumdu1@%%@QIUh8QRHmM @#@QIUH>M@QDQN9
O@CFAGDOQJMPC7C@<A@CDQCAC7C@<C@CBSQLTGC7C@<M@CQ8QRHMC7C@IGDP
QIUHFAGDO>O@#@QIUhFAGDO @<DGBSUpJJMpOMDg>M@#@DGBSUPJJMP @@@@@@@
<CABUBC>M@#@CABUBC @<QIUH>M@#@QIUHRHM @<RMRHM@#@RMRHM @bsqjqc

'@qbuqds'@#@BJACQD @BQC

/@#@DQH9gQJTUbM @BQC
/@#@QIUhQJTUbM @BQC
/@#@QIUh8QRHmM @BQC

[zZW]DUNSDU0@DQH9gQJTUbM @<[zZW]DUNSDU0@QIUhQJTUbM @<[zZW]DUNSDU0@QIUh8QRHmM @qdujsqr


[xWV]DUNSDU0@QIUhFAGDO @@@
<BHMJJUIC@DGBSUPJJMP @<[YWvV]DUNSDU0@CRJQMP @@@
<[Yz]DUNSDU0@cQF7BRHM @<[vX]DUNSDU0@QIUH @<BHM@7QKRHM @@@
<BHM@CABUBC @<QIUHC7C@QIUHRHM @<BHMJJUIC@RMRHM @@@
<[YWvV]DUNSDU0@BJACQD <[W]DUNS@QF7B @<BHM@RM @qdujsqr

]]>
		</sqlString>
		<paramList>
			<param position="1" datatype="VARCHAR" value="WinSQL_INDEXNAME"  tag="1"/>
			<param position="2" datatype="VARCHAR" value="WinSQL_OBJNAME"  tag="2"/>
			<param position="3" datatype="VARCHAR" value="WinSQL_SCHEMA"  tag="3"/>
		</paramList>
	    </query>	
	</createIndexDDL>
	
	
	
	<createTableDDL supported="yes"> 				
		<query>
			<sqlString postProcessor="1" encrypted="true"><![CDATA[


's'@#@QF7B8>BR@RHU@@@@
RM>BR@#@RM>0S@RHU@@@@
RMFQR>QR@#@RM>TB@RHU@@@@
RM>QR@#@RM>0S@RHU@@@@
QIUhQJTUB @#@QIUH>TB@QDQN9
BR@CBSQLTGC7C@<TB@CBSQLTGC7C@<QR@CRHQFQRC7C@<0S@CBHQIIGSC7C@IGDP
'-DGBUHMIDQb7DQAe_DU1jecHM2-'@$@[vV]duns@$@[XV]duns@@@@
$@B8QB>0S@$@'@ksqns@'@$@QIUH>BR@$@'@bhmudbchgs@rru@@@@'@$@[vV]duns@$@[XV]duns@@@@@@@@
$@'@ksqnsgh@nbm2@('@$@QIUhQJTUB @$@')>('@$@UIQNScQJTUB @$@')@qjtub@dqbju'@BSQJQC


/@#@QIUhQJTUB @BQC
/@#@UIQNScQJTUB @BQC

[xWV]DUNSDU0@UIQNScQJTUB @<[xWV]DUNSDU0@QIUhQJTUB @qdujsqr


-DGBUHMIDQb7DQAe_DU1jecHM2-

DGCDAsBCHGS@qbusgjjuqr
DGCDAsBCHGS@qcgjs
rhq@@@@
[vV]duns@$@[XV]duns@$@'-DGBUHMIDQb7DQAe_DU1jecHM2-'@$@[vV]duns@$@[XV]duns@BSQJQC@@@@@@@@

QIUhBCHGS @gbhm@DGCDAsBCHGS@igdp@b3qh@nsbqp@@@@@@@@


rhq@@@@@@@@@@@@
BHMUDBCHGsKF @BSQJQC@@@@@@@@@@@@
'['@$@BHMUDBCHGsKF @#@BHMUDBCHGsKF @BQC@@@@@@@@@@@@




DGCDAsDUF@qbusgjjuqr@@@@@@@@@@@@
DGCDAsDUF@qcgjs@@@@@@@@@@@@

rhq@@@@@@@@@@@@@@@

CRJQMpBHQDUF @gbhm@DGCDAsDUF@igdp@b3qh@nsbqp@@@@@@@@@@@@@@@@@@
V@$@IAhPF @#@IAhPF @BQC@@@@@@@@@@@@@@@@@@

CRJQMpBHQDUF @$@'@<'@$@BHMUDBCHGsKF @#@BHMUDBCHGsKF @BQC@@@@@@@@@@@@@@@@@@@@@@
QCJQ@@@@@@@@@@@@@@@@@@
CRJQMpBHQDUF @$@BHMUDBCHGsKF @#@BHMUDBCHGsKF @BQC@@@@@@@@@@@@@@@@@@@@@@
[V@#@IAhPF ]@PM@@@@@@@@@@@@@@@@@@

hmoqt@@@@@@@@@@@@@@@
v@#@cabubc_nsbqp  @qjmn2@@@@@@@@@@@@

V@#@IAhPF @BQC@@@@@@@@@@@@

CRJQMpBHQDUF @GBHM@DGCDAsDUF@igdp@b3qh@nsbqp@@@@@@@@@@@@
DGCDAsDUF@hqfg@@@@@@@@@@@@




GH7QK>KPC@7T@DQRDG@@@@@@@@@@@@
'vuqVXusz__GH_RM__RJMNs__kp'@%%@QIUhBCHGS @#@QIUH>KP@RHU@@@@@@@@@@@@@@@@
DQRDGJGS>S@#@7QKD>KPC@RHU@@@@@@@@@@@@@@@@
RM>S@#@RM>BF@RHU@@@@@@@@@@@@@@@@
RMA>BF@#@RMA>C@RHU@@@@@@@@@@@@@@@@
RM>BF@#@RM7QKD>KPC@RHU@@@@@@@@@@@@@@@@
RM>BS@#@RM7QKP>KPC@RHU@@@@@@@@@@@@@@@@
RM>KP@#@RMBCHGS>KPC@QDQN9@@@@@@@@@@@@
S@CHIAJGSC7C>GTR@<C@CDQCAC7C>GTR@<KPC@C7QKHOMQDGPC7C@@@@@@@@@@@@@@@@
<KP@CBSQLTGC7C>GTR@<BS@CBSQLTGC7C>GTR@<BF@CBSQLTGC7C>GTR@IGDP@@@@@@@@@@@@
QIUH>S@BSQJQC@@@@@@@@@@@@
dgp@dgcdas@DGCDAsDUF@qdujsqr@@@@@@@@@@@@

BHM@IAhPF @qdujsqr@@@@@@@@@@@@
[vvvW]DUNSDU0@CRJQMpBHQDUF @qdujsqr@@@@@@@@@@@@


']@'@$@QIUhQJTUbBHQDUF @$@'@cqshqdqpqd@@@@'@$@BHMUDBCHGsKF @#@BHMUDBCHGsKF @BQC@@@@@@@@@@@@



'vuqVXusz__GH_RM__RJMNs__kp'@%%@QIUhBCHGS @#@QIUH>KP@RHU@@@@@@@@@@@@@@@@
RMA>BF@#@RMA>C@RHU@@@@@@@@@@@@@@@@
RM>BF@#@RM7QKD>KPC@RHU@@@@@@@@@@@@@@@@
RM>BS@#@RM7QKP>KPC@RHU@@@@@@@@@@@@@@@@
RM>KP@#@RMBCHGS>KPC@QDQN9@@@@@@@@@@@@
C@CDQCAC7C>GTR@<KPC@C7QKHOMQDGPC7C@@@@@@@@@@@@@@@@
<KP@CBSQLTGC7C>GTR@<BS@CBSQLTGC7C>GTR@<BF@CBSQLTGC7C>GTR@IGDP@@@@@@@@@@@@
'('@$@QIUH>BF@$@')>('@$@QIUH>C@$@')'@#@QIUhQJTUbBHQDUF @BSHMBCMR@BSQJQC@@@@@@@@@@@@


QIUhDQCA @#@uiqnsc_qjtub>C@RHU@QIUhQJTUB @#@qiuh_qjtub>C@RHU@@@@@@@@@@@@@@@@
RMFAGDO>O@#@RMFAGDO>M@RHU@@@@@@@@@@@@@@@@
qiuh_bhmudbchgs>C@#@QIUH>M@QDQN9@@@@@@@@@@@@
M@CQ8QRHMC7C@<O@CFAGDOQJMPC7C@<C@cbhmudbchgs_qjtub>uiqnsc_hgmbuidgphm@IGDP@@@@@@@@@@@@
QIUhFAGDO@#@FAGDoQJMP @BSQJQC@@@@@@@@@@@@


[vV]duns@$@[XV]duns@$@'['@$@BHMUDBCHGsKF @#@BHMUDBCHGsKF @BQC@@@@@@@@@@@@


DGCDAsKF@qbusgjjuqr@@@@@@@@@@@@
DGCDAsKF@qcgjs@@@@@@@@@@@@

rhq@@@@@@@@@@@@
QIUhHIAJGS @gbhm@DGCDAsKF@igdp@b3qh@nsbqp@@@@@@@@@@@@@@@@
V@$@BHAGsRJQMP @#@BHAGsRJQMP @BQC@@@@@@@@@@@@@@@@

QIUhHIAJGS @$@'@<'@$@BHMUDBCHGsKF @#@BHMUDBCHGsKF @BQC@@@@@@@@@@@@@@@@@@@@
QCJQ@@@@@@@@@@@@@@@@
QIUhHIAJGS @$@BHMUDBCHGsKF @#@BHMUDBCHGsKF @BQC@@@@@@@@@@@@@@@@@@@@
[V@#@BHAGsRJQMP ]PM@@@@@@@@@@@@@@@@

hmoqt@@@@@@@@@@@@
v@#@cabubc_nsbqp  @qjmn2@@@@@@@@@@@@

QIUhHIAJGS @gbhm@DGCDAsKF@igdp@b3qh@nsbqp@@@@@@@@@@@@
V@#@BHAGsRJQMP @BQC@@@@@@@@@@@@

DGCDAsKF@hqfg@@@@@@@@@@@@

QIUhBCHGS @#@qiuh_bhmudbchgs>B@RHU@@@@@@@@@@@@@@@@
QIUhDQCA @#@uiqnsc_qjtub>B@RHU@@@@@@@@@@@@@@@@
QIUhQJTUB @#@qiuh_qjtub>B@RHU@@@@@@@@@@@@@@@@
'4qk@homqdgp'@#@qf4b_bhmudbchgs>B@@@@@@@@@@@@@@@@
RHU@qiuh_bhmudbchgs>S@#@qiuh_bhmudbchgs>B@QDQN9@@@@@@@@@@@@
B@cbhmudbchgs_qjtub>uiqnsc_hgmbuidgphm@@@@@@@@@@@@@@@@
<S@qouca_hiajgs_bhmudbchgs>uiqnsc_hgmbuidgphm@IGDP@@@@@@@@@@@@
qiuh_hiajgs@bsqjqc@@@@@@@@@@@@
dgp@dgcdas@DGCDAsKF@qdujsqr@@@@@@@@@@@@

']@4qk@homqdgp@@@@'@$@[vV]duns@$@[XV]duns@@@@@@@@@@@@@@@@
$@'@('@$@QIUhBCHGS @$@')@bhmudbchgs@rru@@@@'@$@[vV]duns@$@[XV]duns@$@BHMUDBCHGsKF @#@BHMUDBCHGsKF @BQC@@@@@@@@@@@@
QIUhQJTUbJJAP @$@'@qjtub@dqbju'@#@BHMUDBCHGsKF @BQC@@@@@@@@@@@@


hmoqt@@@@@@@@@@@@
[JJAH@BGH@CM@QIUhBCHGS ]@pm@@@@@@@@

hmoqt@@@@
v@#@cabubc_nsbqp  @qjmn2

QIUhBCHGS @gbhm@DGCDAsBCHGS@igdp@b3qh@nsbqp
DGCDAsBCHGS@hqfg

'4qk@homqdgp'@#@qf4b_bhmudbchgs@RHU@@@@@@@@
QIUhDQCA @#@uiqnsc_qjtub@RHU@QIUhQJTUB @#@qiuh_qjtub@QDQN9@@@@
cbhmudbchgs_qjtub>uiqnsc_hgmbuidgphm@IGDP@@@@
qiuh_bhmudbchgs@BSQJQC
dgp@dgcdas@DGCDAsBCHGS@qdujsqr



'('@$@QIUhQJTUB @$@')>('@$@QIUhDQCA @$@')'@#@QIUhQJTUbJJAP @BQC
/@#@QIUhQJTUB @BQC
/@#@QIUhDQCA @BQC

[zZW]DUNSDU0@QIUhQJTUbBHQDUF @<[xWV]DUNSDU0@QIUhBCHGS @@@@
<[xWV]DUNSDU0@FAGDoQJMP @<BHM@BHAGsRJQMP @@@@
<[xWV]DUNSDU0@QIUhHIAJGS @<[zZW]DUNSDU0@QIUhQJTUbJJAP @@@@
<[xWV]DUNSDU0@QIUhQJTUB @<[xWV]DUNSDU0@QIUhDQCA @qdujsqr
[vvvW]DUNSDU0@BHMUDBCHGsKF @qdujsqr


[vV]duns@$@[XV]duns@$@'-DGBUHMIDQb7DQAe_DU1jecHM2-'@$@[vV]duns@$@[XV]duns@BSQJQC

-DGBUHMIDQb7DQAe_DU1jecHM2-


QIUhQJTUbJJAP @$@'@HG@RQHMPQR@C7QK@7DUIMDF@Gh@%%'@BSQJQC@@@@
qcjq
rhq@@@@
BHMUDBCHGsKF @BSQJQC@@@@
'('@$@FAGDoQJMP @$@')@hg@@@@'@$@BHMUDBCHGsKF @#@BHMUDBCHGsKF @BQC@@@@

QIUhDQCA @#@uiqnsc_qjtub>C@RHU@QIUhQJTUB @#@qiuh_qjtub>C@RHU@@@@@@@@
RMFAGDO>O@#@RMFAGDO>M@RHU@@@@@@@@
qiuh_bhmudbchgs>C@#@QIUH>M@QDQN9@@@@
M@CQ8QRHMC7C@<O@CFAGDOQJMPC7C@<C@cbhmudbchgs_qjtub>uiqnsc_hgmbuidgphm@IGDP@@@@
QIUhFAGDO@#@FAGDoQJMP @BSQJQC@@@@


[vV]duns@$@[XV]duns@$@'['@$@BHMUDBCHGsKF @#@BHMUDBCHGsKF @BQC@@@@


DGCDAsKF@qbusgjjuqr@@@@
DGCDAsKF@qcgjs@@@@

rhq@@@@
QIUhHIAJGS @gbhm@DGCDAsKF@igdp@b3qh@nsbqp@@@@@@@@
V@$@BHAGsRJQMP @#@BHAGsRJQMP @BQC@@@@@@@@

QIUhHIAJGS @$@'@<'@$@BHMUDBCHGsKF @#@BHMUDBCHGsKF @BQC@@@@@@@@@@@@
QCJQ@@@@@@@@
QIUhHIAJGS @$@BHMUDBCHGsKF @#@BHMUDBCHGsKF @BQC@@@@@@@@@@@@
[V@#@BHAGsRJQMP ]PM@@@@@@@@

hmoqt@@@@
v@#@cabubc_nsbqp  @qjmn2@@@@

QIUhHIAJGS @gbhm@DGCDAsKF@igdp@b3qh@nsbqp@@@@
V@#@BHAGsRJQMP @BQC@@@@

DGCDAsKF@hqfg@@@@

QIUhDQCA @#@uiqnsc_qjtub>B@RHU@@@@@@@@
QIUhQJTUB @#@qiuh_qjtub>B@RHU@@@@@@@@
'4qk@4duimdf'@#@qf4b_bhmudbchgs>B@@@@@@@@
RHU@qiuh_bhmudbchgs>S@#@qiuh_bhmudbchgs>B@QDQN9@@@@
B@cbhmudbchgs_qjtub>uiqnsc_hgmbuidgphm@@@@@@@@
<S@qouca_hiajgs_bhmudbchgs>uiqnsc_hgmbuidgphm@IGDP@@@@
qiuh_hiajgs@bsqjqc@@@@
dgp@dgcdas@DGCDAsKF@qdujsqr@@@@

']@4qk@4duimdf@@@@'@$@[vV]duns@$@[XV]duns@@@@@@@@
$@'@('@$@QIUhKF @$@')@bhmudbchgs@rru@@@@'@$@[vV]duns@$@[XV]duns@$@BHMUDBCHGsKF @#@BHMUDBCHGsKF @BQC@@@@
'ksqnsgh@nbm2@'@$@QIUhQJTUbJJAP @$@'@qjtub@dqbju'@#@BHMUDBCHGsKF @BQC@@@@


hmoqt@@@@
[JJAH@BGH@CM@QIUhKF ]@pm


'4qk@4duimdf'@#@qf4b_bhmudbchgs@RHU@@@@@@@@
QIUhDQCA @#@uiqnsc_qjtub@RHU@QIUhQJTUB @#@qiuh_qjtub@QDQN9@@@@
cbhmudbchgs_qjtub>uiqnsc_hgmbuidgphm@IGDP@@@@
qiuh_bhmudbchgs@#@QIUhKF @BSQJQC



'('@$@QIUhQJTUB @$@')>('@$@QIUhDQCA @$@')'@#@QIUhQJTUbJJAP @BQC
/@#@QIUhQJTUB @BQC
/@#@QIUhDQCA @BQC

[xWV]DUNSDU0@QIUhKF @@@@
<[xWV]DUNSDU0@FAGDoQJMP @<BHM@BHAGsRJQMP @@@@
<[xWV]DUNSDU0@QIUhHIAJGS @<[zZW]DUNSDU0@QIUhQJTUbJJAP @@@@
<[xWV]DUNSDU0@QIUhQJTUB @<[xWV]DUNSDU0@QIUhDQCA @qdujsqr
[vvvW]DUNSDU0@BHMUDBCHGsKF @qdujsqr

-DGBUHMIDQb7DQAe_DU1jecHM2-

[vV]duns@$@[XV]duns@$@'-DGBUHMIDQb7DQAe_DU1jecHM2-'@$@[vV]duns@$@[XV]duns@BSQJQC

-DGBUHMIDQb7DQAe_DU1jecHM2-

W@7T@DQRDG

[V@<v]@HM@RMRHM>M@rhu@@@@
RmBSQLTG @#@RM>M@rhu@@@@
RMFAGDO>C@#@RMFAGDO>M@qdqn2
M@CQ8QRHMC7C>GTR@<C@CFAGDOQJMPC7C>GTR@igdp
vvvvV@<@'('@$@QIUHFAGDO>C@$@')@hg@['@BSQJQC

hgmha
QF7BDQCA8>WC@#@QF7B8>WC@RHU
qiuh_hiajgs>S@#@QIUH>C@RHU
QIUhDQCA @#@uiqnsc_qjtub>S@RHU
QIUhQJTUB @#@qiuh_qjtub>S@RHU
QF7B8>WC@#@QF7B8>C@RHU
RM>VC@#@RM>C@RHU
QIUhQJTUB @#@QIUH>VC@QDQN9
S@chiajgs>uiqnsc_hgmbuidgphm@<WC@CQF7BC7C>GTR@@@@
<VC@CBSQLTGC7C>GTR@<C@CHIAJGSC7C>GTR@IGDP
DQRDGJGS>C@@@@@@@@

<@rhq@'@jjah@bgh@'@qcjq@'@jjah@'@hqnb@V@hqn2@QJTUJJAHCM>C@qcus@@@@@@@@
$@@rhq@@@@@@@@
''@qcjq@@@@@@@@@@@@
'@'@$@BJAUPQR_HIAJGS>S@$@'@bjaupqr@'@hqnb@V@#@[BJAUPQR_HIAJGS>S@<']']3qrhmduns@hqn2@@@@@@@@@@@@
>HUDIm@7T@zvvW@<xW@OAu@HG@RQRRU@CU9@CMNb@>QCAUJS@BJAUPQR@QNB@RRU@m@%%@@@@@@@@@@@@
HQNB@7JHG@RHU@HQNB@BHQCQDF@Pm@>HUDUF@OHMBDUBC@U@DGP@KSQNS@m@<QDGPQDQNb@>FA@RQ9QDSC@%%@@@@@@@@@@@@
CBQO@BFMDSC@CMNB@<QCAUJS@bjaupqr@qbuqds'@QNB@OHMCA@CBHMUDBHGS@BJAUPQr@U@GB@%%@@@@@@@@@@@@
rhagt@CM@BJAUPQR@U@PM@QCAUSQT@OHMHMOQT@QNB@HM@HUDUF@OHMHQFG@HU@DGP@KSQNS@m@%%@@@@@@@@@@@@
''@hqnb@jjah@cm@BJAUPQR_HIAJGS>S@hqn2@@@@@@@@@@@@
qcus@@@@@@@@
$@rhq@HGMBUJJGS>C@$@'@qbujjgs@'@qcjq@''@hqnb@'V%'@hqn2@['V%'@<HGMBUJJGS>C]jjahcm@qcus@@@@@@@@
$@rhq@'@['@$@[[[RmBSQLTG ]qiuh_bsqltg]dshm_bhqrm@<[vV]DUNSDU0]bdq1hgs@@@@@@@@
$@'<'@$@[[[RmBSQLTG ]qiuh_bsqltg]rqqc_bhqrm@<[vV]DUNSDU0]bdq1hgs@@@@@@@@
$@']4bmbhqrm@'@qcjq@@@@@@@@
''@hqnb@v@hqn2@['7BMBHQRmCm'@<@QIUH>C@<@RmBSQLTG @]@4bdqfgdfhiajgs@qcus@@@@@@@@

$@rhq@@@@@@@@
''@qcjq@@@@@@@@@@@@
'['@@$@[QJUSC>C@<[vV]DUNSDU0]bdq1hgs@$@'@<'@$@[SQDF>C@<[vW]DUNSDU0]bdq1hgs@$@']'@hqnb@'JUIMSQR'@hqn2@@@@@@@@
'['@@$@[QJUSC>C@<[vV]DUNSDU0]bdq1hgs@$@'@<'@$@[SQDF>C@<[vW]DUNSDU0]bdq1hgs@$@']'@hqnb@'SMDQIAH'@hqn2@@@@@@@@@@@@
'['@$@[NBOHQJ>C@<[vW]DUNSDU0]bdq1hgs@$@']'@hqnb@'7DUHMT'@hqn2@@@@@@@@@@@@
'['@$@[NBOHQJ>C@<[vW]DUNSDU0]bdq1hgs@$@']'@hqnb@'7DUHMTDU0'@hqn2@@@@@@@@@@@@
'['@$@[NBOHQJ>C@<[vW]DUNSDU0]bdq1hgs@$@']'@hqnb@'DUNS'@hqn2@@@@@@@@@@@@
'['@$@[NBOHQJ>C@<[vW]DUNSDU0]bdq1hgs@$@']'@hqnb@'DUNSH'@hqn2@@@@@@@@@@@@
'['@$@[NBOHQJ>C@<[vW]DUNSDU0]bdq1hgs@$@']'@hqnb@'DUNSDU0'@hqn2@@@@@@@@@@@@
'['@$@[NBOHQJ>C@<[vW]DUNSDU0]bdq1hgs@$@']'@hqnb@'DUNSDU0H'@hqn2@@@@@@@@@@@@
QIUH>WC@qcus@@@@@@@@
$@'('@$@QIUH>WC@$@')@('@$@QIUH>C@$@')@@@@'@@@@@@@@
$@rhq@'<'@qcjq@'@'@hqnb@V@hqn2@DQRDGJGS>C@qcus@@BSQJQC
hgmha
V%@<']('@$@QIUhQJTUB @$@')>('$@QIUhDQCA @$@')@qjtub@qbuqds'@BSQJQC
hgmha
W%@<[vV]duns@$@[XV]duns@$@'-DGBUHMIDQb7DQAe_DU1jecHM2-'@$@[vV]duns@$@[XV]duns@@@@
$@'('@$@QIUhQJTUB @$@')>('@$@QIUhDQCA @$@')@QJTUB@FGDR'@$@[vV]duns@$@[XV]duns@@@@
$@'[V@#@[''QJTUbDQCaCm''h@<RM]4bdqfgdfbsqltg@RHU@[''('@$@@QIUhQJTUB @$@')>('@@@@
$@QIUhDQCA @$@')''h]RM_BSQLTG@#@RM@QDQN9@CBSQLTGC7C>GTR@IGDP@*@BSQJQC]@CBCM8Q@PM'@BSQJQC


QIUhDQCA @#@QIUH>A@RHU
QIUhQJTUB @#@QIUH>G@RHU
RMA>A@#@RMA>G@QDQN9
A@CDQCAC7C@<G@CBSQLTGC7C@IGDP@RM@#@RmBSQLTG @BSQJQC

/@#@QIUhQJTUB @BQC
/@#@QIUhDQCA @BQC

BHM@RmBSQLTG @<[xWV]DUNSDU0@QIUhQJTUB @<[xWV]DUNSDU0@QIUhDQCA @qdujsqr




			]]></sqlString>
			<paramList>
				<param position="1" datatype="VARCHAR" value="WinSQL_SCHEMA"  tag="1"/>		
				<param position="2" datatype="VARCHAR" value="WinSQL_OBJNAME"  tag="2"/>	
				<param position="3" datatype="VARCHAR" value="WinSQL_SCHEMA"  tag="3"/>		
				<param position="4" datatype="VARCHAR" value="WinSQL_OBJNAME"  tag="4"/>
				<param position="5" datatype="VARCHAR" value="WinSQL_SCHEMA"  tag="5"/>		
				<param position="6" datatype="VARCHAR" value="WinSQL_OBJNAME"  tag="6"/>
				<param position="7" datatype="VARCHAR" value="WinSQL_SCHEMA"  tag="7"/>		
				<param position="8" datatype="VARCHAR" value="WinSQL_OBJNAME"  tag="8"/>
			</paramList>
		</query>		
	</createTableDDL>
	
	
	
		
		
	<!-- The storedProcedure element tells WinSQL how to process a Stored procedure -->
	<storedProcedures supported="yes">
		<storedProcDDL supported="yes">
			<query>
				<sqlString postProcessor="3"><![CDATA[
select 'if exists (select * from dbo.sysobjects where id = object_id(N''[?].[?]'') and OBJECTPROPERTY(id, N''IsProcedure'') = 1)' + 
	CHAR(13) + CHAR(10) + 'drop procedure [?].[?]' + 
	CHAR(13) + CHAR(10) + '%WinSQLVar_QueryTerminator%' + CHAR(13) + CHAR(10)

%WinSQLVar_QueryTerminator%
	
sp_helptext ? ]]></sqlString>
				<paramList>
					<param position="1" datatype="INT" value="WinSQL_SCHEMA"  tag="1"/>
					<param position="2" datatype="INT" value="WinSQL_OBJNAME"  tag="1"/>
					<param position="3" datatype="INT" value="WinSQL_SCHEMA"  tag="1"/>
					<param position="4" datatype="INT" value="WinSQL_OBJNAME"  tag="1"/>
					<param position="5" datatype="VARCHAR" value="WinSQL_FULLOBJNAME"  tag="1"/>
				</paramList>
			</query>
		</storedProcDDL>
		
	
	</storedProcedures>
	<!-- 
	TRIGGERS

	-->
	<triggers supported="yes"> 
		<!-- 
			The first element is for the retrieval of the SQL script that created the triggers.
			It must return 3 fields. 
			Field 1 - Trigger Name. If name is unknown, the query must return 'Not available'.
			Field 2 - Trigger Type. This can be either Insert, Update or Delete
			Field 3 - Trigger Text. This is the sql script that was used to create the trigger.
		 -->
		<triggerDDL supported="yes">
			<query>
				<sqlString><![CDATA[
				select tr.name, 'I' triggerType, c.text
				from sysobjects o, syscomments c, sysobjects tr, sysusers u
				where o.instrig = c.id and tr.id = c.id and u.uid = o.uid and u.name = ? and o.name = ?
				UNION
				select tr.name, 'U', c.text
				from sysobjects o, syscomments c, sysobjects tr, sysusers u
				where o.updtrig = c.id and tr.id = c.id and u.uid = o.uid and u.name = ? and o.name = ?
				UNION
				select tr.name, 'D', c.text
				from sysobjects o, syscomments c, sysobjects tr, sysusers u
				where o.deltrig = c.id and tr.id = c.id and u.uid = o.uid and u.name = ? and o.name = ?
				 ]]></sqlString>
				<paramList>
					<param position="1" datatype="VARCHAR" value="WinSQL_SCHEMA"  tag="1"/>
					<param position="2" datatype="VARCHAR" value="WinSQL_OBJNAME"  tag="1"/>
					<param position="3" datatype="VARCHAR" value="WinSQL_SCHEMA"  tag="1"/>
					<param position="4" datatype="VARCHAR" value="WinSQL_OBJNAME"  tag="1"/>
					<param position="5" datatype="VARCHAR" value="WinSQL_SCHEMA"  tag="1"/>
					<param position="6" datatype="VARCHAR" value="WinSQL_OBJNAME"  tag="1"/>
				</paramList>
			</query>
		</triggerDDL>
	</triggers>
	<!-- Following is a list of extended elements.
		The immediate children of extendedNodes element MUST be a level1 element.
		The name of the element will appear as the header in the TreeView control
		
		Attribute description:
			name - This is the name that will appear in TreeView.
			displayType - This is where the result of the query will
						  get displayed. The possible values are:
						  
						  WinSQL_TreeView
						  WinSQL_GridView
						  WinSQL_ListView
						  WinSQL_TextView
						  
						  In case of WinSQL_TreeView, only the first column will
						  get displayed. 
						  
						  In case of WinSQL_ListView, only the first row of the
						  resultset will be displayed.
						  
						  In case of WinSQL_TextView, the text
						  will be tab delimited if more than one column is found.
			hasChildren - If yes, there can be another level node
	-->
	<extendedNodes>
	   
	   <extension level="1" name="Database Users" displayType="WinSQL_GridView" hasChildren="no" useInDBDiff="yes">	
			<query>
				<sqlString><![CDATA[
					sp_helpuser
				 ]]></sqlString>
				<!-- Level 1 extensions CANNOT HAVE ANY PARAMETERS  -->
				<paramList>	</paramList>
			</query>
		</extension>
	   
	   <extension level="1" name="System Logins" displayType="WinSQL_GridView" hasChildren="no" useInDBDiff="yes">	
			<query>
				<sqlString><![CDATA[
					SELECT
						LoginName 'Login ID',
						DbName 'DEFAULT DATABASE',
						language 'DEFAULT Language',
						
						'Account TYPE' = CASE
						WHEN IsntName = 1 THEN 'NT Authentication'
						ELSE 'SQL Authentication'
						END,
						
						'Group Account' = CASE
						WHEN IsntGroup = 1 THEN 'Yes'
						ELSE ' '
						END,
						
						'User Account' = CASE
						WHEN IsntUser = 1 THEN 'Yes'
						ELSE ' '
						END,
						
						'SysAdmin Member' = CASE
						WHEN SysAdmin = 1 THEN 'X'
						ELSE ' '
						END,
						
						'SecurityAdmin Member' = CASE
						WHEN SecurityAdmin = 1 THEN 'X'
						ELSE ' '
						END,
						
						'ServerAdmin Member' = CASE
						WHEN ServerAdmin = 1 THEN 'X'
						ELSE ' '
						END,
						
						'SetupAdmin Member' = CASE
						WHEN SetupAdmin = 1 THEN 'X'
						ELSE ' '
						END,
						
						'ProcessAdmin Member' = CASE
						WHEN ProcessAdmin = 1 THEN 'X'
						ELSE ' '
						END,
						
						'DiskAdmin Member' = CASE
						WHEN DiskAdmin = 1 THEN 'X'
						ELSE ' '
						END,
						
						'DbCreator Member' = CASE
						WHEN DbCreator = 1 THEN 'X'
						ELSE ' '
						END
						FROM Master..SysLogins
				 ]]></sqlString>
				<!-- Level 1 extensions CANNOT HAVE ANY PARAMETERS  -->
				<paramList>	</paramList>
			</query>
		</extension>
		
		
		
		<extension level="1" name="Server Info" displayType="WinSQL_GridView" hasChildren="no" useInDBDiff="no">	
			<query>
				<sqlString><![CDATA[
					sp_server_info
				 ]]></sqlString>
				<!-- Level 1 extensions CANNOT HAVE ANY PARAMETERS  -->
				<paramList>	</paramList>
			</query>
		</extension>
			
	   <extension level="1" name="User Data types" displayType="WinSQL_GridView" hasChildren="no" useInDBDiff="yes">	
			<query>
				<sqlString><![CDATA[
					select t.name 'Data Type', p.name 'System Type', b.name 'Creator',
					CASE t.allownulls
					    WHEN 0 THEN 'No'
					    ELSE 'Yes'
					    END
					as 'Allow Nulls', t.length 'Length', t.prec 'Precision', t.scale 'Scale'
					from dbo.systypes t, dbo.sysusers b, dbo.systypes p
					where t.uid = b.uid and t.usertype >= 100 and
					      t.type = p.type and p.usertype =
					        (select min(usertype)
					            from dbo.systypes where xtype = t.xtype)

				 ]]></sqlString>
				<!-- Level 1 extensions CANNOT HAVE ANY PARAMETERS  -->
				<paramList>	</paramList>
			</query>
		</extension>
		
	   <extension level="1" name="Check Constraints" displayType="WinSQL_TreeView" hasChildren="yes" useInDBDiff="yes">	
			<query>
				<sqlString><![CDATA[
				select name, id from sysobjects where type = 'C'				
				 ]]></sqlString>
				<!-- No parameters for rules  -->
				<paramList>	</paramList>
			</query>
			<extension level="2" name="Check constraints details" displayType="WinSQL_ListView" hasChildren="no" useInDBDiff="yes">	
				<query>
					<sqlString><![CDATA[
					select p.name AssociatedTableName, text from syscomments c, sysobjects s, sysobjects p
					where s.id = ? and s.id = c.id and p.id = s.parent_obj	
					 ]]></sqlString>
					<paramList>
						<param position="1" datatype="INT" value="WinSQL_PARENTVALUE"  tag="2"/>
					</paramList>
				</query>
			</extension> 
	   </extension>
		
	   <extension level="1" name="Rules" displayType="WinSQL_TreeView" hasChildren="yes" useInDBDiff="yes">	
			<query>
				<sqlString><![CDATA[
				select name, id from sysobjects where type = 'R'				
				 ]]></sqlString>
				<!-- No parameters for rules  -->
				<paramList>	</paramList>
			</query>
			<extension level="2" name="Rule Script" displayType="WinSQL_TextView" hasChildren="no" useInDBDiff="no">	
				<query>
					<sqlString><![CDATA[
					select text from syscomments where id = ? 				
					 ]]></sqlString>
					<paramList>
						<param position="1" datatype="INT" value="WinSQL_PARENTVALUE"  tag="2"/>
					</paramList>
				</query>
			</extension> 
		</extension>

		
		<extension level="1" name="Row count" displayType="WinSQL_GridView" hasChildren="no" useInDBDiff="yes">	
			<query>
				<sqlString><![CDATA[
					select o.name [Table Name], i.rowcnt [Row Count (Approx.)]
					   from sysindexes i, sysobjects o
					   where i.id = o.id and o.type = 'U'
	  				   and indid = 1		
					   order by o.name
				 ]]></sqlString>
				<!-- Level 1 extensions CANNOT HAVE ANY PARAMETERS  -->
				<paramList>	</paramList>
			</query>
		</extension>
		
		<extension level="1" name="Current sessions" displayType="WinSQL_GridView" hasChildren="no" useInDBDiff="no">	
			<query>
				<sqlString><![CDATA[
					sp_who
				 ]]></sqlString>
				<!-- Level 1 extensions CANNOT HAVE ANY PARAMETERS  -->
				<paramList>	</paramList>
			</query>
		</extension>		

	    <extension level="1" name="Databases" displayType="WinSQL_TreeView" hasChildren="yes" useInDBDiff="no">	
			<query>
				<sqlString><![CDATA[
				select name from master..sysdatabases				
				 ]]></sqlString>
				<!-- Level 1 extensions CANNOT HAVE ANY PARAMETERS  -->
				<paramList>	</paramList>
			</query>
			<extension level="2" name="Database Detail" displayType="WinSQL_ListView" hasChildren="no" useInDBDiff="no">	
				<query>
					<sqlString><![CDATA[
					select * from master..sysdatabases where name = ? 				
					 ]]></sqlString>
					<paramList>
						<param position="1" datatype="VARCHAR" value="WinSQL_PARENTVALUE"  tag="1"/>
					</paramList>
				</query>
			</extension> 
		</extension>
		
		<extension level="1" name="Data Devices" displayType="WinSQL_TreeView" hasChildren="yes" useInDBDiff="no">	
			<query>
				<sqlString><![CDATA[
				select name from master..sysdevices				
				 ]]></sqlString>
				<!-- Level 1 extensions CANNOT HAVE ANY PARAMETERS  -->
				<paramList>	</paramList>
			</query>
			<extension level="2" name="Data Device Detail" displayType="WinSQL_ListView" hasChildren="no" useInDBDiff="no">	
				<query>
					<sqlString><![CDATA[
					select * from master..sysdevices where name = ? 				
					 ]]></sqlString>
					<paramList>
						<param position="1" datatype="VARCHAR" value="WinSQL_PARENTVALUE"  tag="1"/>
					</paramList>
				</query>
			</extension> 
		</extension>
		
		<extension level="1" name="Data Files" displayType="WinSQL_TreeView" hasChildren="yes" useInDBDiff="no">	
			<query>
				<sqlString><![CDATA[
				select name from sysfiles				
				 ]]></sqlString>
				<!-- Level 1 extensions CANNOT HAVE ANY PARAMETERS  -->
				<paramList>	</paramList>
			</query>
			<extension level="2" name="Data Device Detail" displayType="WinSQL_ListView" hasChildren="no" useInDBDiff="no">	
				<query>
					<sqlString><![CDATA[
					select * from sysfiles where name = ? 				
					 ]]></sqlString>
					<paramList>
						<param position="1" datatype="VARCHAR" value="WinSQL_PARENTVALUE"  tag="1"/>
					</paramList>
				</query>
			</extension> 
		</extension>
		
	</extendedNodes>
                           
    <parameters>
        <parameter name="RequireParenInSPIfNoParam" value="no" />
	<parameter name="FetchParentRelationship" value="yes" />
	<parameter name="FetchDependentRelationship" value="yes" />
    </parameters>
	
	<!--
	Rules for code template
	
	1. lookFor must appear in the Begining of the query 
	2. There should be no new line characters in the query
	-->
	<codeTemplates>
		<codeTemplate caseSensitive="false" numParams="1">
			<lookFor>DESCRIBE $1</lookFor>
			<replaceWith>sp_help '$1'
			</replaceWith>
		</codeTemplate>
		
	</codeTemplates>
	
	
    <explain supported="true">
	    <prereqTables4Explain />	    	
	    <prereqDDL4Explain />
	    
	    <explainQueryInsert>
	    </explainQueryInsert>
	    
	    <explainQueryDelete required="true">
	    </explainQueryDelete>
	    
	    <explainQuerySelect displayType="text"><![CDATA[SET SHOWPLAN_TEXT ON
%WinSQLVar_QueryTerminator%
$WINSQL_QUERY_STRING
%WinSQLVar_QueryTerminator%
SET SHOWPLAN_TEXT OFF
	
	    ]]>
	    </explainQuerySelect>
	    
    </explain>
    
    
    <adminTasks>
    	<adminTask appliesTo="WinSQL_INDEX" 
					id="WinSQL_NewIndex" 
					name="Create New Index" 
					promptType="Dialog" templateType="predefined"
					title="New index wizard" 
					menuSeparator="0" >	    
			<sqlString><![CDATA[
CREATE ? ? INDEX ?
    ON ?(?) 
    ?
    ?
			 ]]></sqlString>
			
			<!--
			Explaination of paramList and param.
			
			Param defines how the "question marks" in the sqlString gets replaced with
			the actual data. ParamList has a list of "param" values that define how to interpret
			each parameter. Individual elements of a param are decribed below.
			
			
			position - This is the position of the "question-mark" within the sqlString
			paramType - Type of parameter. So far we have:
				Option - This is displayed as a checkbox and value is only generated if the user selects it
				PickList - Displayed as combo box or list box
				Textbox - Input box
				ParentText - Readonly - value comes from WinSQL itself. The value must be predefined values for plugins
				ParentPickList - Readonly - value comes from WinSQL and must be one of the predefined values
				SQLLookup - The source of this is an SQL query
			
			value - Value of the parameter. This could be different for each type. For example if the paramType
				is Option, this value defines what gets inserted into the final query
				Similarly, if the value is sqlQuery, this value is blank or can have the name of the field
				
			mandatory - true or false. If true, the field is mandatory
			
			control - This is the actual control that appears in the window. It must be one of the following values
				checkbox
				combobox
				editbox
				listbox
				checklistbox
				label
			
			bounds - Bounds of the control. Must be a comma separated values for Left, Top, Width, Height
			
			label - Caption for a label associated with this control
			
			labelBounds - Bounds for the labels
			
			prefixValue - Any text that should be used as prefix. You can put quotes if the value must be inclosed within quotes
			
			postfixValue - Similar to prefixValue but used as a postfix
			
			separator - If multiple values are selected, this serves as a separator
			
			
			
			lookupSQL - This is not a parameter but a child of param node and can have a valid SQL statement. It is only
				    useful if the paramType == SQLLookup
			-->
			<paramList>	
				<param position="1" paramType="Option" value="UNIQUE" mandatory="false"  control="checkbox" bounds="100, 175, 200, 20" label="Unique" labelBounds="-1" prefixValue="" postfixValue="" separator="" enclosedStart="" enclosedEnd="" tabOrder="6" hint="Check to create a unique index" />						
				<param position="2" paramType="PickList" value=" |CLUSTERED|NONCLUSTERED" mandatory="false" control="combobox" bounds="100, 125, 200, 20" label="Clustering" labelBounds="5, 125, 90, 20"  prefixValue="" postfixValue=""  separator="" enclosedStart=""  enclosedEnd=""  tabOrder="4" hint="Clustered or non-clustered. Check SQL Server documentation for more information." />		        
				<param position="3" paramType="Textbox" value="" mandatory="true" control="editbox" bounds="100, 10, 200, 20" label="Index Name" labelBounds="5, 10, 90, 20" prefixValue="" postfixValue=""  separator="" enclosedStart=""  enclosedEnd="" tabOrder="1"  hint="Name of the index. This is a mandatory field" />
				<param position="4" paramType="ParentText" value="WinSQL_FULLOBJNAME" mandatory="true" control="label" bounds="0, 0, 0, 0" label="" prefixValue="" postfixValue=""  separator="" enclosedStart=""   tabOrder="" hint="" />
				<param position="5" paramType="ParentPickList" value="WinSQL_TABLEFIELDS" mandatory="true" control="checklistbox" bounds="100, 35, 200, 60" label="Fields" labelBounds="5, 35, 90, 60"  prefixValue="" postfixValue=""  separator="," enclosedStart=""  enclosedEnd=""  tabOrder="2" hint="Select the fields you wish to include in this index" />				
				<param position="6" paramType="Textbox" value="" mandatory="false"  control="editbox" bounds="100, 100, 200, 20" label="Fill factor" labelBounds="5, 100, 90, 20" prefixValue="WITH " postfixValue="" enclosedStart="FILLFACTOR = "  enclosedEnd="" separator=", "   tabOrder="3" hint="A percentage value indicating how full SQL server should make the leaf level of each index page." />
				<param position="6" paramType="Option" value="IGNORE_DUP_KEY" mandatory="false"  control="checkbox" bounds="100, 200, 200, 20" label="Ignore duplicates" labelBounds="-1" prefixValue="WITH " postfixValue=""  separator=", " enclosedStart=""  enclosedEnd=""  tabOrder="7" hint="Ignore duplicates when creating index" />
				<param position="6" paramType="Option" value="DROP_EXISTING" mandatory="false"  control="checkbox" bounds="100, 225, 200, 20" label="Drop existing" labelBounds="-1" prefixValue="WITH " postfixValue=""  separator=", " enclosedStart=""  enclosedEnd=""  tabOrder="8" hint="Drop existing index if available" />
				<param position="6" paramType="Option" value="STATISTICS_NORECOMPUTE" mandatory="false"  control="checkbox" bounds="100, 250, 200, 20" label="Stats no recompute" labelBounds="-1" prefixValue="WITH " postfixValue=""  separator=", " enclosedStart=""  enclosedEnd=""  tabOrder="9" hint="Automatically update out-of-date statistics" />
				<param position="6" paramType="Option" value="SORT_IN_TEMPDB" mandatory="false"  control="checkbox" bounds="100, 275, 200, 20" label="Sort in tempdb" labelBounds="-1" prefixValue="WITH " postfixValue=""  separator=", " enclosedStart=""  enclosedEnd=""  tabOrder="10" hint="Use tempdb to sort results used to build the index" />				
				<param position="6" paramType="Option" value="PAD_INDEX" mandatory="false"  control="checkbox" bounds="100, 300, 200, 20" label="Pad Index" labelBounds="-1" prefixValue="WITH " postfixValue=""  separator=", " enclosedStart=""  enclosedEnd=""  tabOrder="11" hint="Only useful if fill factor is specified. Check SQL server documentation for more info." />
				<param position="7" paramType="SQLLookup" value="" mandatory="false"  control="combobox" bounds="100, 150, 200, 20" label="File group" labelBounds="5, 150, 90, 20" prefixValue="ON " postfixValue="" separator="" enclosedStart="["  enclosedEnd="]"  tabOrder="5" hint="Specifies which file group where this index will be created" >
				<lookupSQL>
				<![CDATA[
				select groupname from dbo.sysfilegroups
				]]>
				</lookupSQL>
				</param>
				
			
				
			</paramList>
	   	 
	</adminTask>
	
	
	
	<adminTask appliesTo="" 
			id="WinSQL_UpdateStat" 
			name="Update Statistics" 
			promptType="Dialog" 
			templateType="predefined"
			title="Update Statistics"
			menuSeparator="0">	    
			<sqlString><![CDATA[UPDATE STATISTICS ? ?
    ? ]]></sqlString>
						
			<paramList>
				<param position="1" paramType="ParentText" value="WinSQL_FULLOBJNAME"  mandatory="true" control="label" bounds="0, 0, 0, 0" label="" labelBounds="-1" prefixValue="" postfixValue="" separator="" enclosedStart="" enclosedEnd="" tabOrder="1" hint="" />				
				<param position="2" paramType="SQLLookup" value=""  mandatory="false" control="combobox" bounds="100, 10, 200, 20" label="Index name:" labelBounds="5, 10, 90, 20" prefixValue="" postfixValue="" separator="" enclosedStart="" enclosedEnd="" tabOrder="" hint="Login name" >
				    <lookupSQL><![CDATA[select ' ' UNION select s.name
from dbo.sysindexes s, sysobjects o
where s.id = o.id
and o.name = '%WinSQLVar_CurrentSelectedObject%'
and s.name not like '_WA_Sys_%'
]]></lookupSQL>
				</param>
				<param position="3" paramType="PickList" value="FULLSCAN|RESAMPLE" mandatory="false" control="combobox" bounds="100, 35, 200, 20" label="Scan option:" labelBounds="5, 35, 90, 20" prefixValue="WITH " postfixValue="" separator="," enclosedStart=""  enclosedEnd="" tabOrder="2"  hint="Check if you wish to include all rows in the table to gather statistics" />
				<param position="3" paramType="PickList" value="ALL|COLUMNS|INDEX" mandatory="false" control="combobox" bounds="100, 60, 200, 20" label="Statistic type:" labelBounds="5, 60, 90, 20" prefixValue="WITH " postfixValue="" separator="," enclosedStart=""  enclosedEnd="" tabOrder="3"  hint="Selec the type  of statistics. For more information refer to SQL server documentation" />
				<param position="3" paramType="Option" value="NORECOMPUTE" mandatory="false" control="checkbox" bounds="100, 85, 200, 20" label="" labelBounds="-1" prefixValue="WITH " postfixValue="" separator="," enclosedStart=""  enclosedEnd="" tabOrder="4"  hint="Specifies that statistics that become out of date are not automatically recomputed" />				
			</paramList>
	   	 
	</adminTask>
	
	
	
	
	<adminTask appliesTo="" 
			id="Custom_AddLogin" 
			name="New SQL Server Login..." 
			promptType="Dialog" 
			templateType="custom"
			title="New SQL Server Login Wizard"
			menuSeparator="0">	    
			<sqlString><![CDATA[

EXEC sp_addlogin ?, ? ?
    

			 ]]></sqlString>
						
			<paramList>	
				<param position="1" paramType="Textbox" value=""  mandatory="true" control="editbox" bounds="100, 10, 200, 20" label="Login name:" labelBounds="5, 10, 90, 20" prefixValue="" postfixValue="" separator="" enclosedStart="'" enclosedEnd="'" tabOrder="1" hint="Login name" />
				    
				
				<param position="2" paramType="Textbox" value="" mandatory="true" control="editbox" bounds="100, 35, 200, 20" label="Password:" labelBounds="5, 35, 90, 20" prefixValue="" postfixValue="" separator="" enclosedStart="'"  enclosedEnd="'" tabOrder="2"  hint="Password" />
				<param position="3" paramType="SQLLookup" value=""  mandatory="false" control="combobox" bounds="100, 60, 200, 20" label="Default database:"  labelBounds="5, 60, 90, 20" prefixValue=", " postfixValue="" separator="" enclosedStart="'"  enclosedEnd="'" tabOrder="3"  hint="Default database">
				    <lookupSQL>
				    <![CDATA[
				    select name from master..sysdatabases
				    ]]>
				    </lookupSQL>
				</param>
			</paramList>
	   	 
	</adminTask>
	
	
	
	<adminTask appliesTo="" 
			id="Custom_AddUser" 
			name="New User..." 
			promptType="Dialog" 
			templateType="custom"
			title="New User Wizard"
			menuSeparator="0">	    
			<sqlString><![CDATA[EXEC sp_adduser ?, ?]]></sqlString>
						
			<paramList>	
				<param position="1" paramType="SQLLookup" value=""  mandatory="true" control="combobox" bounds="100, 10, 200, 20" label="Login name:" labelBounds="5, 10, 90, 20" prefixValue="" postfixValue="" separator="" enclosedStart="'" enclosedEnd="'" tabOrder="1" hint="Login name" >
				<lookupSQL>
				    <![CDATA[
				    select name from master..syslogins
				    ]]>
				    </lookupSQL>    
				</param>
				<param position="2" paramType="Textbox" value="" mandatory="false" control="editbox" bounds="100, 35, 200, 20" label="User name:" labelBounds="5, 35, 90, 20" prefixValue="" postfixValue="" separator="" enclosedStart="'"  enclosedEnd="'" tabOrder="2"  hint="User name in this database. This is typicall same as the login name" />				
			</paramList>
	   	 
	</adminTask>
	
	
	
	<adminTask appliesTo="" 
			id="Custom_AddDumpDevices" 
			name="New Dump Device..." 
			promptType="Dialog" 
			templateType="custom"
			title="New Dump Device Wizard"
			menuSeparator="1">	    
			<sqlString><![CDATA[
USE master
EXEC sp_addumpdevice ?, ?, 
    ?
USE %WinSQLVar_CurrentDBName%

			 ]]></sqlString>
						
			<paramList>	
				<param position="1" paramType="PickList" value="disk|pipe|tape"  mandatory="true" control="combobox" bounds="100, 10, 200, 20" label="Device type:" labelBounds="5, 10, 90, 20" prefixValue="" postfixValue="" separator="" enclosedStart="'" enclosedEnd="'" tabOrder="1" hint="Type of device" />						
				<param position="2" paramType="Textbox" value="" mandatory="true" control="editbox" bounds="100, 35, 200, 20" label="Logical name:" labelBounds="5, 35, 90, 20" prefixValue="" postfixValue="" separator="" enclosedStart="'"  enclosedEnd="'" tabOrder="2"  hint="A logical name for this device. This name is used during BACKUP and RESTORE operations" />
				<param position="3" paramType="Textbox" value=""  mandatory="true" control="editbox" bounds="100, 60, 200, 20" label="Physical name:"  labelBounds="5, 60, 90, 20" prefixValue="" postfixValue="" separator="" enclosedStart="'"  enclosedEnd="'" tabOrder="3"  hint="Refers to the physical path. Ex. c:\Backup\MyDB.bak or \\.\TAPE0" />						        								
			</paramList>
	   	 
	</adminTask>
	
	
	<adminTask appliesTo="" 
			id="Custom_BackupDatabase" 
			name="Backup Database..." 
			promptType="Dialog" 
			templateType="custom"
			title="Backup Database Wizard"
			menuSeparator="0">	    
			<sqlString><![CDATA[

BACKUP DATABASE %WinSQLVar_CurrentDBName%
    TO ?
    ?
    

			 ]]></sqlString>
						
			<paramList>	
				<param position="1" paramType="SQLLookup" value=""  mandatory="true" control="combobox" bounds="100, 10, 200, 20" label="Device name:" labelBounds="5, 10, 90, 20" prefixValue="" postfixValue="" separator="" enclosedStart="" enclosedEnd="" tabOrder="1" hint="Device name where backup will occur" >
				    <lookupSQL>
				    <![CDATA[
				    select name from master..sysdevices where status & 16 = 16
				    ]]>
				    </lookupSQL>
				</param>
				<param position="2" paramType="Option" value="DIFFERENTIAL" mandatory="false" control="checkbox" bounds="100, 35, 200, 20" label="Logical name:" labelBounds="-1" prefixValue="WITH " postfixValue="" separator=", " enclosedStart=""  enclosedEnd="" tabOrder="2"  hint="Check to perform differential backup" />
				<param position="2" paramType="PickList" value=" |INIT|NOINIT"  mandatory="false" control="combobox" bounds="100, 60, 200, 20" label="Initialize:"  labelBounds="5, 60, 90, 20" prefixValue="WITH " postfixValue="" separator=", " enclosedStart=""  enclosedEnd="" tabOrder="3"  hint="Select if you wish to initialize the backup device" />						        								
			</paramList>
	   	 
	</adminTask>
	
	
    </adminTasks>
	
	
	<dbSearch>
	    <!--
		dbSearch node contains information required by WinSQL to search database
		objects. There are two types of objects: PRE-DEFINED and CUSTOM.
		PRE-DEFINED are objects that WinSQL expects, such as WT_TABLE, WT_VIEW, etc.
		
		Any other type is a CUSTOM. These are the type that are not known by
		WinSQL.
		
		The PRE-DEFINED types are:
		
		WT_TABLE
		WT_VIEW
		WT_PROCEDURE
		WT_TRIGGER
		WT_INDEX
		
		
		IMPORTANT: If any of the pre-defined types are not found, WinSQL will
		use a generic mechanism to pull necessary information.
		
		-->
        <availableObject name="Table" type="WT_TABLE">
		
			<!--
			For every object, there are two kind of queries:
			
			1. searchQuery - This is to search the name of the object. This query should
			   			     always return the name of a table, view, stored proc, trigger 
							 or any other object.
			
			2. objectText - This is the text for the object, such as DDL statement for a table,
			   			  	Script for View, Stored Procedure or Trigger
			-->
			<searchQuery>
		        <query>
				    <sqlString><![CDATA[
					
					SELECT DISTINCT USER_NAME(O.uid)+'.'+O.name
					FROM sysobjects O,syscolumns C,systypes T
					WHERE O.type = 'U'
					    AND USER_NAME(O.uid) LIKE ?
					    AND (UPPER(O.name) LIKE ? OR UPPER(C.name) LIKE ? OR UPPER(T.name) LIKE ? )
					    AND C.xtype = T.xtype AND O.id = C.id AND C.usertype = T.usertype 
					ORDER BY 1

					 ]]></sqlString>
				    <paramList>
						<param position="1" datatype="VARCHAR" value="WinSQL_SCHEMA"  tag="1"/>	
					    <param position="2" datatype="VARCHAR" value="WinSQL_OBJNAME"  tag="2"/>
						<param position="3" datatype="VARCHAR" value="WinSQL_OBJNAME"  tag="3"/>	
						<param position="4" datatype="VARCHAR" value="WinSQL_OBJNAME"  tag="4"/>						
				  	</paramList>
				</query>
			</searchQuery>
			<objectText>
		        <query>
				    <sqlString><![CDATA[   ]]></sqlString>
				    <paramList>
					    					
				  	</paramList>
				</query>
			</objectText>
			
			
		</availableObject>		
		
		<availableObject name="Index" type="WT_INDEX">
		
			
			<searchQuery>
		        <query>
				    <sqlString><![CDATA[
					
					SET NOCOUNT ON
					
CREATE TABLE #WinSQLIndexTemp(TID int,
    Owner varchar(30),
    TName varchar(32),
    Ndx varchar(32),
    C1 varchar(30) NULL,
    C2 varchar(30) NULL,
    C3 varchar(30) NULL,
    C4 varchar(30) NULL,
    C5 varchar(30) NULL,
    C6 varchar(30) NULL,
    C7 varchar(30) NULL,
    C8 varchar(30) NULL,
    C9 varchar(30) NULL,
    C10 varchar(30) NULL,
    C11 varchar(30) NULL,
    C12 varchar(30) NULL,
    C13 varchar(30) NULL,
    C14 varchar(30) NULL,
    C15 varchar(30) NULL,
    C16 varchar(30) NULL
)


INSERT #WinSQLIndexTemp
SELECT DISTINCT O.id, U.name, O.name, I.name, INDEX_COL(O.name, I.indid, 1),
    INDEX_COL(O.name, I.indid, 2),
    INDEX_COL(O.name, I.indid, 3),
    INDEX_COL(O.name, I.indid, 4),
    INDEX_COL(O.name, I.indid, 5),
    INDEX_COL(O.name, I.indid, 6),
    INDEX_COL(O.name, I.indid, 7),
    INDEX_COL(O.name, I.indid, 8),
    INDEX_COL(O.name, I.indid, 9),
    INDEX_COL(O.name, I.indid, 10),
    INDEX_COL(O.name, I.indid, 11),
    INDEX_COL(O.name, I.indid, 12),
    INDEX_COL(O.name, I.indid, 13),
    INDEX_COL(O.name, I.indid, 14),
    INDEX_COL(O.name, I.indid, 15),
    INDEX_COL(O.name, I.indid, 16)
FROM sysobjects O,
    sysindexes I,
    sysusers U
WHERE U.name like ?
    AND I.indid>0
    AND I.indid<255
    AND I.status&2048!=2048
    AND I.status&4096!=4096
    AND I.id=O.id
    AND O.uid=U.uid
    AND O.TYPE = 'U'
    AND (INDEXPROPERTY(I.id, I.name, 'IsStatistics')<>1)
    AND (INDEXPROPERTY(I.id, I.name, 'IsAutoStatistics')<>1)
    AND (INDEXPROPERTY(I.id, I.name, 'IsHypothetical')<>1)
    AND O.uid=U.uid



DECLARE @searchStr varchar(255)

SET @searchStr = ?

SELECT Owner + '.'+ TName -- + '.' + Ndx
FROM #WinSQLIndexTemp
WHERE ((UPPER(TName))LIKE @searchStr
    OR(UPPER(Ndx))LIKE @searchStr
    OR(UPPER(C1))LIKE @searchStr
    OR(UPPER(C2))LIKE @searchStr
    OR(UPPER(C3))LIKE @searchStr
    OR(UPPER(C4))LIKE @searchStr
    OR(UPPER(C5))LIKE @searchStr
    OR(UPPER(C6))LIKE @searchStr
    OR(UPPER(C7))LIKE @searchStr
)
DROP TABLE #WinSQLIndexTemp

					 ]]></sqlString>
				    <paramList>
						<param position="1" datatype="VARCHAR" value="WinSQL_SCHEMA"  tag="1"/>
						<param position="2" datatype="VARCHAR" value="WinSQL_OBJNAME"  tag="2"/>						
				  	</paramList>
				</query>
			</searchQuery>
			<objectText>
		        <query>
				    <sqlString><![CDATA[   ]]></sqlString>
				    <paramList>
					    					
				  	</paramList>
				</query>
			</objectText>
			
			
		</availableObject>		 
	</dbSearch>

	<!-- Create table statement for User Comments table. -->
	<CTSForUserComment>
		<query>
			<sqlString><![CDATA[
create table WINSQLCM(
    PNAME varchar(255),
    ONAME varchar(255),
    OTYPE varchar(2),
    UNAME varchar(32),
    LASTUPD datetime,
    COMMENTS varchar(2000),
    ID INT IDENTITY primary key
)
go
create index idx_WinSQLCM
on WINSQLCM(PNAME, ONAME)

			 ]]></sqlString>
			 <paramList>
										
			</paramList>
		</query>
	</CTSForUserComment>
</WinSQLDatabaseType>
