<?xml version="1.0" encoding="iso-8859-1" ?>

<!--
Following variables are considered as keyword by WinSQL and can appear either in
elements or attribute values.

WinSQL_SCHEMA         __ Owner of the object. Will get replaced at run time automatically
WinSQL_OBJNAME		  __ Any object. Could be table, view, trigger, stored procedure, etc.
WinSQL_FULLOBJNAME    __ Any object. This is a combination of schema and objName separated by a dot
WinSQL_PARENTVALUE    __ This is the value returned by the parent query. Is only used in the extension
                         where level is 2.


	dbName -
		is the Name of the database. This name should be the DBMS Name
		returned by the ODBC driver. It should match the "DBMS Name" value
		in WinSQL catalog window. WinSQL uses this information to associate
		plugin files to a database. If this information is incorrect, WinSQL
		will not automatically select the Plugin type in the connection window.

	dbAlias -
		This is a friendly name for this plugin. This is what appears on the connection
		window.
	 -->
<WinSQLDatabaseType dbName="Mimer SQL Engine" dbAlias="Mimer SQL Engine" version="3.8">
	<view supported="yes">
		<viewDDL supported="yes">
		
			<query maxMajorVer="8" maxMinorVer="9999">
				<sqlString postProcessor="1"><![CDATA[
select 'create view "' ||
case when ? = CURRENT_USER then cast('' as varchar(1)) else '?"."' end ||
'?"(', -300 as LINE_NUMBER
from SYSTEM.ONEROW
where exists (select * from INFORMATION_SCHEMA.SCHEMATA
             where SCHEMA_NAME = ? and SCHEMA_OWNER = CURRENT_USER)
union all
select trim(trailing from case when ORDINAL_POSITION = 1 then ascii_char(10) || '     "' else '   , "' end) || COLUMN_NAME || '"' || ascii_char(10), -300+ORDINAL_POSITION
from INFORMATION_SCHEMA.COLUMNS
where TABLE_SCHEMA = ? and TABLE_NAME = ?
and exists (select * from INFORMATION_SCHEMA.SCHEMATA
             where SCHEMA_NAME = ? and SCHEMA_OWNER = CURRENT_USER)
union all
select ') as ', 0
from SYSTEM.ONEROW
where exists (select * from INFORMATION_SCHEMA.SCHEMATA
             where SCHEMA_NAME = ? and SCHEMA_OWNER = CURRENT_USER)
union all
select VIEW_DEFINITION, 1
from INFORMATION_SCHEMA.VIEWS
where TABLE_SCHEMA = ? and TABLE_NAME = ?
and VIEW_DEFINITION is not null
union all
select SOURCE_DEFINITION, LINE_NUMBER
from INFORMATION_SCHEMA.EXT_SOURCE_DEFINITION
where OBJECT_SCHEMA = ? and OBJECT_NAME = ?
and OBJECT_TYPE = 'VIEW'
order by LINE_NUMBER


 ]]></sqlString>
				<paramList>
					<param position="1" datatype="CHARACTER" value="WinSQL_SCHEMA"  tag="1"/>
					<param position="2" datatype="INTEGER" value="WinSQL_SCHEMA"  tag="2"/>
					<param position="3" datatype="INTEGER" value="WinSQL_OBJNAME"  tag="3"/>
					<param position="4" datatype="CHARACTER" value="WinSQL_SCHEMA"  tag="4"/>
					<param position="5" datatype="CHARACTER" value="WinSQL_SCHEMA"  tag="5"/>
					<param position="6" datatype="CHARACTER" value="WinSQL_OBJNAME"  tag="6"/>
					<param position="7" datatype="CHARACTER" value="WinSQL_SCHEMA"  tag="7"/>
					<param position="8" datatype="CHARACTER" value="WinSQL_SCHEMA"  tag="8"/>
					<param position="9" datatype="CHARACTER" value="WinSQL_SCHEMA"  tag="9"/>
					<param position="10" datatype="CHARACTER" value="WinSQL_OBJNAME"  tag="10"/>
					<param position="11" datatype="CHARACTER" value="WinSQL_SCHEMA"  tag="11"/>
					<param position="12" datatype="CHARACTER" value="WinSQL_OBJNAME"  tag="12"/>
				</paramList>
			</query>
			
			
			<query>
				<sqlString  postProcessor="1"><![CDATA[
select 'create view "' ||
case when ? = CURRENT_USER then cast('' as varchar(1)) else '?"."' end ||
'?"(', -300 as LINE_NUMBER
from INFORMATION_SCHEMA.EXT_ONEROW
where exists (select * from INFORMATION_SCHEMA.SCHEMATA
             where SCHEMA_NAME = ? and SCHEMA_OWNER = CURRENT_USER)
union all
select trim(trailing from case when ORDINAL_POSITION = 1 then ascii_char(10) || '     "' else '   , "' end) || COLUMN_NAME || '"' || ascii_char(10), -300+ORDINAL_POSITION
from INFORMATION_SCHEMA.COLUMNS
where TABLE_SCHEMA = ? and TABLE_NAME = ?
and exists (select * from INFORMATION_SCHEMA.SCHEMATA
             where SCHEMA_NAME = ? and SCHEMA_OWNER = CURRENT_USER)
union all
select ') as ', 0
from INFORMATION_SCHEMA.EXT_ONEROW
where exists (select * from INFORMATION_SCHEMA.SCHEMATA
             where SCHEMA_NAME = ? and SCHEMA_OWNER = CURRENT_USER)
union all
select VIEW_DEFINITION, 1
from INFORMATION_SCHEMA.VIEWS
where TABLE_SCHEMA = ? and TABLE_NAME = ?
and VIEW_DEFINITION is not null
union all
select SOURCE_DEFINITION, LINE_NUMBER
from INFORMATION_SCHEMA.EXT_SOURCE_DEFINITION
where OBJECT_SCHEMA = ? and OBJECT_NAME = ?
and OBJECT_TYPE = 'VIEW'
order by LINE_NUMBER


 ]]></sqlString>
				<paramList>
					<param position="1" datatype="CHARACTER" value="WinSQL_SCHEMA"  tag="1"/>
					<param position="2" datatype="INTEGER" value="WinSQL_SCHEMA"  tag="2"/>
					<param position="3" datatype="INTEGER" value="WinSQL_OBJNAME"  tag="3"/>
					<param position="4" datatype="CHARACTER" value="WinSQL_SCHEMA"  tag="4"/>
					<param position="5" datatype="CHARACTER" value="WinSQL_SCHEMA"  tag="5"/>
					<param position="6" datatype="CHARACTER" value="WinSQL_OBJNAME"  tag="6"/>
					<param position="7" datatype="CHARACTER" value="WinSQL_SCHEMA"  tag="7"/>
					<param position="8" datatype="CHARACTER" value="WinSQL_SCHEMA"  tag="8"/>
					<param position="9" datatype="CHARACTER" value="WinSQL_SCHEMA"  tag="9"/>
					<param position="10" datatype="CHARACTER" value="WinSQL_OBJNAME"  tag="10"/>
					<param position="11" datatype="CHARACTER" value="WinSQL_SCHEMA"  tag="11"/>
					<param position="12" datatype="CHARACTER" value="WinSQL_OBJNAME"  tag="12"/>
				</paramList>
			</query>
		</viewDDL>
	</view>
	<!-- The storedProcedure element tells WinSQL how to process a Stored procedure -->
	<storedProcedures supported="yes">
		<storedProcDDL supported="yes">
			<query>
				<sqlString postProcessor="3"><![CDATA[select SOURCE_DEFINITION, LINE_NUMBER
from INFORMATION_SCHEMA.EXT_SOURCE_DEFINITION e
where OBJECT_SCHEMA = ? and OBJECT_NAME = ?
order by LINE_NUMBER]]></sqlString>
				<paramList>
					<param position="1" datatype="CHARACTER" value="WinSQL_SCHEMA"  tag="1"/>
					<param position="2" datatype="CHARACTER" value="WinSQL_OBJNAME"  tag="2"/>	
				</paramList>
			</query>
		</storedProcDDL>


	</storedProcedures>
	<!--
	TRIGGERS

	-->
	<triggers supported="yes">
		
		<triggerDDL supported="yes">
			<query>
				<sqlString><![CDATA[
select TRIGGER_NAME, EVENT_MANIPULATION, SOURCE_DEFINITION
from INFORMATION_SCHEMA.TRIGGERS t, INFORMATION_SCHEMA.EXT_SOURCE_DEFINITION e
where t.TRIGGER_SCHEMA = e.OBJECT_SCHEMA
    and t.TRIGGER_NAME = e.OBJECT_NAME
    and t.EVENT_OBJECT_SCHEMA = ?
    and t.EVENT_OBJECT_TABLE = ?
order by EVENT_MANIPULATION, LINE_NUMBER ]]></sqlString>
				<paramList>
					<param position="1" datatype="CHARACTER" value="WinSQL_SCHEMA"  tag="1"/>
					<param position="2" datatype="CHARACTER" value="WinSQL_OBJNAME"  tag="2"/>	
				</paramList>
			</query>
		</triggerDDL>
	</triggers>
	
	
	<createTableDDL supported="yes"> 				
		<query maxMajorVer="8" maxMinorVer="9999">
			<sqlString postProcessor="1"><![CDATA[
select 'create table "' ||
case when TABLE_SCHEMA = CURRENT_USER then '' else TABLE_SCHEMA || '"."' end ||
TABLE_NAME || '"(' || ascii_char(10), '' as CONSTRAINT_NAME, -1 as LINE_NUMBER
from INFORMATION_SCHEMA.TABLES
where TABLE_SCHEMA = ?
and TABLE_NAME = ?
and TABLE_TYPE = 'BASE TABLE'
union all
select case when ORDINAL_POSITION = 1 then '     "' else '   , "' end  || COLUMN_NAME || '" ' ||
case when DOMAIN_NAME is not null then ' "' || DOMAIN_SCHEMA || '"."' || DOMAIN_NAME || '"'
else DATA_TYPE ||
    case DATA_TYPE
    when 'DOUBLE PRECISION' then ''
    when 'REAL' then ''
    when 'FLOAT' then ''
    when 'INTEGER' then ''
    when 'SMALLINT' then ''
    when 'BIGINT' then ''
    when 'DATE' then ''
    when 'INTERVAL'
    then case INTERVAL_TYPE
         when 'YEAR TO MONTH'  then ' YEAR(' || cast(INTERVAL_PRECISION as varchar(1)) || ') TO MONTH'
         when 'DAY TO HOUR'    then ' DAY('  || cast(INTERVAL_PRECISION as varchar(1)) || ') TO HOUR'
         when 'DAY TO MINUTE'  then ' DAY('  || cast(INTERVAL_PRECISION as varchar(1)) || ') TO MINUTE'
         when 'DAY TO SECOND'  then ' DAY('  || cast(INTERVAL_PRECISION as varchar(1)) || ') TO SECOND(' || cast(DATETIME_PRECISION as varchar(1)) || ')'
         when 'HOUR TO MINUTE' then ' HOUR('  || cast(INTERVAL_PRECISION as varchar(1)) || ') TO MINUTE'
         when 'HOUR TO SECOND' then ' HOUR('  || cast(INTERVAL_PRECISION as varchar(1)) || ') TO SECOND(' || cast(DATETIME_PRECISION as varchar(1)) || ')'
         when 'MINUTE TO SECOND' then ' MINUTE('  || cast(INTERVAL_PRECISION as varchar(2)) || ') TO SECOND(' || cast(DATETIME_PRECISION as varchar(1)) || ')'
         when 'SECOND' then ' SECOND('  || cast(INTERVAL_PRECISION as varchar(2)) || ', ' || cast(DATETIME_PRECISION as varchar(1)) || ')'
         else ' ' || INTERVAL_TYPE || '(' || cast(INTERVAL_PRECISION as varchar(2)) || ')'
         end
    when 'DECIMAL' then '('  || cast(NUMERIC_PRECISION as varchar(2)) || ', ' || cast(NUMERIC_SCALE as varchar(2)) || ')'
    when 'NUMERIC' then '('  || cast(NUMERIC_PRECISION as varchar(2)) || ', ' || cast(NUMERIC_SCALE as varchar(2)) || ')'
    else case when coalesce(NUMERIC_PRECISION,CHARACTER_MAXIMUM_LENGTH,DATETIME_PRECISION) is NULL then ''
         else '(' || cast(coalesce(NUMERIC_PRECISION,CHARACTER_MAXIMUM_LENGTH,DATETIME_PRECISION) as varchar(20)) || ')'
         end
    end
end ||
case when COLLATION_NAME is not null and (
         (COLLATION_SCHEMA <> 'INFORMATION_SCHEMA' or
          (COLLATION_NAME <> 'ISO8BIT' and COLLATION_NAME <> 'UCS_BASIC'))) then ' collate "' || COLLATION_SCHEMA || '"."' || COLLATION_NAME || '"'
    else ''
    end ||
case when COLUMN_DEFAULT is not null then ' default ' || COLUMN_DEFAULT
    else ''
    end || ascii_char(10), '' as CONSTRAINT_NAME, ORDINAL_POSITION as LINE_NUMBER
from information_schema.columns
where TABLE_SCHEMA = ?
and TABLE_NAME = ?
union all
select trim(trailing from
       case when ORDINAL_POSITION = 1
       then '   , constraint "' || TC.CONSTRAINT_NAME || '" ' || lower(CONSTRAINT_TYPE) || '("' || COLUMN_NAME || '"'
       else ', "' || COLUMN_NAME || '"'
       end) ||
      trim(trailing from
       case when ORDINAL_POSITION =
                (select max(ORDINAL_POSITION) from INFORMATION_SCHEMA.KEY_COLUMN_USAGE
                 where TABLE_SCHEMA = ?
                 and TABLE_NAME = ?
                 and CONSTRAINT_SCHEMA = TC.CONSTRAINT_SCHEMA
                 and CONSTRAINT_NAME = TC.CONSTRAINT_NAME)
           then ')' || case when TC.CONSTRAINT_TYPE = 'FOREIGN KEY'
                            then ' references "' ||
                                 (select TC2.TABLE_SCHEMA || '"."' || TC2.TABLE_NAME || '"'
                                  from INFORMATION_SCHEMA.REFERENTIAL_CONSTRAINTS RC join INFORMATION_SCHEMA.TABLE_CONSTRAINTS TC2
                                  on (RC.UNIQUE_CONSTRAINT_SCHEMA = TC2.CONSTRAINT_SCHEMA
                                  and RC.UNIQUE_CONSTRAINT_NAME = TC2.CONSTRAINT_NAME)
                                  where RC.CONSTRAINT_SCHEMA = TC.CONSTRAINT_SCHEMA
                                  and RC.CONSTRAINT_NAME = TC.CONSTRAINT_NAME)
                            else '' end || ASCII_CHAR(10)
           else '' end)
, TC.CONSTRAINT_NAME, CU.ORDINAL_POSITION
from INFORMATION_SCHEMA.TABLE_CONSTRAINTS TC join INFORMATION_SCHEMA.KEY_COLUMN_USAGE CU
on (TC.CONSTRAINT_SCHEMA = CU.CONSTRAINT_SCHEMA and
   TC.CONSTRAINT_NAME = CU.CONSTRAINT_NAME)
where TC.CONSTRAINT_TYPE in ('UNIQUE','PRIMARY KEY','FOREIGN KEY')
and TC.TABLE_SCHEMA = ?
and TC.TABLE_NAME = ?
union all
select '   , constraint "' || CC.CONSTRAINT_NAME || '" check(' || CC.CHECK_CLAUSE || ')' || ascii_char(10), CC.CONSTRAINT_NAME, 1
from INFORMATION_SCHEMA.TABLE_CONSTRAINTS DC
join INFORMATION_SCHEMA.CHECK_CONSTRAINTS CC
on (DC.CONSTRAINT_SCHEMA = CC.CONSTRAINT_SCHEMA and
   DC.CONSTRAINT_NAME = CC.CONSTRAINT_NAME)
where DC.TABLE_SCHEMA = ?
and DC.TABLE_NAME = ?
and CC.CHECK_CLAUSE is not null
union all
select case when SD.LINE_NUMBER = 1
           then '   , constraint "' || CC.CONSTRAINT_NAME ||
                '"' || ascii_char(10) ||'          check('
           else ''
           end ||
      SD.SOURCE_DEFINITION ||
      case when SD.LINE_NUMBER = (select max(LINE_NUMBER) from INFORMATION_SCHEMA.EXT_SOURCE_DEFINITION SD2
                                  where SD2.OBJECT_SCHEMA = SD.OBJECT_SCHEMA
                                  and SD2.OBJECT_NAME = SD.OBJECT_NAME)
           then ')' || ascii_char(10)
           else ''
           end, CC.CONSTRAINT_NAME, LINE_NUMBER
from INFORMATION_SCHEMA.TABLE_CONSTRAINTS TC3
join INFORMATION_SCHEMA.CHECK_CONSTRAINTS CC
on (TC3.CONSTRAINT_SCHEMA = CC.CONSTRAINT_SCHEMA and
   TC3.CONSTRAINT_NAME = CC.CONSTRAINT_NAME)
join INFORMATION_SCHEMA.EXT_SOURCE_DEFINITION SD
on (CC.CONSTRAINT_SCHEMA = SD.OBJECT_SCHEMA and
   CC.CONSTRAINT_NAME = SD.OBJECT_NAME)
where TC3.TABLE_SCHEMA = ?
and TC3.TABLE_NAME = ?
and CC.CHECK_CLAUSE is null
union all
select ')', ascii_char(255), 10000
from INFORMATION_SCHEMA.TABLES
where TABLE_SCHEMA = ?
and TABLE_NAME = ?
and TABLE_TYPE = 'BASE TABLE'
order by CONSTRAINT_NAME,LINE_NUMBER

%WinSQLVar_QueryTerminator%

select '%WinSQLVar_QueryTerminator%'
from MIMER.ONEROW			
			
			]]></sqlString>
			<paramList>
				<param position="1" datatype="CHARACTER" value="WinSQL_SCHEMA"  tag="1"/>
				<param position="2" datatype="CHARACTER" value="WinSQL_OBJNAME"  tag="2"/>
				<param position="3" datatype="CHARACTER" value="WinSQL_SCHEMA"  tag="3"/>
				<param position="4" datatype="CHARACTER" value="WinSQL_OBJNAME"  tag="4"/>
				<param position="5" datatype="CHARACTER" value="WinSQL_SCHEMA"  tag="5"/>
				<param position="6" datatype="CHARACTER" value="WinSQL_OBJNAME"  tag="6"/>
				<param position="7" datatype="CHARACTER" value="WinSQL_SCHEMA"  tag="7"/>
				<param position="8" datatype="CHARACTER" value="WinSQL_OBJNAME"  tag="8"/>
				<param position="9" datatype="CHARACTER" value="WinSQL_SCHEMA"  tag="9"/>
				<param position="10" datatype="CHARACTER" value="WinSQL_OBJNAME"  tag="10"/>
				<param position="11" datatype="CHARACTER" value="WinSQL_SCHEMA"  tag="11"/>
				<param position="12" datatype="CHARACTER" value="WinSQL_OBJNAME"  tag="12"/>
				<param position="13" datatype="CHARACTER" value="WinSQL_SCHEMA"  tag="13"/>
				<param position="14" datatype="CHARACTER" value="WinSQL_OBJNAME"  tag="14"/>
			</paramList>
		</query>

		<query>
			<sqlString postProcessor="1"><![CDATA[
select 'create table "' ||
case when TABLE_SCHEMA = CURRENT_USER then '' else TABLE_SCHEMA || '"."' end ||
TABLE_NAME || '"(' || ascii_char(10), '' as CONSTRAINT_NAME, -1 as LINE_NUMBER
from INFORMATION_SCHEMA.TABLES
where TABLE_SCHEMA = ?
and TABLE_NAME = ?
and TABLE_TYPE = 'BASE TABLE'
union all
select case when ORDINAL_POSITION = 1 then '     "' else '   , "' end  || COLUMN_NAME || '" ' ||
case when DOMAIN_NAME is not null then ' "' || DOMAIN_SCHEMA || '"."' || DOMAIN_NAME || '"'
else DATA_TYPE ||
    case DATA_TYPE
    when 'DOUBLE PRECISION' then ''
    when 'REAL' then ''
    when 'FLOAT' then ''
    when 'INTEGER' then ''
    when 'SMALLINT' then ''
    when 'BIGINT' then ''
    when 'DATE' then ''
    when 'INTERVAL'
    then case INTERVAL_TYPE
         when 'YEAR TO MONTH'  then ' YEAR(' || cast(INTERVAL_PRECISION as varchar(1)) || ') TO MONTH'
         when 'DAY TO HOUR'    then ' DAY('  || cast(INTERVAL_PRECISION as varchar(1)) || ') TO HOUR'
         when 'DAY TO MINUTE'  then ' DAY('  || cast(INTERVAL_PRECISION as varchar(1)) || ') TO MINUTE'
         when 'DAY TO SECOND'  then ' DAY('  || cast(INTERVAL_PRECISION as varchar(1)) || ') TO SECOND(' || cast(DATETIME_PRECISION as varchar(1)) || ')'
         when 'HOUR TO MINUTE' then ' HOUR('  || cast(INTERVAL_PRECISION as varchar(1)) || ') TO MINUTE'
         when 'HOUR TO SECOND' then ' HOUR('  || cast(INTERVAL_PRECISION as varchar(1)) || ') TO SECOND(' || cast(DATETIME_PRECISION as varchar(1)) || ')'
         when 'MINUTE TO SECOND' then ' MINUTE('  || cast(INTERVAL_PRECISION as varchar(2)) || ') TO SECOND(' || cast(DATETIME_PRECISION as varchar(1)) || ')'
         when 'SECOND' then ' SECOND('  || cast(INTERVAL_PRECISION as varchar(2)) || ', ' || cast(DATETIME_PRECISION as varchar(1)) || ')'
         else ' ' || INTERVAL_TYPE || '(' || cast(INTERVAL_PRECISION as varchar(2)) || ')'
         end
    when 'DECIMAL' then '('  || cast(NUMERIC_PRECISION as varchar(2)) || ', ' || cast(NUMERIC_SCALE as varchar(2)) || ')'
    when 'NUMERIC' then '('  || cast(NUMERIC_PRECISION as varchar(2)) || ', ' || cast(NUMERIC_SCALE as varchar(2)) || ')'
    else case when coalesce(NUMERIC_PRECISION,CHARACTER_MAXIMUM_LENGTH,LOB_MAXIMUM_LENGTH,DATETIME_PRECISION) is NULL then ''
         else '(' || cast(coalesce(NUMERIC_PRECISION,CHARACTER_MAXIMUM_LENGTH,LOB_MAXIMUM_LENGTH,DATETIME_PRECISION) as varchar(20)) || ')'
         end
    end
end ||
case when COLLATION_NAME is not null and (
         (COLLATION_SCHEMA <> 'INFORMATION_SCHEMA' or
          (COLLATION_NAME <> 'ISO8BIT' and COLLATION_NAME <> 'UCS_BASIC'))) then ' collate "' || COLLATION_SCHEMA || '"."' || COLLATION_NAME || '"'
    else ''
    end ||
case when COLUMN_DEFAULT is not null then ' default ' || COLUMN_DEFAULT
    else ''
    end || ascii_char(10), '' as CONSTRAINT_NAME, ORDINAL_POSITION as LINE_NUMBER
from information_schema.columns
where TABLE_SCHEMA = ?
and TABLE_NAME = ?
union all
select trim(trailing from
       case when ORDINAL_POSITION = 1
       then '   , constraint "' || TC.CONSTRAINT_NAME || '" ' || lower(CONSTRAINT_TYPE) || '("' || COLUMN_NAME || '"'
       else ', "' || COLUMN_NAME || '"'
       end) ||
      trim(trailing from
       case when ORDINAL_POSITION =
                (select max(ORDINAL_POSITION) from INFORMATION_SCHEMA.KEY_COLUMN_USAGE
                 where TABLE_SCHEMA = ?
                 and TABLE_NAME = ?
                 and CONSTRAINT_SCHEMA = TC.CONSTRAINT_SCHEMA
                 and CONSTRAINT_NAME = TC.CONSTRAINT_NAME)
           then ')' || case when TC.CONSTRAINT_TYPE = 'FOREIGN KEY'
                            then ' references "' ||
                                 (select TC2.TABLE_SCHEMA || '"."' || TC2.TABLE_NAME || '"'
                                  from INFORMATION_SCHEMA.REFERENTIAL_CONSTRAINTS RC join INFORMATION_SCHEMA.TABLE_CONSTRAINTS TC2
                                  on (RC.UNIQUE_CONSTRAINT_SCHEMA = TC2.CONSTRAINT_SCHEMA
                                  and RC.UNIQUE_CONSTRAINT_NAME = TC2.CONSTRAINT_NAME)
                                  where RC.CONSTRAINT_SCHEMA = TC.CONSTRAINT_SCHEMA
                                  and RC.CONSTRAINT_NAME = TC.CONSTRAINT_NAME)
                            else '' end || ASCII_CHAR(10)
           else '' end)
, TC.CONSTRAINT_NAME, CU.ORDINAL_POSITION
from INFORMATION_SCHEMA.TABLE_CONSTRAINTS TC join INFORMATION_SCHEMA.KEY_COLUMN_USAGE CU
on (TC.CONSTRAINT_SCHEMA = CU.CONSTRAINT_SCHEMA and
   TC.CONSTRAINT_NAME = CU.CONSTRAINT_NAME)
where TC.CONSTRAINT_TYPE in ('UNIQUE','PRIMARY KEY','FOREIGN KEY')
and TC.TABLE_SCHEMA = ?
and TC.TABLE_NAME = ?
union all
select '   , constraint "' || CC.CONSTRAINT_NAME || '" check(' || CC.CHECK_CLAUSE || ')' || ascii_char(10), CC.CONSTRAINT_NAME, 1
from INFORMATION_SCHEMA.TABLE_CONSTRAINTS DC
join INFORMATION_SCHEMA.CHECK_CONSTRAINTS CC
on (DC.CONSTRAINT_SCHEMA = CC.CONSTRAINT_SCHEMA and
   DC.CONSTRAINT_NAME = CC.CONSTRAINT_NAME)
where DC.TABLE_SCHEMA = ?
and DC.TABLE_NAME = ?
and CC.CHECK_CLAUSE is not null
union all
select case when SD.LINE_NUMBER = 1
           then '   , constraint "' || CC.CONSTRAINT_NAME ||
                '"' || ascii_char(10) ||'          check('
           else ''
           end ||
      SD.SOURCE_DEFINITION ||
      case when SD.LINE_NUMBER = (select max(LINE_NUMBER) from INFORMATION_SCHEMA.EXT_SOURCE_DEFINITION SD2
                                  where SD2.OBJECT_SCHEMA = SD.OBJECT_SCHEMA
                                  and SD2.OBJECT_NAME = SD.OBJECT_NAME)
           then ')' || ascii_char(10)
           else ''
           end, CC.CONSTRAINT_NAME, LINE_NUMBER
from INFORMATION_SCHEMA.TABLE_CONSTRAINTS TC3
join INFORMATION_SCHEMA.CHECK_CONSTRAINTS CC
on (TC3.CONSTRAINT_SCHEMA = CC.CONSTRAINT_SCHEMA and
   TC3.CONSTRAINT_NAME = CC.CONSTRAINT_NAME)
join INFORMATION_SCHEMA.EXT_SOURCE_DEFINITION SD
on (CC.CONSTRAINT_SCHEMA = SD.OBJECT_SCHEMA and
   CC.CONSTRAINT_NAME = SD.OBJECT_NAME)
where TC3.TABLE_SCHEMA = ?
and TC3.TABLE_NAME = ?
and CC.CHECK_CLAUSE is null
union all
select ')', ascii_char(255), 10000
from INFORMATION_SCHEMA.TABLES
where TABLE_SCHEMA = ?
and TABLE_NAME = ?
and TABLE_TYPE = 'BASE TABLE'
order by CONSTRAINT_NAME,LINE_NUMBER
			
%WinSQLVar_QueryTerminator%

select '%WinSQLVar_QueryTerminator%'
from MIMER.ONEROW

			]]></sqlString>
			<paramList>
				<param position="1" datatype="CHARACTER" value="WinSQL_SCHEMA"  tag="1"/>
				<param position="2" datatype="CHARACTER" value="WinSQL_OBJNAME"  tag="2"/>
				<param position="3" datatype="CHARACTER" value="WinSQL_SCHEMA"  tag="3"/>
				<param position="4" datatype="CHARACTER" value="WinSQL_OBJNAME"  tag="4"/>
				<param position="5" datatype="CHARACTER" value="WinSQL_SCHEMA"  tag="5"/>
				<param position="6" datatype="CHARACTER" value="WinSQL_OBJNAME"  tag="6"/>
				<param position="7" datatype="CHARACTER" value="WinSQL_SCHEMA"  tag="7"/>
				<param position="8" datatype="CHARACTER" value="WinSQL_OBJNAME"  tag="8"/>
				<param position="9" datatype="CHARACTER" value="WinSQL_SCHEMA"  tag="9"/>
				<param position="10" datatype="CHARACTER" value="WinSQL_OBJNAME"  tag="10"/>
				<param position="11" datatype="CHARACTER" value="WinSQL_SCHEMA"  tag="11"/>
				<param position="12" datatype="CHARACTER" value="WinSQL_OBJNAME"  tag="12"/>
				<param position="13" datatype="CHARACTER" value="WinSQL_SCHEMA"  tag="13"/>
				<param position="14" datatype="CHARACTER" value="WinSQL_OBJNAME"  tag="14"/>					
			</paramList>
		</query>		
	</createTableDDL>
	
	
	
	
	<!-- Following is a list of extended elements.
		The immediate children of extendedNodes element MUST be a level1 element.
		The name of the element will appear as the header in the TreeView control

		Attribute description:
			name - This is the name that will appear in TreeView.
			displayType - This is where the result of the query will
						  get displayed. The possible values are:

						  WinSQL_TreeView
						  WinSQL_GridView
						  WinSQL_ListView
						  WinSQL_TextView

						  In case of WinSQL_TreeView, only the first column will
						  get displayed.

						  In case of WinSQL_ListView, only the first row of the
						  resultset will be displayed.

						  In case of WinSQL_TextView, the text
						  will be tab delimited if more than one column is found.
			hasChildren - If yes, there can be another level node
	-->
    <extendedNodes>

    
    
             
       
       <extension level="1" name="Check Contraints" displayType="WinSQL_TreeView" hasChildren="yes" useInDBDiff="yes">	
            <query>
                <sqlString><![CDATA[
select distinct TABLE_SCHEMA || '.' || TABLE_NAME, TABLE_SCHEMA, TABLE_NAME
from INFORMATION_SCHEMA.CONSTRAINT_COLUMN_USAGE c,
    INFORMATION_SCHEMA.CHECK_CONSTRAINTS c1
where c.CONSTRAINT_NAME = c1.CONSTRAINT_NAME
    and c.CONSTRAINT_SCHEMA = c1.CONSTRAINT_SCHEMA			
                 ]]></sqlString>
                <!-- No parameters for rules  -->
                <paramList>	</paramList>
            </query>
            <extension level="2" name="Check details" displayType="WinSQL_GridView" hasChildren="no" useInDBDiff="yes">	
                <query>
                    <sqlString><![CDATA[
select COLUMN_NAME, c1.CONSTRAINT_NAME, CHECK_CLAUSE
from INFORMATION_SCHEMA.CONSTRAINT_COLUMN_USAGE c,
    INFORMATION_SCHEMA.CHECK_CONSTRAINTS c1
where c.CONSTRAINT_NAME = c1.CONSTRAINT_NAME
    and c.CONSTRAINT_SCHEMA = c1.CONSTRAINT_SCHEMA
    and TABLE_SCHEMA = ?
    and TABLE_NAME = ?


                     ]]></sqlString>
                    <paramList>
                        <param position="1" datatype="CHARACTER" value="WinSQL_PARENTVALUE"  tag="2"/>
                        <param position="2" datatype="CHARACTER" value="WinSQL_PARENTVALUE"  tag="3"/>
                    </paramList>
                </query>
            </extension> 
	</extension>
	   
	   
       
	<extension level="1" name="Collations" displayType="WinSQL_TreeView" hasChildren="yes" useInDBDiff="yes">	
            <query>
                <sqlString><![CDATA[
select COLLATION_SCHEMA || '.' || COLLATION_NAME, COLLATION_SCHEMA, COLLATION_NAME
from INFORMATION_SCHEMA.COLLATIONS c				
                 ]]></sqlString>
                <!-- No parameters for rules  -->
                <paramList>	</paramList>
            </query>
            <extension level="2" name="Collation details" displayType="WinSQL_GridView" hasChildren="no" useInDBDiff="yes">	
                <query>
                    <sqlString><![CDATA[
select COLLATION_NAME, CHARACTER_SET_NAME, PAD_ATTRIBUTE
from INFORMATION_SCHEMA.COLLATIONS c
where COLLATION_SCHEMA = ?
    and COLLATION_NAME = ?

                     ]]></sqlString>
                    <paramList>
                        <param position="1" datatype="CHARACTER" value="WinSQL_PARENTVALUE"  tag="2"/>
                        <param position="2" datatype="CHARACTER" value="WinSQL_PARENTVALUE"  tag="3"/>
                    </paramList>
                </query>
            </extension> 
	   </extension>
	   
	   
       
        <extension level="1" name="Functions" displayType="WinSQL_TreeView" hasChildren="yes" useInDBDiff="yes">	
            <query>
                <sqlString><![CDATA[
select ROUTINE_NAME, ROUTINE_SCHEMA, SPECIFIC_NAME, SPECIFIC_SCHEMA
from INFORMATION_SCHEMA.ROUTINES
where ROUTINE_TYPE = 'FUNCTION'
order by ROUTINE_SCHEMA,ROUTINE_NAME
			
                 ]]></sqlString>
                <!-- No parameters for rules  -->
                <paramList>	</paramList>
            </query>
            <extension level="2" name="Synonym details" displayType="WinSQL_GridView" hasChildren="no" useInDBDiff="yes">	
                <query>
                    <sqlString><![CDATA[
select ROUTINE_SCHEMA,ROUTINE_NAME,SPECIFIC_NAME, MODULE_NAME,
coalesce(INTERVAL_TYPE, DATA_TYPE) as DATA_TYPE,
coalesce(NUMERIC_PRECISION, CHARACTER_MAXIMUM_LENGTH,INTERVAL_PRECISION) as "PRECISION",
coalesce(NUMERIC_SCALE,DATETIME_PRECISION) as SCALE,
COLLATION_SCHEMA,COLLATION_NAME,IS_DETERMINISTIC,SQL_DATA_ACCESS,ROUTINE_BODY,REMARKS,CREATION_DATE
from INFORMATION_SCHEMA.ROUTINES  left outer join INFORMATION_SCHEMA.EXT_OBJECT_IDENT_USAGE
on (ROUTINE_SCHEMA = OBJECT_SCHEMA and
   ROUTINE_NAME = OBJECT_NAME and
   'FUNCTION' = OBJECT_TYPE)
where ROUTINE_NAME = ?
and ROUTINE_SCHEMA = ?
and SPECIFIC_NAME = ?
and SPECIFIC_SCHEMA = ?
and ROUTINE_TYPE = 'FUNCTION'

                     ]]></sqlString>
                    <paramList>
                        <param position="1" datatype="CHARACTER" value="WinSQL_PARENTVALUE"  tag="1"/>
                        <param position="2" datatype="CHARACTER" value="WinSQL_PARENTVALUE"  tag="2"/>
                        <param position="3" datatype="CHARACTER" value="WinSQL_PARENTVALUE"  tag="3"/>
                        <param position="4" datatype="CHARACTER" value="WinSQL_PARENTVALUE"  tag="4"/>
                    </paramList>
                </query>
            </extension> 
	   </extension>
       
       
       
    
    
    
    
        <extension level="1" name="Sequences" displayType="WinSQL_TreeView" hasChildren="yes" useInDBDiff="yes">	
            <query>
                <sqlString><![CDATA[
select SEQUENCE_NAME, SEQUENCE_SCHEMA
from INFORMATION_SCHEMA.EXT_SEQUENCES
order by SEQUENCE_SCHEMA, SEQUENCE_NAME
			
                 ]]></sqlString>
                <!-- No parameters for rules  -->
                <paramList>	</paramList>
            </query>
            <extension level="2" name="Synonym details" displayType="WinSQL_ListView" hasChildren="no" useInDBDiff="yes">	
                <query>
                    <sqlString><![CDATA[
select SEQUENCE_SCHEMA as "Sequence Schema",
    SEQUENCE_NAME as "Sequence Name", IS_UNIQUE as "Is Unique",
    INITIAL_VALUE as "Initial Value", INCREMENT as "Increment",
    MAXIMUM_VALUE as "Maximum Value", REMARKS as "Remarks",
    CREATION_DATE as "Creation date"
from INFORMATION_SCHEMA.EXT_SEQUENCES left outer join INFORMATION_SCHEMA.EXT_OBJECT_IDENT_USAGE
on (SEQUENCE_SCHEMA = OBJECT_SCHEMA and
   SEQUENCE_NAME = OBJECT_NAME and
   'SEQUENCE' = OBJECT_TYPE)
where SEQUENCE_NAME = ?
and SEQUENCE_SCHEMA = ?

                     ]]></sqlString>
                    <paramList>
                        <param position="1" datatype="CHARACTER" value="WinSQL_PARENTVALUE"  tag="1"/>
                        <param position="2" datatype="CHARACTER" value="WinSQL_PARENTVALUE"  tag="2"/>
                    </paramList>
                </query>
            </extension> 
	   </extension>
       
       
        <extension level="1" name="Synonyms" displayType="WinSQL_TreeView" hasChildren="yes" useInDBDiff="yes">	
            <query>
                <sqlString><![CDATA[
select SYNONYM_SCHEMA || '.' || SYNONYM_NAME, SYNONYM_SCHEMA, SYNONYM_NAME
from INFORMATION_SCHEMA.EXT_SYNONYMS
order by SYNONYM_SCHEMA,SYNONYM_NAME				
                 ]]></sqlString>
                <!-- No parameters for rules  -->
                <paramList>	</paramList>
            </query>
            <extension level="2" name="Synonym details" displayType="WinSQL_ListView" hasChildren="no" useInDBDiff="yes">	
                <query>
                    <sqlString><![CDATA[
select SYNONYM_SCHEMA as "Synonym Schema", SYNONYM_NAME as "Synonym Name", 
    TABLE_SCHEMA as "Table Schema", TABLE_NAME as "Table Name", REMARKS as "Remarks",
    CREATION_DATE as "Creation Date"
from INFORMATION_SCHEMA.EXT_SYNONYMS left outer join INFORMATION_SCHEMA.EXT_OBJECT_IDENT_USAGE
on (SYNONYM_SCHEMA = OBJECT_SCHEMA and
   SYNONYM_NAME = OBJECT_NAME and
   'SYNONYM' = OBJECT_TYPE)
where SYNONYM_SCHEMA = ?
and SYNONYM_NAME = ?

                     ]]></sqlString>
                    <paramList>
                        <param position="1" datatype="CHARACTER" value="WinSQL_PARENTVALUE"  tag="2"/>
                        <param position="2" datatype="CHARACTER" value="WinSQL_PARENTVALUE"  tag="3"/>
                    </paramList>
                </query>
            </extension> 
	   </extension>
       
       
       
	   
       
	   
	   
	  

    </extendedNodes>

    <parameters>
    	<parameter name="FetchParentRelationship" value="yes" />
	<parameter name="FetchDependentRelationship" value="yes" /> 
    </parameters>
    
    
    <adminTasks>
    	<adminTask appliesTo="WinSQL_INDEX" id="WinSQL_NewIndex" 
			name="Create New Index" promptType="Dialog" 
			templateType="predefined" title="New Index Wizard" >	    
		<sqlString><![CDATA[
CREATE ? INDEX ?
    ON ?(?) 
		 ]]></sqlString>
		
		
		<paramList>	
			<param position="1" paramType="Option" value="UNIQUE" mandatory="false"  control="checkbox" bounds="100, 100, 200, 20" label="Unique" labelBounds="-1" prefixValue="" postfixValue="" separator="" enclosedStart="" enclosedEnd="" tabOrder="6" hint="Check to create a unique index" />												        
			<param position="2" paramType="Textbox" value="" mandatory="true" control="editbox" bounds="100, 10, 200, 20" label="Index Name" labelBounds="5, 10, 90, 20" prefixValue="" postfixValue=""  separator="" enclosedStart=""  enclosedEnd="" tabOrder="1"  hint="Name of the index. This is a mandatory field" />
			<param position="3" paramType="ParentText" value="WinSQL_FULLOBJNAME" mandatory="true" control="label" bounds="0, 0, 0, 0" label="" prefixValue="" postfixValue=""  separator="" enclosedStart=""   tabOrder="" hint="" />
			<param position="4" paramType="ParentPickList" value="WinSQL_TABLEFIELDS" mandatory="true" control="checklistbox" bounds="100, 35, 200, 60" label="Fields" labelBounds="5, 35, 90, 60"  prefixValue="" postfixValue=""  separator="," enclosedStart=""  enclosedEnd=""  tabOrder="2" hint="Select the fields you wish to include in this index" />								
		</paramList>
	   	 
	</adminTask>
	
	
	
	<adminTask appliesTo="" id="Custom_Backup" 
			name="Backup Database..." promptType="Dialog" 
			templateType="custom" title="Mimer Backup Wizard" 
			menuSeparator="0" >	    
		<sqlString><![CDATA[
START BACKUP
%WinSQLVar_QueryTerminator%
CREATE ? BACKUP IN ? FOR DATABANK ? 
%WinSQLVar_QueryTerminator%
COMMIT BACKUP
		 ]]></sqlString>
		
		
		<paramList>	
			<param position="1" paramType="PickList" value=" |ONLINE|EXCLUSIVE" mandatory="false"  control="combobox" bounds="100, 60, 200, 20" label="Type of backup:" labelBounds="5, 60, 90, 20" prefixValue="" postfixValue="" separator="" enclosedStart="" enclosedEnd="" tabOrder="3" hint="Type of backup" />												        
			<param position="2" paramType="Textbox" value="" mandatory="true" control="editbox" bounds="100, 10, 200, 20" label="Backup File Name:" labelBounds="5, 10, 90, 20" prefixValue="" postfixValue=""  separator="" enclosedStart="'"  enclosedEnd="'" tabOrder="1"  hint="File name to create back. This name must be with respect to the server." />
			<param position="3" paramType="SQLLookup" value="" mandatory="true" control="combobox" bounds="100, 35, 200, 20" label="Databank Name:" labelBounds="5, 35, 90, 20" prefixValue="" postfixValue=""  separator="" enclosedStart=""   tabOrder="2" hint="Name of the databank">
			<lookupSQL>
			    <![CDATA[select DATABANK_NAME from INFORMATION_SCHEMA.EXT_DATABANKS ]]>
			</lookupSQL> 
			</param>
		</paramList>
	   	 
	</adminTask>
	
	
	
	
	<adminTask appliesTo="" id="Custom_CreateIdent" 
			name="New User..." promptType="Dialog" 
			templateType="custom" title="New User Wizard"
			menuSeparator="1">	    
		<sqlString><![CDATA[
CREATE IDENT ? as USER USING ? ? 
		 ]]></sqlString>
		
		
		<paramList>	
			<param position="1" paramType="Textbox" value="" mandatory="true"  control="editbox" bounds="100, 10, 200, 20" label="User Name:" labelBounds="5, 10, 90, 20" prefixValue="" postfixValue="" separator="" enclosedStart="" enclosedEnd="" tabOrder="1" hint="A name for this user" />												        
			<param position="2" paramType="Textbox" value="" mandatory="true" control="editbox" bounds="100, 35, 200, 20" label="Password:" labelBounds="5, 35, 90, 20" prefixValue="" postfixValue=""  separator="" enclosedStart="'"  enclosedEnd="'" tabOrder="2"  hint="Password for this user" />
			<param position="3" paramType="PickList" value=" |WITH|WITHOUT" mandatory="false" control="combobox" bounds="100, 60, 200, 20" label="Schema creation:" labelBounds="5, 60, 90, 20" prefixValue="" postfixValue=" SCHEMA"  separator="" enclosedStart=""  enclosedEnd="" tabOrder="3" hint="Choose appropriate schema option" />						
		</paramList>
	   	 
	</adminTask>
	
	<adminTask appliesTo="" id="Custom_CreateOSIdent" 
			name="New OS User..." promptType="Dialog" 
			templateType="custom" title="New OS User Wizard"
			menuSeparator="0">	    
		<sqlString><![CDATA[
CREATE IDENT ? as OS_USER USING ? ? 
		 ]]></sqlString>
		
		
		<paramList>	
			<param position="1" paramType="Textbox" value="" mandatory="true"  control="editbox" bounds="100, 10, 200, 20" label="User Name:" labelBounds="5, 10, 90, 20" prefixValue="" postfixValue="" separator="" enclosedStart="" enclosedEnd="" tabOrder="1" hint="A name for this user" />												        
			<param position="2" paramType="Textbox" value="" mandatory="true" control="editbox" bounds="100, 35, 200, 20" label="Password:" labelBounds="5, 35, 90, 20" prefixValue="" postfixValue=""  separator="" enclosedStart="'"  enclosedEnd="'" tabOrder="2"  hint="Password for this user" />
			<param position="3" paramType="PickList" value=" |WITH|WITHOUT" mandatory="false" control="combobox" bounds="100, 60, 200, 20" label="Schema creation:" labelBounds="5, 60, 90, 20" prefixValue="" postfixValue=" SCHEMA"  separator="" enclosedStart=""  enclosedEnd="" tabOrder="3" hint="Choose appropriate schema option" />						
		</paramList>
	   	 
	</adminTask>
	
	
	
	<adminTask appliesTo="" id="Custom_CreateGroup" 
			name="New Group..." promptType="Dialog" 
			templateType="custom" title="New Group Wizard"
			menuSeparator="0">	    
		<sqlString><![CDATA[
CREATE IDENT ? as GROUP ? 
		 ]]></sqlString>
		
		
		<paramList>	
			<param position="1" paramType="Textbox" value="" mandatory="true"  control="editbox" bounds="100, 10, 200, 20" label="Group Name:" labelBounds="5, 10, 90, 20" prefixValue="" postfixValue="" separator="" enclosedStart="" enclosedEnd="" tabOrder="1" hint="A name for this user" />												        			
			<param position="2" paramType="PickList" value=" |WITH|WITHOUT" mandatory="false" control="combobox" bounds="100, 60, 200, 20" label="Schema creation:" labelBounds="5, 60, 90, 20" prefixValue="" postfixValue=" SCHEMA"  separator="" enclosedStart=""  enclosedEnd="" tabOrder="2" hint="Choose appropriate schema option" />						
		</paramList>
	   	 
	</adminTask>
	
	
	<adminTask appliesTo="" id="Custom_CreateProgram" 
			name="New Program..." promptType="Dialog" 
			templateType="custom" title="New Program Wizard"
			menuSeparator="0">	    
		<sqlString><![CDATA[
CREATE IDENT ? as PROGRAM USING ? ? 
		 ]]></sqlString>
		
		
		<paramList>	
			<param position="1" paramType="Textbox" value="" mandatory="true"  control="editbox" bounds="100, 10, 200, 20" label="Program Name:" labelBounds="5, 10, 90, 20" prefixValue="" postfixValue="" separator="" enclosedStart="" enclosedEnd="" tabOrder="1" hint="A name for this user" />												        
			<param position="2" paramType="Textbox" value="" mandatory="true" control="editbox" bounds="100, 35, 200, 20" label="Password:" labelBounds="5, 35, 90, 20" prefixValue="" postfixValue=""  separator="" enclosedStart="'"  enclosedEnd="'" tabOrder="2"  hint="Password for this user" />
			<param position="3" paramType="PickList" value=" |WITH|WITHOUT" mandatory="false" control="combobox" bounds="100, 60, 200, 20" label="Schema creation:" labelBounds="5, 60, 90, 20" prefixValue="" postfixValue=" SCHEMA"  separator="" enclosedStart=""  enclosedEnd="" tabOrder="3" hint="Choose appropriate schema option" />						
		</paramList>
	   	 
	</adminTask>
	
	
	
	
	
	<adminTask appliesTo="" id="Custom_CreateDataBank" 
			name="New Databank..." promptType="Dialog" 
			templateType="custom" title="New Databank wizard"
			menuSeparator="1">	    
		<sqlString><![CDATA[
CREATE DATABANK ? 
    ? ?
    ?
		 ]]></sqlString>
		
		
		<paramList>	
			<param position="1" paramType="Textbox" value="" mandatory="true"  control="editbox" bounds="100, 10, 200, 20" label="Databank Name:" labelBounds="5, 10, 90, 20" prefixValue="" postfixValue="" separator="" enclosedStart="" enclosedEnd="" tabOrder="1" hint="Name of the databank" />												        
			<param position="2" paramType="Textbox" value="1000" mandatory="false" control="editbox" bounds="100, 35, 200, 20" label="Number Of Pages:" labelBounds="5, 35, 90, 20" prefixValue="OF " postfixValue=" PAGES"  separator="" enclosedStart=""  enclosedEnd="" tabOrder="2"  hint="Number of 2K pages allocated for this databank. If missing, 1000 will be assumed" />
			<param position="3" paramType="Textbox" value="" mandatory="false" control="editbox" bounds="100, 60, 200, 20" label="File Name:" labelBounds="5, 60, 90, 20" prefixValue="IN " postfixValue=""  separator="" enclosedStart="'"  enclosedEnd="'" tabOrder="3" hint="Name of the physical file. If missing, databank name will be used instead." />
			<param position="4" paramType="PickList" value="LOG|TRANS|NULL" mandatory="true" control="combobox" bounds="100, 85, 200, 60" label="Creation Option:" labelBounds="5, 85, 90, 20"  prefixValue="WITH " postfixValue=" OPTION"  separator="" enclosedStart=""  enclosedEnd=""  tabOrder="4" hint="Databank creation option. Refer to Mimer's documentation for details." />
			
		</paramList>
	   	 
	</adminTask>
	
	
	
	
	
	<adminTask appliesTo="" id="Custom_Sequence" 
			name="New Sequence..." promptType="Dialog" 
			templateType="custom" title="New Sequence wizard"
			menuSeparator="1">	    
		<sqlString><![CDATA[
CREATE ? SEQUENCE ?
INITIAL_VALUE = ?
INCREMENT = ?
MAX_VALUE = ?
		 ]]></sqlString>
		
		
		<paramList>	
			<param position="1" paramType="Option" value="UNIQUE" mandatory="false"  control="checkbox" bounds="100, 35, 200, 20" label="Unique" labelBounds="-1" prefixValue="" postfixValue="" separator="" enclosedStart="" enclosedEnd="" tabOrder="2" hint="Check to create a unique index" />												        
			<param position="2" paramType="Textbox" value="" mandatory="true" control="editbox" bounds="100, 10, 200, 20" label="Sequence Name:" labelBounds="5, 10, 90, 20" prefixValue="" postfixValue=""  separator="" enclosedStart=""  enclosedEnd="" tabOrder="1"  hint="Name of the sequence. This is a mandatory field" />
			<param position="3" paramType="Textbox" value="1" mandatory="true" control="editbox" bounds="100, 60, 200, 20" label="Initial Value:" labelBounds="5, 60, 90, 20" prefixValue="" postfixValue=""  separator="" enclosedStart=""   tabOrder="3" hint="Initial value for this sequence" />
			<param position="4" paramType="Textbox" value="1" mandatory="true" control="editbox" bounds="100, 85, 200, 60" label="Increment By:" labelBounds="5, 85, 90, 20"  prefixValue="" postfixValue=""  separator="" enclosedStart=""  enclosedEnd=""  tabOrder="4" hint="Increment value for this sequence" />
			<param position="5" paramType="Textbox" value="2147483647" mandatory="true" control="editbox" bounds="100, 110, 200, 60" label="Maximum Value:" labelBounds="5, 110, 90, 20"  prefixValue="" postfixValue=""  separator="" enclosedStart=""  enclosedEnd=""  tabOrder="5" hint="Increment value for this sequence" />
		</paramList>
	   	 
	</adminTask>
	
	
	<adminTask appliesTo="" id="Custom_Synonym" 
			name="New Synonym..." promptType="Dialog" 
			templateType="custom" title="New Synonym wizard" 
			menuSeparator="0">	    
		<sqlString><![CDATA[
CREATE SYNONYM ? FOR ?
		 ]]></sqlString>
		
		
		<paramList>	
								        
			<param position="1" paramType="Textbox" value="" mandatory="true" control="editbox" bounds="100, 10, 250, 20" label="Synonym Name:" labelBounds="5, 10, 90, 20" prefixValue="" postfixValue=""  separator="" enclosedStart=""  enclosedEnd="" tabOrder="1"  hint="Name of the alias. This is a mandatory field" />
			<param position="2" paramType="SQLLookup" value="" mandatory="true" control="combobox" bounds="100, 35, 370, 20" label="Table Name:"  labelBounds="5, 35, 90, 20" prefixValue="" postfixValue=""  separator="" enclosedStart=""   tabOrder="2" hint="Name of the object for which you wish to create alias" >
			<lookupSQL>
			    <![CDATA[select TABLE_SCHEMA || '.'  || TABLE_NAME from INFORMATION_SCHEMA.TABLES
where "TABLE_SCHEMA" not in ('SYSTEM', 'FIPS_DOCUMENTATION', 'INFO_SCHEM', 'MIMER')
order by 1

			    ]]>
			</lookupSQL> 
			</param>
		</paramList>
	   	 
	</adminTask>
	
	
    </adminTasks>
</WinSQLDatabaseType>
