<?xml version="1.0" encoding="iso-8859-1" ?>

<!--
3/7/06  jas modified to support nzsession and nzquery history
Following variables are considered as keyword by WinSQL and can appear either in
elements or attribute values.

WinSQL_SCHEMA         __ Owner of the object. Will get replaced at run time automatically
WinSQL_OBJNAME		  __ Any object. Could be table, view, trigger, stored procedure, etc.
WinSQL_FULLOBJNAME    __ Any object. This is a combination of schema and objName separated by a dot
WinSQL_PARENTVALUE    __ This is the value returned by the parent query. Is only used in the extension
                         where level is 2.


	dbName -
		is the Name of the database. This name should be the DBMS Name
		returned by the ODBC driver. It should match the "DBMS Name" value
		in WinSQL catalog window. WinSQL uses this information to associate
		plugin files to a database. If this information is incorrect, WinSQL
		will not automatically select the Plugin type in the connection window.

	dbAlias -
		This is a friendly name for this plugin. This is what appears on the connection
		window.
	 -->
<WinSQLDatabaseType dbName="NetezzaSQL" dbAlias="Netezza" version="3.0">
	<view supported="yes">
		<viewDDL supported="yes">
			<query>
				<sqlString postProcessor="3"><![CDATA[
select 'CREATE OR REPLACE VIEW ' || ? || ' as ' || definition from _v_view where viewname = ? ]]></sqlString>
				<paramList>	
					<param position="1" datatype="VARCHAR" value="WinSQL_OBJNAME"  tag="1"/>
					<param position="2" datatype="VARCHAR" value="WinSQL_OBJNAME"  tag="1"/>
				</paramList>
			</query>
		</viewDDL>
	</view>
	<!-- The storedProcedure element tells WinSQL how to process a Stored procedure -->
	<storedProcedures supported="No">
		<storedProcDDL supported="no">
			<query>
				<sqlString></sqlString>
				<paramList>
					
				</paramList>
			</query>
		</storedProcDDL>
	</storedProcedures>
	<!--

	TRIGGERS

	-->
	<triggers supported="no">		
		<triggerDDL supported="no">
			<query>
				<sqlString></sqlString>
				<paramList>
				</paramList>
			</query>
		</triggerDDL>
	</triggers>
	<!--

	Explain Supported  
      Netezza supports Explain, Explain Verbose and Explain Plangraph.
      We provide Explain Verbose to provide best detail. Plangraph will not work as it returns HTML

	-->
	
	<explain supported="true">
	    <prereqTables4Explain />	    	
	    <prereqDDL4Explain />
	    
	    <explainQueryInsert required="false"> 	    
	    </explainQueryInsert>
	    
	    <explainQueryDelete required="false">
	    </explainQueryDelete>
	    
	    <explainQuerySelect displayType="text"><![CDATA[
	    EXPLAIN VERBOSE $WINSQL_QUERY_STRING  %WinSQLVar_QueryTerminator%	    	
	    ]]>
	    </explainQuerySelect>	    
	</explain>
	
	<createTableDDL supported="yes"> 				
		<query>
			<sqlString postProcessor="1" encrypted="true"><![CDATA[


			
			

Y<X<W@7T@DQRDG


V#EQC_7QK@RHU@/#IQNSC_QJTUBKP@RHU@/#QIUH_QJTUBKP@QDQN9@VC7QKHOMQDGP_strg_0_
IGDP
X<QIUH_KP<VvVvvZ<@[vV]dns@||@[XV]dns@||@'-DGBUHMIDQb7DQAe_DU1jecHM2-'@||@[vV]dns@||@[XV]dns@||@'['@@BSQJQC

JJU@HGMHA

V.EQC_7QK@RHU@/#IQNSC_QJTUBKP@RHU@/#QIUH_QJTUBKP@QDQN9@VC7QKHOMQDGP_strg_0_
IGDP
W<QIUH_KP<VvVvvZ<QIUH_HIAJGSKP@||@'<'@BSQJQC

HGMHA

V#EQC_7QK@RHU@/#IQNSC_QJTUBKP@RHU@/#QIUH_QJTUBKP@QDQN9@VC7QKHOMQDGP_strg_0_
IGDP
V<QIUH_KP<VvVvvZ<QIUH_HIAJGSKP@||@']@7Qk@HOMQDGp@'@||@QIUH_KP
||@'@BHMUDBCHGs@rru@'@||@'"'@||@/@||@'">"'@||@/@||@'"@qjtub@dqbju'@BSQJQC

HGMHA

V#EQC_7QK@RHU@/@#QIUH_QJTUB@RHU@/@#@IQNSC_QJTUB
QDQN9@Wc4qk4duimdf_strg_0_@IGDP
v<'@'<vZvvvZ<@[vV]dns@||@[XV]dns@||@'-DGBUHMIDQb7DQAe_DU1jecHM2-'@||@[vV]dns@||@[XV]dns@||@'['@BSQJQC

HGMHA

V.EQC_7QK@RHU@/@#QIUH_QJTUB@RHU@/@#@IQNSC_QJTUB
QDQN9@Wc4qk4duimdf_strg_0_@IGDP
v<'@'<EQC_7QK$VvvvvZ<@QIUH_HIAJGS@||@'<'@BSQJQC

HGMHA

V#EQC_7QK@RHU@/@#QIUH_QJTUB@RHU@/@#@IQNSC_QJTUB
QDQN9@Wc4qk4duimdf_strg_0_@IGDP
v<'@'<VvvvvZ<QIUH_HIAJGS@BSQJQC

HGMHA

/@#QIUH_QJTUB@RHU@/@#@IQNSC_QJTUB
QDQN9@Wc4qk4duimdf_strg_0_@IGDP
v<'@'<vvvvvZ<']@4qk@4duimdf@'@||@QIUH_KF@||@'@bhmudbchgs@rru@'@||@'"'@||@/@||@'">"'@||@/@||@'"@qjtub@dqbju'@BSQJQC

GPHM@7QK@7DUIMDF@OHMRRu%%
hgmha

v@<'@'@<ywwwwY@<@'-DGBUHMIDQb7DQAe_DU1jecHM2-'@BSQJQC

hgmha

/@#@dqh2g>U@RHU@/@#@qiuhqjtub>U@QDQN9
qiuhqjtub>T@#@qiuhqjtub>U@HG@T@fui_bcmr_qjtub_1_@HMGL@DQBAG@BPQJ@U@qjtub_1_@IGDP
v<'@'<ZwwwwY@<@@
rhq@@
'['@||@qiuhbbu>T@||@']'@qcjq@@
'igrhud'@hqnb@'jjah_dg_rmju1hm'@hqn2@@
['jjah_dg_rmju1hm'@<qiuhbbu>T]J0H@qcus@@
||@'@hg@qbatmdbcmr'@BSQJQC

hgmha

v@<'@'@<vwwwwY@<@'['@BSQJQC

hgmha

V@.@HGMBMCGF_JUHMRDG@RHU
/@#@qiuh_qjtub@rhu@/@#@iqnsc_qjtub@QDQN9
WCHIAJGS_STRG_0_@IGDp@
v<'@'<HGMBMCGF_JUHMRDG@<
?*
rhq@@@@
''@qcjq@@@@@@@@
bjaupqr@||@'@bjaupqr@'@hqnb@jjah@bgh@cm@"bjaupqr"@hqn2@qcus@@@@
||@@@@
rhq@@@@
''@qcjq@@@@
'@4bmbhqrm@cu@bjaupqr@4t@'@hqnb@'r'@hqn2@@@@
'@4bmbhqrm@cu@c4u2ju@'@hqnb@'u'@hqn2@@@@@@@@
rqbudqhqo@qcus@@@@

||@@@@

rhq@@@@
''@qcjq@@@@
'@rqbudqhqo@'@hqnb@'4'@hqn2@@@@
''@hqnb@'h'@hqn2@@@@@@@@
4bmbhqrm@qcus@@@@
||@@@@
*?
RHQ@@@@
PQR_HIAJGS@||@'@bjaupqr@'@QCJQ@@@@@@@@
'@'@HQNB@'@'@HQN9@@@@@@@@
['@'<PQR_HIAJGS]QSCQJUGS@QCUS@@@@

||@@@@
rhq@@@@
'@jjah@bgh@'@qcjq@@@@@@@@
'@'@@hqnb@'cq4'@hqn2@@@@@@@@
qjtujjah_cm@qcus@@@@
||@@@@
rhq@@@@
'@'@qcjq@@@@@@@@
'@['@||@[[[vV]dqbsuduns@cu@8MRUD_SQDF_IAH]bcus]imdbd@||@'@<'@||
[[[vV]dqbsuduns@cu@Q6MC_HIAJGS]bcus]imdbd@||@']'@hqnb@'x'@hqn2@@@@@@@@
'@['@||@[[[vV]dqbsuduns@cu@8MRUD_SQDF_IAH]bcus]imdbd@||@'@<'@||
[[[vV]dqbsuduns@cu@Q6MC_HIAJGS]bcus]imdbd@||@']'@hqnb@'y'@hqn2@@@@@@@@
'@['@||@[[[vV]dqbsuduns@cu@CBMOMR_JUIMSQR]bcus]imdbd@||@'@<'@||
[[[vV]dqbsuduns@cu@Q6MC_HIAJGS]bcus]imdbd@||@']'@hqnb@'W'@hqn2@@@@@@@@
'['@||@[[[vV]dqbsuduns
cu@Q6MC_HIAJGS]bcus]imdbd@||@']'@hqnb@'V'@hqn2@@@@@@@@
'['@||
[[[vV]dqbsuduns@cu@Q6MC_HIAJGS]bcus]imdbd@||@']'@hqnb@'WV'@hqn2@@@@@@@@
QF7B_UBUR@qcus@@@@

||@qiuh_qf4b@||@'@"'@||@QIUH_HIAJGS@||@'"@@@<'@BSQJQC
hgmha

/@#@qiuh_qjtub@rhu@/@#@iqnsc_qjtub@RHU
V@#@HGMBMCGF_JUHMRDG@QDQN9@
Wchiajgs_strg_0_@IGDp@
v<'@'<HGMBMCGF_JUHMRDG@<
?*

rhq@@@@
''@qcjq@@@@@@@@
bjaupqr@||@'@bjaupqr@'@hqnb@jjah@bgh@cm@"bjaupqr"@hqn2@qcus@@@@
||@@@@
rhq@@@@
''@qcjq@@@@
'@4bmbhqrm@cu@bjaupqr@4t@'@hqnb@'r'@hqn2@@@@
'@4bmbhqrm@cu@c4u2ju@'@hqnb@'u'@hqn2@@@@@@@@
rqbudqhqo@qcus@@@@

||@@@@

rhq@@@@
''@qcjq@@@@
'@rqbudqhqo@'@hqnb@'4'@hqn2@@@@
''@hqnb@'h'@hqn2@@@@@@@@
4bmbhqrm@qcus@@@@
||@@@@
*?
RHQ@@@@
PQR_HIAJGS@||@'@bjaupqr@'@QCJQ@@@@@@@@
'@'@HQNB@'@'@HQN9@@@@@@@@
['@'<PQR_HIAJGS]QSCQJUGS@QCUS@@@@

||@@@@

rhq@@@@
'@jjah@bgh@'@qcjq@@@@@@@@
''@hqnb@'cq4'@hqn2@@@@@@@@
QJTUJJAH_CM@qcus@@@@
||@@@@
rhq@@@@
'@'@qcjq@@@@@@@@
'['@||@[[[vV]dqbsuduns@cu@8MRUD_SQDF_IAH]bcus]imdbd@||@'@<'@||
[[[vV]dqbsuduns@cu@Q6MC_HIAJGS]bcus]imdbd@||@']'@hqnb@'x'@hqn2@@@@@@@@
'['@||@[[[vV]dqbsuduns@cu@8MRUD_SQDF_IAH]bcus]imdbd@||@'@<'@||
[[[vV]dqbsuduns@cu@Q6MC_HIAJGS]bcus]imdbd@||@']'@hqnb@'y'@hqn2@@@@@@@@
'['@||@[[[vV]dqbsuduns@cu@CBMOMR_JUIMSQR]bcus]imdbd@||@'@<'@||
[[[vV]dqbsuduns@cu@Q6MC_HIAJGS]bcus]imdbd@||@']'@hqnb@'W'@hqn2@@@@@@@@
'['@||@[[[vV]dqbsuduns
cu@Q6MC_HIAJGS]bcus]imdbd@||@']'@hqnb@'V'@hqn2@@@@@@@@
'['@||
[[[vV]dqbsuduns@cu@Q6MC_HIAJGS]bcus]imdbd@||@']'@hqnb@'WV'@hqn2@@@@@@@@
QF7B_UBUR@qcus@@@@

||@'@'@||QJTUJJAH@||@QJTUJJAH_CM@||@'@'%%
||@qiuh_qf4b@||@'@"'@||@qiuh_HIAjgs@||@'"@@@@'@BSQJQC
hgmha
v<'vvvvvvvvvvvvvvvv'<V%@<BIBc@CU@']"'@||@/@||@'">"'@||@/@||@'"@qjtub@qbuqds'@BSQJQC
			


			
			
			
]]></sqlString>
			<paramList>
				<param position="1" datatype="VARCHAR" value="WinSQL_SCHEMA"  tag="1"/>
				<param position="2" datatype="VARCHAR" value="WinSQL_OBJNAME"  tag="1"/>
				<param position="3" datatype="VARCHAR" value="WinSQL_SCHEMA"  tag="1"/>
				<param position="4" datatype="VARCHAR" value="WinSQL_OBJNAME"  tag="1"/>
				<param position="5" datatype="VARCHAR" value="WinSQL_SCHEMA"  tag="1"/>
				<param position="6" datatype="VARCHAR" value="WinSQL_OBJNAME"  tag="1"/>
				<param position="7" datatype="VARCHAR" value="WinSQL_OBJNAME"  tag="1"/>
				<param position="8" datatype="VARCHAR" value="WinSQL_SCHEMA"  tag="1"/>
				<param position="9" datatype="VARCHAR" value="WinSQL_SCHEMA"  tag="1"/>
				<param position="10" datatype="VARCHAR" value="WinSQL_OBJNAME"  tag="1"/>
				<param position="11" datatype="VARCHAR" value="WinSQL_SCHEMA"  tag="1"/>
				<param position="12" datatype="VARCHAR" value="WinSQL_OBJNAME"  tag="1"/>
				<param position="13" datatype="VARCHAR" value="WinSQL_SCHEMA"  tag="1"/>
				<param position="14" datatype="VARCHAR" value="WinSQL_OBJNAME"  tag="1"/>
				<param position="15" datatype="VARCHAR" value="WinSQL_SCHEMA"  tag="1"/>
				<param position="16" datatype="VARCHAR" value="WinSQL_OBJNAME"  tag="1"/>
				<param position="17" datatype="VARCHAR" value="WinSQL_SCHEMA"  tag="1"/>
				<param position="18" datatype="VARCHAR" value="WinSQL_OBJNAME"  tag="1"/>
				<param position="19" datatype="VARCHAR" value="WinSQL_SCHEMA"  tag="1"/>
				<param position="20" datatype="VARCHAR" value="WinSQL_OBJNAME"  tag="1"/>
				<param position="21" datatype="VARCHAR" value="WinSQL_OBJNAME"  tag="1"/>
				<param position="22" datatype="VARCHAR" value="WinSQL_SCHEMA"  tag="1"/>
				<param position="23" datatype="VARCHAR" value="WinSQL_OBJNAME"  tag="1"/>
				<param position="24" datatype="VARCHAR" value="WinSQL_SCHEMA"  tag="1"/>
				<param position="25" datatype="VARCHAR" value="WinSQL_OBJNAME"  tag="1"/>
				<param position="26" datatype="VARCHAR" value="WinSQL_SCHEMA"  tag="1"/>
			</paramList>
		</query>		
	</createTableDDL>
	

	<!-- Following is a list of extended elements.
		The immediate children of extendedNodes element MUST be a level1 element.
		The name of the element will appear as the header in the TreeView control
		
		Attribute description:
			name - This is the name that will appear in TreeView.
			displayType - This is where the result of the query will
						  get displayed. The possible values are:
						  
						  WinSQL_TreeView
						  WinSQL_GridView
						  WinSQL_ListView
						  WinSQL_TextView
						  
						  In case of WinSQL_TreeView, only the first column will
						  get displayed. 
						  
						  In case of WinSQL_ListView, only the first row of the
						  resultset will be displayed.
						  
						  In case of WinSQL_TextView, the text
						  will be tab delimited if more than one column is found.
			hasChildren - If yes, there can be another level node
	-->
	<extendedNodes>
	<!--

	LIST DATABASES.  This is redundant in Version 5

	-->
		<extension level="1" name="Databases" displayType="WinSQL_GridView" hasChildren="no" useInDBDiff="no">	
			<query>
				<sqlString><![CDATA[
			          SELECT database, owner, db_charset, db_collation from _v_database
				 ]]></sqlString>
				<!-- Level 1 extensions can ONLY have WinSQL_SCHEMA as a parameter  -->
				<paramList>	</paramList>
			</query> 
		</extension>
	<!--

	GROUP LIMITS

	-->
		<extension level="1" name="Group Limits" displayType="WinSQL_GridView" hasChildren="no" useInDBDiff="no">	
			<query>
				<sqlString><![CDATA[
				select groupname "Group", rowlimit "Row limit", sessiontimeout "Timeout", 
				querytimeout "Query Timeout", def_priority "Deflt Priority", Max_priority "Max Priority"
				from _v_group;		
				 ]]></sqlString>
				<!-- Level 1 extensions can ONLY have WinSQL_SCHEMA as a parameter  -->
				<paramList>	</paramList>
			</query>
			<extension level="2" name="Group Members" displayType="WinGrid_TreeView" hasChildren="no" useInDBDiff="no">	
				<query>
					<sqlString><![CDATA[
					select username "User" from _v_groupusers where groupname = ( ? )
					 ]]></sqlString>
					<paramList>
						<param position="1" datatype="varchar" value="WinSQL_PARENTVALUE"  tag="1"/>
					</paramList>
				</query>
			</extension>      
		</extension>

      <!--

	GROUP TO USER

	-->

		<extension level="1" name="Group -> Users" displayType="WinSQL_TreeView" hasChildren="yes" useInDBDiff="no">	
			<query>
				<sqlString><![CDATA[
				select groupname "Group" from _v_group;		
				 ]]></sqlString>
				<!-- Level 1 extensions can ONLY have WinSQL_SCHEMA as a parameter  -->
				<paramList>	</paramList>
			</query>
				<extension level="2" name="Group Membership" displayType="WinSQL_GridView" hasChildren="no" useInDBDiff="no">	
				<query>
					<sqlString><![CDATA[
					select username "Users" from _v_groupusers where GROUPNAME = ?		
					 ]]></sqlString>
					<paramList>
						<param position="1" datatype="varchar" value="WinSQL_PARENTVALUE"  tag="1"/>
					</paramList>
				</query>
			</extension> 		
		</extension>


	<!--

	GROUP Permission Object (Table,view,...)

	-->
            <extension level="1" name="Group Permissions Object" displayType="WinSQL_TreeView" hasChildren="yes" useInDBDiff="no">	
			<query>
				<sqlString>
					<![CDATA[ select groupname "Group" from _v_group; ]]>
 				</sqlString>
				<!-- Level 1 extensions can ONLY have WinSQL_SCHEMA as a parameter  -->
				<paramList>	</paramList>
			</query>
			  <extension level="2" name="Permissions" displayType="WinSQL_GridView" hasChildren="no" useInDBDiff="no">	
				<query>
					<sqlString><![CDATA[
						select databasename, objectname "Table",
						case int4and(gopobjpriv,1) when 1 then 'L' end as "Lst",
						case int4and(gopobjpriv,2) when 2 then 'S' end as "Sel",
						case int4and(gopobjpriv,4) when 4 then 'I' end as "Ins",
						case int4and(gopobjpriv,8) when 8 then 'U' end  as "Upd",
						case int4and(gopobjpriv,16) when 16 then 'D' end as "Del",
						case int4and(gopobjpriv,32) when 32 then 'T' end as "Trnc",
						case int4and(gopobjpriv,64) when 64 then 'L' end  as "Lock",
						case int4and(gopobjpriv,128) when 128 then 'A' end as "Altr",
						case int4and(gopobjpriv,256) when 256 then 'D' end as "Drop",
						case int4and(gopobjpriv,512) when 512 then 'B' end as "aBrt",
						case int4and(gopobjpriv,2048) when 2048 then 'L' end as "Load",
						case int4and(gopobjpriv,4096) when 4096 then 'G' end as "Stat"
						from _v_sys_group_priv 
						where gopobjpriv > 0 and lower(groupname) like ? 
						order by 1,2;
						 ]]>
					</sqlString>
					<paramList>
						<param position="1" datatype="varchar" value="WinSQL_PARENTVALUE"  tag="1"/>
					</paramList>
				</query>
			</extension>
   </extension>

	<!--

	GROUP PERMS

	-->
		<extension level="1" name="Group Permissions Admin" displayType="WinSQL_GridView" hasChildren="no" useInDBDiff="no">	
			<query>
				<sqlString><![CDATA[
				select databasename "Database  ",Objectname "Object", -- objecttype,
				case int4and(gopadmpriv,1) when 1 then 'D' end as DB,
				case int4and(gopadmpriv,2) when 2 then 'G' end as Grp,
				case int4and(gopadmpriv,4) when 4 then 'U' end as Usr,
				case int4and(gopadmpriv,8) when 8 then 'T' end  as Tbl,
				case int4and(gopadmpriv,16777216) when 16777216 then 'E' end as Tmp ,
				case int4and(gopadmpriv,33554432) when 33554432 then 'X' end as Ext ,
				case int4and(gopadmpriv,256) when 256 then 'Q' end as Seq,
				case int4and(gopadmpriv,2097152) when 2097152 then 'Y' end as Syn ,
				case int4and(gopadmpriv,16) when 16 then 'V' end as Vw,
				case int4and(gopadmpriv,8192) when 8192 then 'M' end as Mat ,
				case int4and(gopadmpriv,32) when 32 then 'I' end as Idx,
				case int4and(gopadmpriv,65536) when 65536 then 'B' end  as Bck,
				case int4and(gopadmpriv,131072) when 131072 then 'R' end as Rstr,
				case int4and(gopadmpriv,262144) when 262144 then 'C' end as rclm,
				case int4and(gopadmpriv,4194304) when 4194304 then 'S' end as Sys ,
				case int4and(gopadmpriv,8388608) when 8388608 then 'H' end  as Hdw
				from  _v_sys_group_priv where gopadmpriv > 0 
				order by 1,2;	
				 ]]></sqlString>
				<!-- Level 1 extensions can ONLY have WinSQL_SCHEMA as a parameter  -->
				<paramList>	</paramList>
			</query>
			<extension level="2" name="Permissions Admin" displayType="WinSQL_GridView" hasChildren="no" useInDBDiff="no">	
				<query>
					<sqlString></sqlString>
					<paramList></paramList>
				</query>
			</extension>
		</extension>
<!--

	USER Limits

	-->
		<extension level="1" name="User Limits" displayType="WinSQL_GridView" hasChildren="no" useInDBDiff="no">	
			<query>
				<sqlString><![CDATA[
				select username "User", rowlimit "Row limit", sessiontimeout "Timeout", 
				querytimeout "Query Timeout", def_priority "Deflt Priority", Max_priority "Max Priority"
				from _v_user;		
				 ]]></sqlString>
				<!-- Level 1 extensions can ONLY have WinSQL_SCHEMA as a parameter  -->
				<paramList>	</paramList>
			</query>
			<extension level="2" name="Group Members" displayType="WinGrid_TreeView" hasChildren="no" useInDBDiff="no">	
				<query>
					<sqlString></sqlString>
					<paramList></paramList>
				</query>
			</extension>      
		</extension>
	<!--

	USERS TO GROUP

	-->

		<extension level="1" name="Users -> Group" displayType="WinSQL_TreeView" hasChildren="yes" useInDBDiff="no">	
			<query>
				<sqlString><![CDATA[
				select username "User" from _v_user where username not like 'admin';		
				 ]]></sqlString>
				<!-- Level 1 extensions can ONLY have WinSQL_SCHEMA as a parameter  -->
				<paramList>	</paramList>
			</query>
				<extension level="2" name="Group Membership" displayType="WinSQL_GridView" hasChildren="no" useInDBDiff="no">	
				<query>
					<sqlString><![CDATA[
					select groupname "Groups" from _v_usergroups where userNAME = ?		
					 ]]></sqlString>
					<paramList>
						<param position="1" datatype="varchar" value="WinSQL_PARENTVALUE"  tag="1"/>
					</paramList>
				</query>
			</extension> 		
		</extension>
	<!--

	USER Access PERMISSIONS OBJECT

	-->

		<extension level="1" name="User Access Permissions Object" displayType="WinSQL_TreeView" hasChildren="yes" useInDBDiff="no">	
			<query>
				<sqlString><![CDATA[
				select username "User" from _v_user where username not like 'admin';		
				 ]]></sqlString>
				<!-- Level 1 extensions can ONLY have WinSQL_SCHEMA as a parameter  -->
				<paramList>	</paramList>
			</query>
			<extension level="2" name="User Access Permissions" displayType="WinSQL_GridView" hasChildren="no" useInDBDiff="no">	
				<query>
					<sqlString><![CDATA[
					select databasename, objectname "Table",
					case int4and(aclobjpriv,1) when 1 then 'L' end as "Lst",
					case int4and(aclobjpriv,2) when 2 then 'S' end as "Sel",
					case int4and(aclobjpriv,4) when 4 then 'I' end as "Ins",
					case int4and(aclobjpriv,8) when 8 then 'U' end  as "Upd",
					case int4and(aclobjpriv,16) when 16 then 'D' end as "Del",
					case int4and(aclobjpriv,32) when 32 then 'T' end as "Trnc",
					case int4and(aclobjpriv,64) when 64 then 'L' end  as "Lock",
					case int4and(aclobjpriv,128) when 128 then 'A' end as "Altr",
					case int4and(aclobjpriv,256) when 256 then 'D' end as "Drop",
					case int4and(aclobjpriv,512) when 512 then 'B' end as "aBrt",
					case int4and(aclobjpriv,2048) when 2048 then 'L' end as "Load",
					case int4and(aclobjpriv,4096) when 4096 then 'G' end as "Stat"
					from _v_sys_priv where aclobjpriv > 0 and username like ?
					order by 1,2;
					 ]]></sqlString>
					<paramList>
						<param position="1" datatype="varchar" value="WinSQL_PARENTVALUE"  tag="1"/>
					</paramList>
				</query>
			</extension>
		</extension>

	<!--

	USER PERMISSIONS OBJECT

	-->

		<extension level="1" name="User Permissions Object" displayType="WinSQL_TreeView" hasChildren="yes" useInDBDiff="no">	
			<query>
				<sqlString><![CDATA[
				select username "User" from _v_user where username not like 'admin';		
				 ]]></sqlString>
				<!-- Level 1 extensions can ONLY have WinSQL_SCHEMA as a parameter  -->
				<paramList>	</paramList>
			</query>
			<extension level="2" name="Table Permissions" displayType="WinSQL_GridView" hasChildren="no" useInDBDiff="no">	
				<query>
					<sqlString><![CDATA[
					select databasename, objectname "Table",
					case int4and(uopobjpriv,1) when 1 then 'L' end as "Lst",
					case int4and(uopobjpriv,2) when 2 then 'S' end as "Sel",
					case int4and(uopobjpriv,4) when 4 then 'I' end as "Ins",
					case int4and(uopobjpriv,8) when 8 then 'U' end  as "Upd",
					case int4and(uopobjpriv,16) when 16 then 'D' end as "Del",
					case int4and(uopobjpriv,32) when 32 then 'T' end as "Trnc",
					case int4and(uopobjpriv,64) when 64 then 'L' end  as "Lock",
					case int4and(uopobjpriv,128) when 128 then 'A' end as "Altr",
					case int4and(uopobjpriv,256) when 256 then 'D' end as "Drop",
					case int4and(uopobjpriv,512) when 512 then 'B' end as "aBrt",
					case int4and(uopobjpriv,2048) when 2048 then 'L' end as "Load",
					case int4and(uopobjpriv,4096) when 4096 then 'G' end as "Stat"
					from _v_sys_user_priv where uopobjpriv > 0 and username like ?
					order by 1,2;
					 ]]></sqlString>
					<paramList>
						<param position="1" datatype="varchar" value="WinSQL_PARENTVALUE"  tag="1"/>
					</paramList>
				</query>
			</extension>
		</extension>
	<!--

	USER PERMISSIONS ADMIN

	-->

SELECT databasename, objectname, aclobjpriv, acladmpriv
FROM _v_sys_priv WHERE username = 'admin2' and (aclobjpriv > 0 or acladmpriv > 0)

	<extension level="1" name="User Permissions Admin" displayType="WinSQL_GridView" hasChildren="no" useInDBDiff="no">	
			<query>
				<sqlString><![CDATA[
					select username "User", --'all' "Database",
					case int4and(uopadmpriv,1) when 1 then ' D ' end as "DB",
					case int4and(uopadmpriv,2) when 2 then ' G ' end as "Grp",
					case int4and(uopadmpriv,4) when 4 then ' U ' end as "Usr",
					case int4and(uopadmpriv,8) when 8 then ' T ' end  as "Tbl",
					case int4and(uopadmpriv,16777216) when 16777216 then ' E ' end as "Temp" ,
					case int4and(uopadmpriv,33554432) when 33554432 then ' X ' end as "ExTbl" ,
					case int4and(uopadmpriv,256) when 256 then ' Q ' end as "Seq",
					case int4and(uopadmpriv,2097152) when 2097152 then ' Y ' end as "Syn" ,
					case int4and(uopadmpriv,16) when 16 then ' V ' end as "Vw",
					case int4and(uopadmpriv,8192) when 8192 then ' M ' end as "MVw" ,
					case int4and(uopadmpriv,32) when 32 then ' I ' end as "Idx",
					case int4and(uopadmpriv,65536) when 65536 then ' B ' end  as "Bck",
					case int4and(uopadmpriv,131072) when 131072 then ' R ' end as "Rstr",
					case int4and(uopadmpriv,262144) when 262144 then ' C ' end as "rclm",
					case int4and(uopadmpriv,4194304) when 4194304 then ' S ' end as "Sys" ,
					case int4and(uopadmpriv,8388608) when 8388608 then ' H ' end  as "Hdw" 
					from  _v_sys_user_priv where uopadmpriv > 0 
					order by 1
					]]>
				</sqlString>
				<!-- Level 1 extensions can ONLY have WinSQL_SCHEMA as a parameter  -->
				<paramList>	</paramList>
			</query>
				<extension level="2" name="Group Membership" displayType="WinSQL_GridView" hasChildren="no" useInDBDiff="no">	
				<query>
					<sqlString></sqlString>
					<paramList></paramList>
				</query>
			</extension> 		
		</extension>
<!--

	USER ACCESS PERMISSIONS ADMIN

	-->


		<extension level="1" name="User Access Permissions Admin" displayType="WinSQL_GridView" hasChildren="no" useInDBDiff="no">	
			<query>
				<sqlString><![CDATA[
					select username "User", --'all' "Database",
					case int4and(acladmpriv,1) when 1 then ' D ' end as "DB",
					case int4and(acladmpriv,2) when 2 then ' G ' end as "Grp",
					case int4and(acladmpriv,4) when 4 then ' U ' end as "Usr",
					case int4and(acladmpriv,8) when 8 then ' T ' end  as "Tbl",
					case int4and(acladmpriv,16777216) when 16777216 then ' E ' end as "Temp" ,
					case int4and(acladmpriv,33554432) when 33554432 then ' X ' end as "ExTbl" ,
					case int4and(acladmpriv,256) when 256 then ' Q ' end as "Seq",
					case int4and(acladmpriv,2097152) when 2097152 then ' Y ' end as "Syn" ,
					case int4and(acladmpriv,16) when 16 then ' V ' end as "Vw",
					case int4and(acladmpriv,8192) when 8192 then ' M ' end as "MVw" ,
					case int4and(acladmpriv,32) when 32 then ' I ' end as "Idx",
					case int4and(acladmpriv,65536) when 65536 then ' B ' end  as "Bck",
					case int4and(acladmpriv,131072) when 131072 then ' R ' end as "Rstr",
					case int4and(acladmpriv,262144) when 262144 then ' C ' end as "rclm",
					case int4and(acladmpriv,4194304) when 4194304 then ' S ' end as "Sys" ,
					case int4and(acladmpriv,8388608) when 8388608 then ' H ' end  as "Hdw" 
					from  _v_sys_user_priv where acladmpriv > 0 
					order by 1
					]]>
				</sqlString>
				<!-- Level 1 extensions can ONLY have WinSQL_SCHEMA as a parameter  -->
				<paramList>	</paramList>
			</query>
				<extension level="2" name="Group Membership" displayType="WinSQL_GridView" hasChildren="no" useInDBDiff="no">	
				<query>
					<sqlString></sqlString>
					<paramList></paramList>
				</query>
			</extension> 		
		</extension>

	<!--

	SESSIONS

	-->
		<extension level="1" name="Sessions" displayType="WinSQL_GridView" hasChildren="no" useInDBDiff="no">	
			<query>
				<sqlString><![CDATA[
				select id "Id", pid "PID", cid "CID", ipaddr "IP address", username "User",
                                     dbname "Database", type "Type", conntime "Start Time", status "State",
				     command "Command", priority "Priority" from _v_session		
				 ]]></sqlString>
				<!-- Level 1 extensions can ONLY have WinSQL_SCHEMA as a parameter  -->
				<paramList>	</paramList>
			</query>
			<extension level="2" name="Session Detail" displayType="WinSQL_GridView" hasChildren="no" useInDBDiff="no">	
				<query>
					<sqlString><![CDATA[
					select * from _v_session where id = ?		
					 ]]></sqlString>
					<paramList>
						<param position="1" datatype="varchar" value="WinSQL_PARENTVALUE"  tag="1"/>
					</paramList>
				</query>
			</extension> 
		</extension>

	<!--

	SEQUENCES

	-->

		<extension level="1" name="Sequences" displayType="WinSQL_GridView" hasChildren="no" useInDBDiff="no">	
			<query>
				<sqlString><![CDATA[
				select objname as "Sequence", data_type, min_value, max_value, cycle, increment, cache_size, next_cache_val, flags 
				from _vt_sequence, _v_object_data  
				where  _v_object_data.objid = seq_id
				order by 1 ;			
				 ]]></sqlString>
				 
				<!-- Level 1 extensions can ONLY have WinSQL_SCHEMA as a parameter  --> 
				<paramList>
					<param position="1" datatype="varchar" value="WinSQL_SCHEMA"  tag="1"/>
				</paramList>
			</query>
			<extension level="2" name="Sequence Detail" displayType="WinSQL_ListView" hasChildren="no" useInDBDiff="no">	
				<query>
					<sqlString><![CDATA[
					select * from  ? 				
					 ]]></sqlString>
					<paramList>
						<param position="1" datatype="varchar" value="WinSQL_PARENTVALUE"  tag="1"/>
					</paramList>
				</query>
			</extension> 
		</extension>

	<!--

	SYNONYMS

	-->

	<extension level="1" name="Synonyms" displayType="WinSQL_GridView" hasChildren="no" useInDBDiff="no">	
			<query>
				<sqlString><![CDATA[
				SELECT synonym_name, refdatabase, refschema, refobjname, 
					'select * from '||refdatabase || '.' || refschema || '.' || refobjname as "Query"
				FROM _v_synonym 
				ORDER BY 1, 2	
	-- SELECT objname "Name", objtype "Type", Owner from _v_obj_relation where objclass in (4913) ORDER BY "Name";
				 ]]></sqlString>
				<!-- Level 1 extensions can ONLY have WinSQL_SCHEMA as a parameter  -->
				<paramList>	</paramList>
			</query>
			<extension level="2" name="Synonym Detail" displayType="WinSQL_GridView" hasChildren="no" useInDBDiff="no">	
				<query>
					<sqlString><![CDATA[
					SELECT synonym_name, refdatabase, refschema, refobjname
FROM _v_synonym WHERE synonym_name = ?		
					 ]]></sqlString>
					<paramList>
						<param position="1" datatype="varchar" value="WinSQL_PARENTVALUE"  tag="1"/>
					</paramList>
				</query>
			</extension> 
		</extension>

	<!--

	TABLE DISTIBUTIONS

	-->

		
		<extension level="1" name="Table Distribution" displayType="WinSQL_TreeView" hasChildren="yes" useInDBDiff="no">	
			<query>
				<sqlString><![CDATA[
				select OWNER || '.' || TABLENAME, TABLENAME from _V_TABLE where objtype = 'TABLE'	
				 ]]></sqlString>
				<!-- Level 1 extensions can ONLY have WinSQL_SCHEMA as a parameter  -->
				<paramList>	</paramList>
			</query>
			<extension level="2" name="Table Distribution" displayType="WinSQL_GridView" hasChildren="no" useInDBDiff="no">	
				<query>
					<sqlString><![CDATA[
					select nvl(b.ATTNAME,'Round-Robin') "Distribution column" 					
					from _V_TABLE a left outer join _V_TABLE_DIST_MAP b 
					on a.tablename = b.tablename 				
					where a.TABLENAME like ? order by 1, attnum;		
					 ]]></sqlString>
					<paramList>
						<param position="1" datatype="varchar" value="WinSQL_PARENTVALUE"  tag="2"/>
					</paramList>
				</query>
			</extension> 
		</extension>

	<!--

	QUERY HISTORY

	-->

	<extension level="1" name="Query History" displayType="WinSQL_GridView" hasChildren="no" useInDBDiff="no">	
			<query>
				<sqlString><![CDATA[
				Select
   				 qh_planid as "Plan",
   				 qh_tsubmit as "Submit time",
  				 qh_tstart as "Start time",
   				 qh_tend as "End time",
   				 qh_tstart - qh_tsubmit as "Queued Time",
   				 qh_tend - qh_tstart as "Query Time",
   				 qh_tend - qh_tsubmit as "Elapsed Time",
   				 qh_sql as "SQL Statement",
   				 qh_user as "User",
   				 qh_database as "Database",
   				 qh_sessionid as "Session",
   				 qh_clientid as "Client Id",
   				 qh_cliipaddr as "Client IP",
   				 qh_pritxt as "Priority",
   				 qh_estcost as "Est Cost",
   				 qh_estdisk as "Est Disk",
   				 qh_estmem as "Est Mem",
   				 qh_snippets as "Snippets",
   				 qh_resrows as "Result Rows",
   				 qh_resbytes as "Result Bytes"
    
				from _v_qryhist
				order by 1 desc
				limit 100;		
				 ]]></sqlString>
				 
				<!-- Level 1 extensions can ONLY have WinSQL_SCHEMA as a parameter  --> 
				<paramList></paramList>
			</query>
			<extension level="2" name="Query History Detail" displayType="WinSQL_ListView" hasChildren="no" useInDBDiff="no">	
				<query>
					<sqlString></sqlString>
					<paramList></paramList>
				</query>
			</extension> 
		</extension>


	<!--

	QUERY STATUS

	-->

	<extension level="1" name="Query Status" displayType="WinSQL_GridView" hasChildren="no" useInDBDiff="no">	
			<query>
				<sqlString><![CDATA[
				Select
   				 qs_planid as "Plan",
    				 qs_tsubmit as "Submit time",
   				 qs_tstart as "Start Time",
   				 qs_tstart - qs_tsubmit as "Queued Time",
   				 current_timestamp - qs_tstart as "Run Time",
   				 current_timestamp - qs_tsubmit as "Elapsed Time",
   				 qs_state as "Qry State",
   				 qs_sql as "SQL Statement",
   				 qs_clientid as "Client Id",
   				 qs_cliipaddr as "Client IP",
   
  				 qs_sessionid as "Session",
   				 qs_pritxt as "Priority",
    				 qs_estcost as "Est Cost",
  				 qs_estdisk as "Est Disk",
   				 qs_estmem as "Est Memory",
   				 qs_snippets as "Snippets",
   				 qs_cursnipt as "CurrentSnippet",
   				 qs_resrows as "Result Rows",
   				 qs_resbytes as "Result Bytes"
    
				from _v_qrystat
				order by 1 desc
				limit 100;
		
				 ]]></sqlString>
				 
				<!-- Level 1 extensions can ONLY have WinSQL_SCHEMA as a parameter  --> 
				<paramList>
					<param position="1" datatype="varchar" value="WinSQL_SCHEMA"  tag="1"/>
				</paramList>
			</query>
			<extension level="2" name="Query History Detail" displayType="WinSQL_ListView" hasChildren="no" useInDBDiff="no">	
				<query>
					<sqlString><![CDATA[ select * from _v_qryhist  where qh_planid = ? ; ]]></sqlString>
					<paramList>
						<param position="1" datatype="varchar" value="WinSQL_PARENTVALUE"  tag="1"/>
						
					</paramList>
				</query>
			</extension> 
		</extension>

	<!--

	LIST FUNCTIONS

	-->

		<extension level="1" name="List Functions" displayType="WinSQL_GridView" hasChildren="no" useInDBDiff="no">	
			<query>
				<sqlString><![CDATA[
					SELECT Result, Function, Arguments
					FROM _v_function WHERE Result <> '-' and Arguments <> '' 
					ORDER BY Function, Result, Arguments
				 ]]></sqlString>
				 
				<!-- Level 1 extensions can ONLY have WinSQL_SCHEMA as a parameter  --> 
				<paramList></paramList>
			</query>
			<extension level="2" name="Query History Detail" displayType="WinSQL_ListView" hasChildren="no" useInDBDiff="no">	
				<query>
					<sqlString></sqlString>
					<paramList></paramList>
				</query>
			</extension> 
		</extension>

	<!--

	LIST AGGREGATES

	-->

		<extension level="1" name="List Aggregates" displayType="WinSQL_GridView" hasChildren="no" useInDBDiff="no">	
			<query>
				<sqlString><![CDATA[
					SELECT substring(aggregate,1,strpos(aggregate,'_')-1) "Name",
       				substring(aggregate,strpos(aggregate,'_')+1) "Type",
       				obj_description(objid) "Description"
					FROM _v_aggregate ORDER BY "Type", "Name"
				 ]]></sqlString>
				 
				<!-- Level 1 extensions can ONLY have WinSQL_SCHEMA as a parameter  --> 
				<paramList></paramList>
			</query>
			<extension level="2" name="Query History Detail" displayType="WinSQL_ListView" hasChildren="no" useInDBDiff="no">	
				<query>
					<sqlString></sqlString>
					<paramList></paramList>
				</query>
			</extension> 
		</extension>
	<!--

	LIST OPERATORS

	-->

		<extension level="1" name="List OPERATORS" displayType="WinSQL_GridView" hasChildren="no" useInDBDiff="no">	
			<query>
				<sqlString><![CDATA[
					SELECT operator "Operator", oprleft "Left arg", oprright "Right arg",
				       oprresult "Result", description "Description"
					FROM   _v_operator 
					WHERE oprleft not in ('clob','bpchar','blob') 
					and oprright not in ('clob','bpchar','blob')
					and oprresult not in ('clob','bpchar','blob')
					ORDER BY 1, 2,3 
				 ]]></sqlString>
				 
				<!-- Level 1 extensions can ONLY have WinSQL_SCHEMA as a parameter  --> 
				<paramList></paramList>
			</query>
			<extension level="2" name="Query History Detail" displayType="WinSQL_ListView" hasChildren="no" useInDBDiff="no">	
				<query>
					<sqlString></sqlString>
					<paramList></paramList>
				</query>
			</extension> 
		</extension>

	</extendedNodes>


	<!--

      END OF ENTENSIONS

	-->


    <parameters>
    	<parameter name="FetchParentRelationship" value="yes" />
	<parameter name="FetchDependentRelationship" value="yes" /> 
    </parameters>
    
    
    <adminTasks>
    	<adminTask appliesTo="WinSQL_INDEX" id="WinSQL_NewIndex" 
			name="Create New Index" promptType="Dialog" 
			templateType="predefined" title="New index wizard" >	    
		<sqlString><![CDATA[ --CREATE INDEX IS NOT SUPPORTED
		 ]]></sqlString>
		
		<!--
		Explaination of paramList and param.
		
		Param defines how the "question marks" in the sqlString gets replaced with
		the actual data. ParamList has a list of "param" values that define how to interpre
		each parameter. Individual elements of a param are decribed below.
		
		
		position - This is the position of the "question-mark" within the sqlString
		paramType - Type of parameter. So far we have:
			Option - This is displayed as a checkbox and value is only generated if the user selects it
			PickList - Displayed as combo box or list box
			Textbox - Input box
			ParentText - Readonly - value comes from WinSQL itself. The value must be predefined values for plugins
			ParentPickList - Readonly - value comes from WinSQL and must be one of the predefined values
			SQLLookup - The source of this is an SQL query
		
		value - Value of the parameter. This could be different for each type. For example if the paramType
			is Option, this value defines what gets inserted into the final query
			Similarly, if the value is sqlQuery, this value is blank or can have the name of the field
			
		mandatory - true or false. If true, the field is mandatory
		
		control - This is the actual control that appears in the window. It must be one of the following values
			checkbox
			combobox
			editbox
			listbox
			checklistbox
			label
		
		bounds - Bounds of the control. Must be a comma separated values for Left, Top, Width, Height
		
		label - Caption for a label associated with this control
		
		labelBounds - Bounds for the labels
		
		prefixValue - Any text that should be used as prefix. You can put quotes if the value must be inclosed within quotes
		
		postfixValue - Similar to prefixValue but used as a postfix
		
		separator - If multiple values are selected, this serves as a separator
		
		
		
		lookupSQL - This is not a parameter but a child of param node and can have a valid SQL statement. It is only
			    useful if the paramType == SQLLookup
		-->
		<paramList>	
			<param position="1" paramType="Option" value="UNIQUE" mandatory="false"  control="checkbox" bounds="100, 100, 200, 20" label="Unique" labelBounds="-1" prefixValue="" postfixValue="" separator="" enclosedStart="" enclosedEnd="" tabOrder="6" hint="Check to create a unique index" />												        
			<param position="2" paramType="Textbox" value="" mandatory="true" control="editbox" bounds="100, 10, 200, 20" label="Index Name" labelBounds="5, 10, 90, 20" prefixValue="" postfixValue=""  separator="" enclosedStart=""  enclosedEnd="" tabOrder="1"  hint="Name of the index. This is a mandatory field" />
			<param position="3" paramType="ParentText" value="WinSQL_FULLOBJNAME" mandatory="true" control="label" bounds="0, 0, 0, 0" label="" prefixValue="" postfixValue=""  separator="" enclosedStart=""   tabOrder="" hint="" />
			<param position="4" paramType="ParentPickList" value="WinSQL_TABLEFIELDS" mandatory="true" control="checklistbox" bounds="100, 35, 200, 60" label="Fields" labelBounds="5, 35, 90, 60"  prefixValue="" postfixValue=""  separator="," enclosedStart=""  enclosedEnd=""  tabOrder="2" hint="Select the fields you wish to include in this index" />								
		</paramList>
	   	 
	</adminTask>
	
        
	<adminTask appliesTo="WinSql_New_Sequence"
                    id="WinSQL_New_Sequence"
                    name="New Sequence"
                    promptType="Dialog" templateType="custom"
                    title="Create new sequence"
                    menuSeperator="0">
            <sqlString><![CDATA[ 
CREATE SEQUENCE ?
?
?
?
?
? 
                ]]></sqlString>

            <paramList>

		    <param position="1" paramType="Textbox" value="" mandatory="true"  control="editbox" bounds="100, 10, 200, 20" label="Sequence Name" labelBounds="5, 10, 90, 20" prefixValue="" postfixValue="" separator="" enclosedStart="" enclosedEnd="" tabOrder="1" hint="The name of the sequence to be created." />
		    <param position="2" paramType="Textbox" value="" mandatory="false"  control="editbox" bounds="100, 35, 200, 20" label="Increment By" labelBounds="5, 35, 90, 20" prefixValue=" INCREMENT BY " postfixValue="" separator="" enclosedStart="" enclosedEnd="" tabOrder="2" hint="Specifies which value is added to the current sequence value to create a new value." />
		    <param position="3" paramType="Textbox" value="" mandatory="false"  control="editbox" bounds="100, 60, 200, 20" label="Minimum Value" labelBounds="5, 60, 90, 20" prefixValue=" MINVALUE " postfixValue="" separator="" enclosedStart="" enclosedEnd="" tabOrder="3" hint="Determines the minimum value a sequence can generate." />
 		    <param position="4" paramType="Textbox" value="" mandatory="false"  control="editbox" bounds="100, 85, 200, 20" label="Maximum Value" labelBounds="5, 85, 90, 20" prefixValue=" MAXVALUE " postfixValue="" separator="" enclosedStart="" enclosedEnd="" tabOrder="4" hint="Determines the maximum value for the sequence." />
		    <param position="5" paramType="Textbox" value="" mandatory="false"  control="editbox" bounds="100, 110, 200, 20" label="Start with" labelBounds="5, 110, 90, 20" prefixValue="  START WITH " postfixValue="" separator="" enclosedStart="" enclosedEnd="" tabOrder="5" hint="The value from which to start generating numbers." />
		    <param position="6" paramType="PickList" value=" |CYCLE|NO CYCLE" mandatory="false" control="combobox" bounds="100, 135, 200, 20" label="Cycle numbers" labelBounds="5, 135, 90, 20"  prefixValue="" postfixValue=""  separator="" enclosedStart=""  enclosedEnd=""  tabOrder="7" hint="This option allows the sequence to wrap around when the maxvalue or minvalue has been reached." />

            </paramList>


        </adminTask>

        <adminTask appliesTo="WinSql_CREATE_SYNONYM"
                    id="WinSQL_CREATE_SYNONYM"
                    name="New Synonym"
                    promptType="Dialog" templateType="custom"
                    title="Create new synonym"
                    menuSeperator="0">
            <sqlString><![CDATA[  CREATE SYNONYM ? FOR ?

                ]]></sqlString>

            <paramList>

	    <param position="1" paramType="Textbox" value="" mandatory="true"  control="editbox" bounds="100, 10, 200, 20" label="Synonym Name" labelBounds="5, 10, 90, 20" prefixValue="" postfixValue="" separator="" enclosedStart="" enclosedEnd="" tabOrder="2" hint="The name for the synonym." />
                       <param position="2" paramType="SQLLookup" value="" mandatory="true"  control="combobox" bounds="100, 35, 200, 20" label="Table Name" labelBounds="5, 35, 90, 20" prefixValue="" postfixValue="" separator="" enclosedStart=""  enclosedEnd=""  tabOrder="1" hint="The table for which the synonym is to be created." >
              	   <lookupSQL>
	                <![CDATA[
                select table_name from _v_odbc_tables1 where table_type='TABLE' order by table_name
	                ]]>
	    </lookupSQL>
	    </param>


            </paramList>


        </adminTask>
	
	
	


        <adminTask appliesTo="WinSql_New_User"
                    id="WinSQL_NewUser"
                    name="New User"
                    promptType="Dialog" templateType="custom"
                    title="Create User"
                    menuSeperator="0">
            <sqlString><![CDATA[ 
CREATE USER ?  WITH password '?'
?
?
?
?
?
?
?
                ]]></sqlString>

            <paramList>

		    <param position="1" paramType="Textbox" value="" mandatory="true"  control="editbox" bounds="100, 10, 200, 20" label="User Name" labelBounds="5, 10, 90, 20" prefixValue="" postfixValue="" separator="" enclosedStart="" enclosedEnd="" tabOrder="1" hint="The new user login name." />
		    <param position="2" paramType="Textbox" value="" mandatory="true"  control="editbox" bounds="100, 35, 200, 20" label="Password" labelBounds="5, 35, 90, 20" prefixValue="" postfixValue="" separator="" enclosedStart="" enclosedEnd="" tabOrder="2" hint="The new user password." />
		    <param position="3" paramType="Textbox" value="" mandatory="false"  control="editbox" bounds="100, 60, 200, 20" label="Row Set Limit" labelBounds="5, 60, 90, 20" prefixValue="ROWSETLIMIT " postfixValue="" separator="" enclosedStart="" enclosedEnd="" tabOrder="4" hint="Specifies the number of rows a query can return." />
		    <param position="4" paramType="SQLLookup" value="" mandatory="false"  control="checklistbox" bounds="100, 85, 200, 40" label="Group Name" labelBounds="5, 85, 90, 20" prefixValue="IN GROUP " postfixValue="" separator="," enclosedStart=""  enclosedEnd=""  tabOrder="5" hint="Specifies the group into which to insert the user as a new member" >
                	<lookupSQL><![CDATA[select '"' || groupname || '"' from _v_group order by groupname]]></lookupSQL>
		    </param>
		    <param position="5" paramType="Textbox" value="" mandatory="false"  control="editbox" bounds="100, 135, 200, 20" label="Valid Until (date)" labelBounds="5, 135, 90, 20" prefixValue="VALID UNTIL '" postfixValue="'" separator="" enclosedStart="" enclosedEnd="" tabOrder="6" hint="Specifies the date (and, optionally, the time) when this user's password expires." />
		    <param position="6" paramType="Textbox" value="" mandatory="false"  control="editbox" bounds="100, 160, 200, 20" label="Session time out" labelBounds="5, 160, 90, 20" prefixValue="SESSIONTIMEOUT " postfixValue="" separator="" enclosedStart="" enclosedEnd="" tabOrder="7" hint="Specifies the amount of time a session can be idle before the system terminates it." />
		    <param position="7" paramType="Textbox" value="" mandatory="false"  control="editbox" bounds="100, 185, 200, 20" label="Query timeout" labelBounds="5, 185, 90, 20" prefixValue="QUERYTIMEOUT " postfixValue="" separator="" enclosedStart="" enclosedEnd="" tabOrder="8" hint="Specifies the amount of time a query can run before the system sends the administrator a message." />
		    <param position="8" paramType="PickList" value="critical|high|normal|low|none" mandatory="false" control="combobox" bounds="100,210, 200, 20" label="Def Priority" labelBounds="5, 210, 90, 20"  prefixValue="DEFPRIORITY " postfixValue=""  separator="" enclosedStart=""  enclosedEnd=""  tabOrder="9" hint="Specifies the default priority for the user." />
		    <param position="9" paramType="PickList" value="critical|high|normal|low|none" mandatory="false" control="combobox" bounds="100, 235, 200, 20" label="Max Priority" labelBounds="5, 235, 90, 20"  prefixValue="MAXPRIORITY " postfixValue=""  separator="" enclosedStart=""  enclosedEnd=""  tabOrder="10" hint="Specifies the maximum priority for the user." />

            </paramList>


        </adminTask>

        
	
	
	<adminTask appliesTo="WinSql_RENAME_TABLE"
                    id="WinSQL_RenameTable"
                    name="Rename Table"
                    promptType="Dialog" templateType="custom"
                    title="Rename Table"
                    menuSeperator="0">
            <sqlString><![CDATA[ ALTER TABLE "?" RENAME TO "?"

                ]]></sqlString>

            <paramList>

	          <param position="1" paramType="SQLLookup" value="" mandatory="true"  control="combobox" bounds="100, 10, 200, 20" label="Table Name" labelBounds="5, 10, 90, 20" prefixValue="" postfixValue="" separator="" enclosedStart=""  enclosedEnd=""  tabOrder="1" hint="Table that needs to be renamed." >
                <lookupSQL>
                <![CDATA[
                select table_name from _v_odbc_tables1 where table_type='TABLE' order by table_name
                ]]>
                </lookupSQL>
                </param>
		    <param position="2" paramType="Textbox" value="" mandatory="true"  control="editbox" bounds="100, 35, 200, 20" label="New Name" labelBounds="5, 35, 90, 20" prefixValue="" postfixValue="" separator="" enclosedStart="" enclosedEnd="" tabOrder="2" hint="The new name for the table." />

            </paramList>


        </adminTask>

    </adminTasks>
	
	<extendedTableTypes>
        <extendedTableType realName="EXT TABLE" friendlyName="External Tables" visible="true" />
		<extendedTableType realName="INDEX" friendlyName="Indexes" visible="true" />
		<extendedTableType realName="MANAGEMENT INDEX" friendlyName="Management Indexes" visible="true" />
		<extendedTableType realName="MANAGEMENT SEQ" friendlyName="Management Sequences" visible="true" />
		<extendedTableType realName="MANAGEMENT TABLE" friendlyName="Management Tables" visible="true" />
		<extendedTableType realName="MANAGEMENT VIEW" friendlyName="Management Views" visible="true" />
		<extendedTableType realName="MATERIALIZED VIEW" friendlyName="Materialized Views" visible="true" />
		<extendedTableType realName="SEQUENCE" friendlyName="Sequences" visible="false" />
		<extendedTableType realName="SYNONYM" friendlyName="Synonyms" visible="false" />
		<extendedTableType realName="SYSTEM INDEX" friendlyName="System Indexes" visible="true" />
		<extendedTableType realName="SYSTEM SEQ" friendlyName="System Sequences" visible="true" />
		<extendedTableType realName="SYSTEM VIEW" friendlyName="System Views" visible="true" />	
		<extendedTableType realName="TEMP TABLE" friendlyName="Temp Tables" visible="true" />							
	</extendedTableTypes>
	
</WinSQLDatabaseType>
