<?xml version="1.0" encoding="iso-8859-1" ?>

<!-- 
Following variables are considered as keyword by WinSQL and can appear either in 
elements or attribute values.

WinSQL_SCHEMA			  __ Owner of the object. Will get replaced at run time automatically
WinSQL_OBJNAME		  __ Any object. Could be table, view, trigger, stored procedure, etc.
WinSQL_FULLOBJNAME  __ Any object. This is a combination of schema and objName separated by a dot
WinSQL_PARENTVALUE  __ This is the value returned by the parent query. Is only used in the extension
                       where level is 2.  


	dbName -
		is the Name of the database. This name should be the DBMS Name 
		returned by the ODBC driver. It should match the "DBMS Name" value
		in WinSQL catalog window. WinSQL uses this information to associate
		plugin files to a database. If this information is incorrect, WinSQL
		will not automatically select the Plugin type in the connection window.
	
	dbAlias -
		This is a friendly name for this plugin. This is what appears on the connection
		window.
	 -->
<WinSQLDatabaseType dbName="Oracle" dbAlias="Oracle" version="3.8">
	<view supported="yes">
		<viewDDL supported="yes">
			<query>
				<sqlString><![CDATA[select DBMS_METADATA.GET_DDL('VIEW', ?, ?) from DUAL ]]></sqlString>
				<paramList>					
					<param position="1" datatype="VARCHAR2" value="WinSQL_OBJNAME" tag="1"/>
					<param position="2" datatype="VARCHAR2" value="WinSQL_SCHEMA" tag="2"/>
				</paramList>
			</query>
		</viewDDL>
	</view>
	<!-- The storedProcedure element tells WinSQL how to process a Stored procedure -->
	<storedProcedures supported="yes">
		<storedProcDDL supported="yes">
			<query>
				<sqlString><![CDATA[select DBMS_METADATA.GET_DDL('PROCEDURE', ?, ?) from DUAL
				 ]]></sqlString>
				<paramList>					
					<param position="1" datatype="VARCHAR2" value="WinSQL_OBJNAME" tag="1"/>
					<param position="2" datatype="VARCHAR2" value="WinSQL_SCHEMA" tag="2"/>
				</paramList>
			</query>
		</storedProcDDL>
	</storedProcedures>
						
	<!-- 
	TRIGGERS

	 -->
	<triggers supported="yes">
		<!-- 
			The first element is for the retrieval of the SQL script that created the triggers.
			It must return 3 fields. 
			Field 1 - Trigger Name. If name is unknown, the query must return 'Not available'.
			Field 2 - Trigger Type. This can be either Insert, Update or Delete. Since Oracle can have
				  	  insert, delete, update and even other events, the second column is set to 'E'. This
					  will make WinSQL treat this trigger as a stored proc.
			Field 3 - Trigger Text. This is the sql script that was used to create the trigger.
			Field 4 - If there is a fourth field, the result will get appended to the third one.
		 -->
		<triggerDDL supported="yes">
			<query>
				<sqlString><![CDATA[
select TRIGGER_NAME, 'E', DBMS_METADATA.GET_DDL('TRIGGER', TRIGGER_NAME, OWNER)
from ALL_TRIGGERS
where OWNER = ? and TABLE_NAME = ?
				
				 ]]></sqlString>
				<paramList>				
					<param position="1" datatype="VARCHAR2" value="WinSQL_SCHEMA"  tag="1"/>
					<param position="2" datatype="VARCHAR2" value="WinSQL_OBJNAME"  tag="1"/>
					
				</paramList>
			</query>
		</triggerDDL>
	</triggers>
	
	
	<createTableDDL supported="yes"> 				
		<query>
			<sqlString><![CDATA[select DBMS_METADATA.GET_DDL('TABLE', ?, ?)
from DUAL

%WinSQLVar_QueryTerminator%
select '%WinSQLVar_QueryTerminator%' from DUAL

]]></sqlString>
			<paramList>
				<param position="1" datatype="VARCHAR2" value="WinSQL_OBJNAME"  tag="1"/>
				<param position="2" datatype="VARCHAR2" value="WinSQL_SCHEMA"  tag="2"/>
			</paramList>
		</query>		
	</createTableDDL>
	
	
	<createIndexDDL supported="yes">
		<query>
		<sqlString><![CDATA[select DBMS_METADATA.GET_DDL('INDEX', ?, ?) from DUAL ]]>
		</sqlString>
		<paramList>
			<param position="1" datatype="VARCHAR2" value="WinSQL_OBJNAME"  tag="1"/>
			<param position="2" datatype="VARCHAR2" value="WinSQL_SCHEMA"  tag="2"/>
		</paramList>
	    </query>	
	</createIndexDDL>
	
	
	
	<!-- Following is a list of extended elements.
		The immediate children of extendedNodes element MUST be a level1 element.
		The name of the element will appear as the header in the TreeView control
		
		Attribute description:
			name - This is the name that will appear in TreeView.
			displayType - This is where the result of the query will
						  get displayed. The possible values are:
						  
						  WinSQL_TreeView
						  WinSQL_GridView
						  WinSQL_ListView
						  WinSQL_TextView
						  
						  In case of WinSQL_TreeView, only the first column will
						  get displayed. 
						  
						  In case of WinSQL_ListView, only the first row of the
						  resultset will be displayed.
						  
						  In case of WinSQL_TextView, the text
						  will be tab delimited if more than one column is found.
			hasChildren - If yes, there can be another level node
	-->
	<extendedNodes>
	
		<extension level="1" name="DBMS_OUTPUT" displayType="WinSQL_TextView" hasChildren="no" useInDBDiff="no">	
			<query>
				<sqlString queryType="storedProc"><![CDATA[dbms_output.get_lines VARCHAR2 ?]]></sqlString>
				<!-- Level 1 extensions can ONLY have WinSQL_SCHEMA as a parameter  -->
				<paramList>					
					<param position="1" datatype="NUMBER|DECIMAL" value="WinSQL_OutputParam"  tag="1" />
				</paramList>
			</query>			
		</extension>
		
		
		<extension level="1" name="Sequences" displayType="WinSQL_TreeView" hasChildren="yes" useInDBDiff="no">	
			<query>
				<sqlString><![CDATA[
				select SEQUENCE_OWNER || '.' || SEQUENCE_NAME, sequence_name, sequence_owner from SYS.ALL_SEQUENCES where SEQUENCE_OWNER like ? order by SEQUENCE_OWNER, SEQUENCE_NAME		
				 ]]></sqlString>
				<!-- Level 1 extensions can ONLY have WinSQL_SCHEMA as a parameter  -->
				<paramList>
					<param position="1" datatype="VARCHAR2" value="WinSQL_SCHEMA"  tag="1"/>
				</paramList>
			</query>
			<extension level="2" name="Sequence Detail" displayType="WinSQL_ListView" hasChildren="no" useInDBDiff="no">	
				<query>
					<sqlString><![CDATA[
					select * from ALL_SEQUENCES where SEQUENCE_OWNER = ? and SEQUENCE_NAME = ? 				
					 ]]></sqlString>
					<paramList>
						<param position="1" datatype="VARCHAR2" value="WinSQL_PARENTVALUE"  tag="3"/>
						<param position="2" datatype="VARCHAR2" value="WinSQL_PARENTVALUE"  tag="2"/>
					</paramList>
				</query>
			</extension> 
		</extension>


		<extension level="1" name="Synonyms" displayType="WinSQL_TreeView" hasChildren="yes" useInDBDiff="no">	
			<query>
				<sqlString><![CDATA[
				
				select s.SYNONYM_NAME, s.TABLE_NAME from SYS.ALL_SYNONYMS s, SYS.USER_USERS u where s.TABLE_OWNER = u.USERNAME		
				 ]]></sqlString>
				<!-- Level 1 extensions can ONLY have WinSQL_SCHEMA as a parameter  -->
				<paramList>	</paramList>
			</query>
			<extension level="2" name="Synonym Detail" displayType="WinSQL_ListView" hasChildren="no" useInDBDiff="no">	
				<query>
					<sqlString><![CDATA[
					select * from SYS.ALL_SYNONYMS where SYNONYM_NAME = ? and TABLE_NAME = ? 				
					 ]]></sqlString>
					<paramList>
						<param position="1" datatype="VARCHAR2" value="WinSQL_PARENTVALUE"  tag="1"/>
						<param position="2" datatype="VARCHAR2" value="WinSQL_PARENTVALUE"  tag="2"/>
					</paramList>
				</query>
			</extension> 
		</extension>




		<extension level="1" name="ALL Synonyms" displayType="WinSQL_TreeView" hasChildren="yes" useInDBDiff="no">	
			<query>
				<sqlString><![CDATA[
				
				select s.SYNONYM_NAME, s.TABLE_NAME from SYS.ALL_SYNONYMS s where s.SYNONYM_NAME like 'ALL_%'		
				 ]]></sqlString>
				<!-- Level 1 extensions can ONLY have WinSQL_SCHEMA as a parameter  -->
				<paramList>	</paramList>
			</query>
			<extension level="2" name="Synonym Detail" displayType="WinSQL_GridView" hasChildren="no" useInDBDiff="no">	
				<query>
					<sqlString><![CDATA[
					select * from SYS.? 
					 ]]></sqlString>
					<paramList>
						<param position="1" datatype="NUMBER|DECIMAL" value="WinSQL_PARENTVALUE"  tag="2"/>
						
					</paramList>
				</query>
			</extension> 
		</extension>




		<extension level="1" name="USER Synonyms" displayType="WinSQL_TreeView" hasChildren="yes" useInDBDiff="no">	
			<query>
				<sqlString><![CDATA[
				
				select s.SYNONYM_NAME, s.TABLE_NAME from SYS.ALL_SYNONYMS s where s.SYNONYM_NAME like 'USER_%'		
				 ]]></sqlString>
				<!-- Level 1 extensions can ONLY have WinSQL_SCHEMA as a parameter  -->
				<paramList>	</paramList>
			</query>
			<extension level="2" name="Synonym Detail" displayType="WinSQL_GridView" hasChildren="no" useInDBDiff="no">	
				<query>
					<sqlString><![CDATA[
					select * from SYS.? 
					 ]]></sqlString>
					<paramList>
						<param position="1" datatype="NUMBER|DECIMAL" value="WinSQL_PARENTVALUE"  tag="2"/>
						
					</paramList>
				</query>
			</extension> 
		</extension>


		<extension level="1" name="DBA Synonyms" displayType="WinSQL_TreeView" hasChildren="yes" useInDBDiff="no">	
			<query>
				<sqlString><![CDATA[
				
				select s.SYNONYM_NAME, s.TABLE_NAME from SYS.ALL_SYNONYMS s where s.SYNONYM_NAME like 'DBA_%'		
				 ]]></sqlString>
				<!-- Level 1 extensions can ONLY have WinSQL_SCHEMA as a parameter  -->
				<paramList>	</paramList>
			</query>
			<extension level="2" name="Synonym Detail" displayType="WinSQL_GridView" hasChildren="no" useInDBDiff="no">	
				<query>
					<sqlString><![CDATA[
					select * from SYS.? 
					 ]]></sqlString>
					<paramList>
						<param position="1" datatype="NUMBER|DECIMAL" value="WinSQL_PARENTVALUE"  tag="2"/>
						
					</paramList>
				</query>
			</extension> 
		</extension>


		<extension level="1" name="V$ Synonyms" displayType="WinSQL_TreeView" hasChildren="yes" useInDBDiff="no">	
			<query>
				<sqlString><![CDATA[
				
				select s.SYNONYM_NAME, s.TABLE_NAME from SYS.ALL_SYNONYMS s where s.SYNONYM_NAME like 'V$%'		
				 ]]></sqlString>
				<!-- Level 1 extensions can ONLY have WinSQL_SCHEMA as a parameter  -->
				<paramList>	</paramList>
			</query>
			<extension level="2" name="Synonym Detail" displayType="WinSQL_GridView" hasChildren="no" useInDBDiff="no">	
				<query>
					<sqlString><![CDATA[
					select * from SYS.? 			
					 ]]></sqlString>
					<paramList>
						<param position="1" datatype="NUMBER|DECIMAL" value="WinSQL_PARENTVALUE"  tag="2"/>
				
					</paramList>
				</query>
			</extension> 
		</extension>





		
		<extension level="1" name="Functions" displayType="WinSQL_TreeView" hasChildren="yes" useInDBDiff="no">	
			<query>
				<sqlString><![CDATA[
				select o.OBJECT_NAME, o.OWNER
				from sys.ALL_OBJECTS o, SYS.USER_USERS u
				where OBJECT_TYPE = 'FUNCTION' and u.USERNAME = o.OWNER
				order by OBJECT_NAME

				 ]]></sqlString>
				<!-- Level 1 extensions can ONLY have WinSQL_SCHEMA as a parameter  -->
				<paramList>	</paramList>
			</query>
			<extension level="2" name="Function Detail" displayType="WinSQL_TextView" hasChildren="no" useInDBDiff="no">	
				<query>
					<sqlString><![CDATA[
					select  TEXT From SYS.ALL_SOURCE
					Where TYPE = 'FUNCTION' And NAME = ? And OWNER = ?
					order by line
					 ]]></sqlString>
					<paramList>
						<param position="1" datatype="VARCHAR2" value="WinSQL_PARENTVALUE"  tag="1"/>
						<param position="2" datatype="VARCHAR2" value="WinSQL_PARENTVALUE"  tag="2"/>
					</paramList>
				</query>
			</extension> 
		</extension>
		
		<extension level="1" name="Packages" displayType="WinSQL_TreeView" hasChildren="yes" useInDBDiff="no">	
			<query>
				<sqlString><![CDATA[
				select o.OBJECT_NAME, o.OWNER
				from sys.ALL_OBJECTS o, SYS.USER_USERS u
				where OBJECT_TYPE = 'PACKAGE' and u.USERNAME = o.OWNER
				order by OBJECT_NAME

				 ]]></sqlString>
				<!-- Level 1 extensions can ONLY have WinSQL_SCHEMA as a parameter  -->
				<paramList>	</paramList>
			</query>
			<extension level="2" name="Package Detail" displayType="WinSQL_TextView" hasChildren="no" useInDBDiff="no">	
				<query>
					<sqlString><![CDATA[
					select  TEXT From SYS.ALL_SOURCE
					Where TYPE = 'PACKAGE' And NAME = ? And OWNER = ?
					order by line
					 ]]></sqlString>
					<paramList>
						<param position="1" datatype="VARCHAR2" value="WinSQL_PARENTVALUE"  tag="1"/>
						<param position="2" datatype="VARCHAR2" value="WinSQL_PARENTVALUE"  tag="2"/>
					</paramList>
				</query>
			</extension> 
		</extension>
		
		<extension level="1" name="Package Bodies" displayType="WinSQL_TreeView" hasChildren="yes" useInDBDiff="no">	
			<query>
				<sqlString><![CDATA[
				select o.OBJECT_NAME, o.OWNER
				from sys.ALL_OBJECTS o, SYS.USER_USERS u
				where OBJECT_TYPE = 'PACKAGE BODY' and u.USERNAME = o.OWNER
				order by OBJECT_NAME

				 ]]></sqlString>
				<!-- Level 1 extensions can ONLY have WinSQL_SCHEMA as a parameter  -->
				<paramList>	</paramList>
			</query>
			<extension level="2" name="Package Body Detail" displayType="WinSQL_TextView" hasChildren="no" useInDBDiff="no">	
				<query>
					<sqlString><![CDATA[
					select  TEXT From SYS.ALL_SOURCE
					Where TYPE = 'PACKAGE BODY' And NAME = ? And OWNER = ?
					order by line
					 ]]></sqlString>
					<paramList>
						<param position="1" datatype="VARCHAR2" value="WinSQL_PARENTVALUE"  tag="1"/>
						<param position="2" datatype="VARCHAR2" value="WinSQL_PARENTVALUE"  tag="2"/>
					</paramList>
				</query>
			</extension> 
		</extension>
		
		
		<extension level="1" name="Last Error" displayType="WinSQL_TreeView" hasChildren="yes" useInDBDiff="no">	
			<query>
				<sqlString><![CDATA[
				select distinct NAME from SYS.ALL_ERRORS		
				 ]]></sqlString>
				<!-- Level 1 extensions can ONLY have WinSQL_SCHEMA as a parameter  -->
				<paramList>	</paramList>
			</query>
			<extension level="2" name="Error Detail" displayType="WinSQL_GridView" hasChildren="no" useInDBDiff="no">	
				<query>
					<sqlString><![CDATA[
					select * from ALL_ERRORS where NAME = ? order by SEQUENCE		
					 ]]></sqlString>
					<paramList>
						<param position="1" datatype="VARCHAR2" value="WinSQL_PARENTVALUE"  tag="1"/>
					</paramList>
				</query>
			</extension> 
		</extension>
	</extendedNodes>

    <parameters>
        <parameter name="RequireParenInSPIfNoParam" value="yes" />
	<parameter name="FetchParentRelationship" value="yes" />
	<parameter name="FetchDependentRelationship" value="yes" />		
    </parameters>
	
	<!--
	Rules for code template
	
	1. lookFor must appear in the Begining of the query 
	2. There should be no new line characters in the query
	-->
	<codeTemplates>
		<codeTemplate caseSensitive="false" numParams="1">
			<lookFor>DESCRIBE $1</lookFor>
			<replaceWith>select COLUMN_NAME Name, NULLABLE IsNull, DATA_TYPE || '(' || DATA_LENGTH || ')' Type
						 from ALL_TAB_COLUMNS
						 where TABLE_NAME = UPPER('$1')
			</replaceWith>
		</codeTemplate>
		
		<codeTemplate caseSensitive="false" numParams="1">
			<lookFor>DESC $1</lookFor>
			<replaceWith>select a.COLUMN_NAME Name, a.NULLABLE IsNull, a.DATA_TYPE || '(' || a.DATA_LENGTH || ')' Type
						 from ALL_TAB_COLUMNS a, SYS.USER_USERS u
						 where TABLE_NAME = UPPER('$1') and OWNER = u.USERNAME
			</replaceWith>
		</codeTemplate>
		
		
	</codeTemplates>
	
	<explain supported="true">
	    <prereqTables4Explain />	    	
	    <prereqDDL4Explain />
	    
	    <explainQueryInsert>
	    </explainQueryInsert>
	    
	    <explainQueryDelete required="true">
	    </explainQueryDelete>
	    
	    <explainQuerySelect displayType="text"><![CDATA[
	    EXPLAIN PLAN FOR
	    $WINSQL_QUERY_STRING
	    %WinSQLVar_QueryTerminator%
	    select plan_table_output
	    from table(dbms_xplan.display('plan_table',null,'serial'))
	
	    ]]>
	    </explainQuerySelect>	    
        </explain>
	
	
	
	
	<adminTasks>
    	<adminTask appliesTo="WinSQL_INDEX" 
					id="WinSQL_NewIndex" 
					name="Create New Index" 
					promptType="Dialog" templateType="predefined"
					title="New index wizard" 
					menuSeparator="0" >	    
			<sqlString><![CDATA[
CREATE ? INDEX ? 
    ON ? (?)
	? ? ?
	? ? ?
			 ]]></sqlString>
			
			
			<paramList>	
				<param position="1" paramType="PickList" value=" |UNIQUE|BITMAP" mandatory="false"  control="combobox" bounds="100, 100, 200, 20" label="Index Type:" labelBounds="5, 100, 90, 20" prefixValue="" postfixValue="" separator="" enclosedStart="" enclosedEnd="" tabOrder="3" hint="Specify the type of index you wish to create" />						
						        
				<param position="2" paramType="Textbox" value="" mandatory="true" control="editbox" bounds="100, 10, 200, 20" label="Index Name" labelBounds="5, 10, 90, 20" prefixValue="" postfixValue=""  separator="" enclosedStart=""  enclosedEnd="" tabOrder="1"  hint="Name of the index. This is a mandatory field" />
				<param position="3" paramType="ParentText" value="WinSQL_FULLOBJNAME" mandatory="true" control="label" bounds="0, 0, 0, 0" label="" prefixValue="" postfixValue=""  separator="" enclosedStart=""   tabOrder="" hint="" />
				<param position="4" paramType="ParentPickList" value="WinSQL_TABLEFIELDS" mandatory="true" control="checklistbox" bounds="100, 35, 200, 60" label="Fields" labelBounds="5, 35, 90, 60"  prefixValue="" postfixValue=""  separator="," enclosedStart=""  enclosedEnd=""  tabOrder="2" hint="Select the fields you wish to include in this index" />				
				<param position="5" paramType="PickList" value=" |LOGGING|NOLOGGING" mandatory="false"  control="combobox" bounds="100, 125, 200, 20" label="Logging:" labelBounds="5, 125, 90, 20" prefixValue="" postfixValue="" enclosedStart=""  enclosedEnd="" separator=""   tabOrder="4" hint="Specify logging criteria" />				
				<param position="6" paramType="Option" value="COMPUTE STATISTICS" mandatory="false"  control="checkbox" bounds="100, 175, 200, 20" label="" labelBounds="-1" prefixValue="" postfixValue=""  separator="" enclosedStart=""  enclosedEnd=""  tabOrder="6" hint="Collect statistics at relatively little cost during the creation of the index." />
				<param position="7" paramType="SQLLookup" value="" mandatory="false"  control="combobox" bounds="100, 200, 200, 20" label="Tablespace:" labelBounds="-1" prefixValue="TABLESPACE " postfixValue=""  separator="" enclosedStart=""  enclosedEnd=""  tabOrder="7" hint="Specify the table space where index should be created">
				
					<lookupSQL>
					<![CDATA[
select 'DEFAULT', -1 from DUAL
UNION
select TABLESPACE_NAME, 1
from SYS.USER_TABLESPACES
order by 2, 1
					]]>
					</lookupSQL>
				</param>
				<param position="8" paramType="Textbox" value="" mandatory="false"  control="editbox" bounds="100, 225, 200, 20" label="Compress:" labelBounds="5, 225, 90, 20" prefixValue="COMPRESS " postfixValue=""  separator="" enclosedStart=""  enclosedEnd=""  tabOrder="8" hint="Use compression to reduce size. For unique index, valid raing is from 1 to number of key columns -1 and for nonuniqute it can be upto the key column." />				
				<param position="9" paramType="Option" value=" |NOSORT|REVERSE" mandatory="false"  control="combobox" bounds="100, 250, 200, 20" label="" labelBounds="-1" prefixValue="" postfixValue=""  separator="" enclosedStart=""  enclosedEnd=""  tabOrder="9" hint="Specify if data is already sorted in the table" />
				<param position="10" paramType="Textbox" value="" mandatory="false"  control="editbox" bounds="100, 250, 200, 20" label="Percent Free:" labelBounds="5, 250, 90, 20" prefixValue="" postfixValue=""  separator="" enclosedStart=""  enclosedEnd=""  tabOrder="10" hint="Percentage of space to leave free for updates and insertions with each of the Index's data block" />
				
			
			
				
			</paramList>
	   	 
	    </adminTask>
		
		
	<adminTask appliesTo="" 
		id="Custom_CreateUser" 
		name="New User..." 
		promptType="Dialog" 
		templateType="custom"
		title="New User Wizard"
		menuSeparator="0">	    
		<sqlString><![CDATA[
CREATE USER ? IDENTIFIED ?
    ? ?


			 ]]></sqlString>
						
			<paramList>	
				
				<param position="1" paramType="Textbox" value=""  mandatory="true" control="editbox" bounds="100, 10, 200, 20" label="User Name:" labelBounds="5, 10, 90, 20" prefixValue="" postfixValue="" separator="" enclosedStart="" enclosedEnd="" tabOrder="1" hint="Name for the user" />						
				<param position="0" paramType="Label" value="Identification Options"  mandatory="false" control="label" bounds="5, 35, 90, 20" label="Identification Options" labelBounds="-1" prefixValue="" postfixValue="" separator="" enclosedStart="" enclosedEnd="" tabOrder="0" hint=""/>				
				<param position="2" paramType="Textbox" value=""  mandatory="false" control="editbox" bounds="100, 60, 100, 20" label="Password:" labelBounds="5, 60, 90, 20" prefixValue="" postfixValue="" separator="" enclosedStart="BY " enclosedEnd="" tabOrder="2" hint="Password" grouped="1"/>
				<param position="2" paramType="Textbox" value=""  mandatory="false" control="editbox" bounds="100, 85, 100, 20" label="Global name" labelBounds="5, 85, 90, 20" prefixValue="" postfixValue="" separator="" enclosedStart="GLOBALLY AS '" enclosedEnd="'" tabOrder="3" hint="Global name" grouped="1"/>										
				<param position="2" paramType="Option" value="EXTERNALLY"  mandatory="false" control="checkbox" bounds="100, 110, 200, 20" label="" labelBounds="5, 110, 90, 20" prefixValue="" postfixValue="" separator="" enclosedStart="" enclosedEnd="" tabOrder="4" hint="Identified externally" grouped="1"/>
				<param position="3" paramType="Option" value="PASSWORD EXPIRE"  mandatory="false" control="checkbox" bounds="100, 135, 200, 20" label="" labelBounds="5, 135, 90, 20" prefixValue="" postfixValue="" separator="" enclosedStart="" enclosedEnd="" tabOrder="5" hint="Forces the user to change the password before logging"/>
				<param position="4" paramType="PickList" value=" |ACCOUNT LOCK|ACCOUNT UNLOCK"  mandatory="false" control="combobox" bounds="100, 160, 150, 20" label="Locking option:" labelBounds="5, 160, 90, 20" prefixValue="" postfixValue="" separator="" enclosedStart="" enclosedEnd="" tabOrder="6" hint="Locks or disables the user's account"/>
					
			</paramList>
	   	 
	</adminTask>
	
	
	
	
	<adminTask appliesTo="" 
		id="Custom_CreateSequence" 
		name="New Sequence..." 
		promptType="Dialog" 
		templateType="custom"
		title="New Sequence Wizard"
		menuSeparator="1">	    
		<sqlString><![CDATA[
CREATE SEQUENCE ?
    ? ? ? ? 
	? ? ?

			 ]]></sqlString>
						
			<paramList>	
				
				<param position="1" paramType="Textbox" value=""  mandatory="true" control="editbox" bounds="100, 10, 200, 20" label="Sequence Name:" labelBounds="5, 10, 90, 20" prefixValue="" postfixValue="" separator="" enclosedStart="" enclosedEnd="" tabOrder="1" hint="Name for the sequence" />						
				<param position="2" paramType="Textbox" value="1"  mandatory="false" control="editbox" bounds="100, 35, 100, 20" label="Increment By:" labelBounds="5, 35, 90, 20" prefixValue="INCREMENT BY " postfixValue="" separator="" enclosedStart="" enclosedEnd="" tabOrder="2" hint="Increment by" grouped=""/>
				<param position="3" paramType="Textbox" value="1"  mandatory="false" control="editbox" bounds="100, 60, 100, 20" label="Starts With:" labelBounds="5, 60, 90, 20" prefixValue="START WITH " postfixValue="" separator="" enclosedStart="" enclosedEnd="" tabOrder="3" hint="Starting number for this sequence" grouped=""/>
				<param position="4" paramType="Textbox" value=""  mandatory="false" control="editbox" bounds="100, 85, 100, 20" label="Maximum Value:" labelBounds="5, 85, 90, 20" prefixValue="MAXVALUE " postfixValue="" separator="" enclosedStart="" enclosedEnd="" tabOrder="4" hint="Upper limit for this sequence" grouped=""/>
				<param position="5" paramType="Textbox" value=""  mandatory="false" control="editbox" bounds="100, 110, 100, 20" label="Minimum Value:" labelBounds="5, 110, 90, 20" prefixValue="MINVALUE " postfixValue="" separator="" enclosedStart="" enclosedEnd="" tabOrder="5" hint="Lower limit for this sequence" grouped=""/>
				<param position="6" paramType="Textbox" value=""  mandatory="false" control="editbox" bounds="100, 135, 100, 20" label="Cache:" labelBounds="5, 135, 90, 20" prefixValue="CACHE " postfixValue="" separator="" enclosedStart="" enclosedEnd="" tabOrder="6" hint="Specifies how many values the server preallocates and keeps in memory for faster access" grouped=""/>
				<param position="7" paramType="PickList" value=" |CYCLE|NOCYCLE"  mandatory="false" control="combobox" bounds="100, 160, 100, 20" label="Cycling option:" labelBounds="5, 160, 90, 20" prefixValue="" postfixValue="" separator="" enclosedStart="" enclosedEnd="" tabOrder="7" hint="Allow cycling once the sequence reach maximum or minimum value" grouped=""/>
				<param position="8" paramType="PickList" value=" |ORDER|NOORDER"  mandatory="false" control="combobox" bounds="100, 185, 100, 20" label="Ordering option:" labelBounds="5, 185, 90, 20" prefixValue="" postfixValue="" separator="" enclosedStart="" enclosedEnd="" tabOrder="8" hint="selecting ORDER guarantees that numbers are generated in order" grouped=""/>												
			</paramList>
	   	 
	</adminTask>
	
	
		<adminTask appliesTo="" 
			id="Custom_CreateSynonym" 
			name="New Synonym..." 
			promptType="Dialog" 
			templateType="custom"
			title="New Synonym Wizard"
			menuSeparator="0">	    
			<sqlString><![CDATA[
CREATE ? SYNONYM ?
FOR ?

			 ]]></sqlString>
						
			<paramList>	
				<param position="1" paramType="Option" value="PUBLIC" mandatory="false" control="checkbox" bounds="100, 35, 200, 20" label="Public:" labelBounds="-1" prefixValue="" postfixValue="" separator="" enclosedStart=""  enclosedEnd="" tabOrder="2"  hint="Check to create a public synonym" />
				<param position="2" paramType="Textbox" value=""  mandatory="true" control="editbox" bounds="100, 10, 200, 20" label="Synonym name:" labelBounds="5, 10, 90, 20" prefixValue="" postfixValue="" separator="" enclosedStart="" enclosedEnd="" tabOrder="1" hint="Name for the synonym" />						
				
				<param position="3" paramType="SQLLookup" value=""  mandatory="true" control="combobox" bounds="100, 60, 200, 20" label="Object Name:"  labelBounds="5, 60, 90, 20" prefixValue="" postfixValue="" separator="" enclosedStart=""  enclosedEnd="" tabOrder="3"  hint="Object name" >
					<lookupSQL>
					<![CDATA[
select OWNER || '.' || TABLE_NAME
from ALL_CATALOG
where OWNER NOT IN ('SYS', 'MDSYS', 'CTXSYS', 'DMSYS',
        'EXFSYS', 'OLAPSYS', 'SYSTEM', 'WKSYS', 'WMSYS', 'XDB', 'PUBLIC')

					]]>
					</lookupSQL>
				</param>
								
			</paramList>
	   	 
	</adminTask>
		
		
		
    </adminTasks>
	
</WinSQLDatabaseType>
