<?xml version="1.0" encoding="iso-8859-1" ?>

<!--
Following variables are considered as keyword by WinSQL and can appear either in
elements or attribute values.

WinSQL_SCHEMA         __ Owner of the object. Will get replaced at run time automatically
WinSQL_OBJNAME		  __ Any object. Could be table, view, trigger, stored procedure, etc.
WinSQL_FULLOBJNAME    __ Any object. This is a combination of schema and objName separated by a dot
WinSQL_PARENTVALUE    __ This is the value returned by the parent query. Is only used in the extension
                         where level is 2.


	dbName -
		is the Name of the database. This name should be the DBMS Name
		returned by the ODBC driver. It should match the "DBMS Name" value
		in WinSQL catalog window. WinSQL uses this information to associate
		plugin files to a database. If this information is incorrect, WinSQL
		will not automatically select the Plugin type in the connection window.

	dbAlias -
		This is a friendly name for this plugin. This is what appears on the connection
		window.
	 -->
<WinSQLDatabaseType dbName="Pervasive.SQL" dbAlias="Pervasive SQL V8" version="3.8">
	<view supported="yes">
		<viewDDL supported="yes">
			<query>
				<sqlString><![CDATA[
                    select Xv$Misc
                    from X$View
                    where Xv$Name = ?
                    order by Xv$Id
                 ]]></sqlString>
				<paramList>
					<param position="1" datatype="VARCHAR" value="WinSQL_OBJNAME"  tag="1"/>
				</paramList>
			</query>
		</viewDDL>
	</view>
	<!-- The storedProcedure element tells WinSQL how to process a Stored procedure -->
	<storedProcedures supported="yes">
		<storedProcDDL supported="yes">
			<query>
				<sqlString><![CDATA[
                    select Xp$Misc
                    from X$Proc
                    where Xp$Name = ?
                    order by Xp$Id
                ]]></sqlString>
				<paramList>
					<param position="1" datatype="VARCHAR" value="WinSQL_OBJNAME"  tag="1"/>
				</paramList>
			</query>
		</storedProcDDL>


	</storedProcedures>
	<!--
	TRIGGERS

	-->
	<triggers supported="yes">
		<!--
			The first element is for the retrieval of the SQL script that created the triggers.
			It must return 3 fields.
			Field 1 - Trigger Name. If name is unknown, the query must return 'Not available'.
			Field 2 - Trigger Type. This can be either Insert, Update or Delete
			Field 3 - Trigger Text. This is the sql script that was used to create the trigger.
		 -->
		<triggerDDL supported="yes">
			<query>
				<sqlString><![CDATA[
				select Xt$Name, 'I' trigType, Xt$Misc
                from X$Trigger, X$File
                where Xt$Event = 0
                and Xt$File = Xf$Id
                and Xf$Name = ?
                UNION
                select Xt$Name, 'U' trigType, Xt$Misc
                from X$Trigger, X$File
                where Xt$Event = 2
                and Xt$File = Xf$Id
                and Xf$Name = ?
                UNION
                select Xt$Name, 'D' trigType, Xt$Misc
                from X$Trigger, X$File
                where Xt$Event = 1
                and Xt$File = Xf$Id
                and Xf$Name = ?


				 ]]></sqlString>
				<paramList>
					<param position="1" datatype="VARCHAR" value="WinSQL_OBJNAME"  tag="1"/>
					<param position="2" datatype="VARCHAR" value="WinSQL_OBJNAME"  tag="1"/>
					<param position="3" datatype="VARCHAR" value="WinSQL_OBJNAME"  tag="1"/>
				</paramList>
			</query>
		</triggerDDL>
	</triggers>
	<!-- Following is a list of extended elements.
		The immediate children of extendedNodes element MUST be a level1 element.
		The name of the element will appear as the header in the TreeView control

		Attribute description:
			name - This is the name that will appear in TreeView.
			displayType - This is where the result of the query will
						  get displayed. The possible values are:

						  WinSQL_TreeView
						  WinSQL_GridView
						  WinSQL_ListView
						  WinSQL_TextView

						  In case of WinSQL_TreeView, only the first column will
						  get displayed.

						  In case of WinSQL_ListView, only the first row of the
						  resultset will be displayed.

						  In case of WinSQL_TextView, the text
						  will be tab delimited if more than one column is found.
			hasChildren - If yes, there can be another level node
	-->
	<extendedNodes>


	   <extension level="1" name="Files" displayType="WinSQL_GridView" hasChildren="no" useInDBDiff="yes">
			<query>
				<sqlString><![CDATA[
				select   Xf$Id Id ,Xf$Name Name, Xf$Loc Location, Xf$Flags Flags
                from X$File
				 ]]></sqlString>
				<!-- No parameters for rules  -->
				<paramList>	</paramList>
			</query>
		</extension>

        <extension level="1" name="Users" displayType="WinSQL_GridView" hasChildren="no" useInDBDiff="yes">
			<query>
				<sqlString><![CDATA[
				select Xu$Id, Xu$Name, Xu$Flags
                from X$User

				 ]]></sqlString>
				<!-- No parameters for rules  -->
				<paramList>	</paramList>
			</query>
		</extension>

	</extendedNodes>

    <parameters>
        <parameter name="RequireParenInSPIfNoParam" value="no" />
		<parameter name="FetchParentRelationship" value="yes" />
		<parameter name="FetchDependentRelationship" value="yes" />
		<parameter name="DisplayWarningMessages" value="no" />
	
    </parameters>
    
    
	<adminTasks>
    	<adminTask appliesTo="WinSQL_INDEX" 
					id="WinSQL_NewIndex" 
					name="Create New Index" 
					promptType="Dialog" templateType="predefined"
					title="New index wizard" 
					menuSeparator="0" >	    
			<sqlString><![CDATA[
CREATE ? INDEX ? ?
    ON ?(?) ]]></sqlString>
			
			
			<paramList>	
				<param position="1" paramType="PickList" value=" |UNIQUE|NOT MODIFIABLE" mandatory="false"  control="combobox" bounds="100, 100, 200, 20" label="Index Type:" labelBounds="5, 100, 90, 20" prefixValue="" postfixValue="" separator="" enclosedStart="" enclosedEnd="" tabOrder="3" hint="Specify the type of index" />						
				<param position="2" paramType="Textbox" value="" mandatory="true" control="editbox" bounds="100, 10, 200, 20" label="Index Name" labelBounds="5, 10, 90, 20" prefixValue="" postfixValue=""  separator="" enclosedStart=""  enclosedEnd="" tabOrder="1"  hint="Name of the index. This is a mandatory field" />
				<param position="3" paramType="Option" value="IN DICTIONARY" mandatory="false"  control="checkbox" bounds="100, 125, 200, 20" label="" labelBounds="-1" prefixValue="" postfixValue=""  separator=", " enclosedStart=""  enclosedEnd=""  tabOrder="7" hint="Check to create this index in dictionary" />
				<param position="4" paramType="ParentText" value="WinSQL_FULLOBJNAME" mandatory="true" control="label" bounds="0, 0, 0, 0" label="" prefixValue="" postfixValue=""  separator="" enclosedStart=""   tabOrder="" hint="" />
				<param position="5" paramType="ParentPickList" value="WinSQL_TABLEFIELDS" mandatory="true" control="checklistbox" bounds="100, 35, 200, 60" label="Fields" labelBounds="5, 35, 90, 60"  prefixValue="" postfixValue=""  separator="," enclosedStart=""  enclosedEnd=""  tabOrder="2" hint="Select the fields you wish to include in this index" />				
								
			</paramList>
	   	 
	</adminTask>
	</adminTasks>
	
</WinSQLDatabaseType>
