<?xml version="1.0" encoding="iso-8859-1" ?>

<!-- 
Following variables are considered as keyword by WinSQL and can appear either in 
elements or attribute values.


WinSQL_SCHEMA			  __ Owner of the object. Will get replaced at run time automatically
WinSQL_OBJNAME		  __ Any object. Could be table, view, trigger, stored procedure, etc.
WinSQL_FULLOBJNAME  __ Any object. This is a combination of schema and objName separated by a dot
WinSQL_PARENTVALUE  __ This is the value returned by the parent query. Is only used in the extension
                       where level is 2.  



	dbName -
		is the Name of the database. This name should be the DBMS Name 
		returned by the ODBC driver. It should match the "DBMS Name" value
		in WinSQL catalog window. WinSQL uses this information to associate
		plugin files to a database. If this information is incorrect, WinSQL
		will not automatically select the Plugin type in the connection window.
	
	dbAlias -
		This is a friendly name for this plugin. This is what appears on the connection
		window.
	 -->
<WinSQLDatabaseType dbName="PostgreSQL" dbAlias="PostgreSQL" version="3.8">
	<view supported="yes">
		<viewDDL supported="yes">
			<query>
				<sqlString><![CDATA[select definition from pg_views where VIEWNAME = ? ]]></sqlString>
				<paramList>
					<param position="1" datatype="VARCHAR" value="WinSQL_OBJNAME" tag="1"/>
				</paramList>
			</query>
		</viewDDL>
	</view>
	
	
	<createIndexDDL supported="yes">
		<query>
		<sqlString postProcessor="2"><![CDATA[
select indexdef 
from pg_catalog.pg_indexes
where schemaname = ? 
    and tablename = ?
    and indexname = ?
]]>
		</sqlString>
		<paramList>
			<param position="1" datatype="VARCHAR" value="WinSQL_SCHEMA"  tag="1"/>
			<param position="2" datatype="VARCHAR" value="WinSQL_OBJNAME"  tag="1"/>			
			<param position="3" datatype="VARCHAR" value="WinSQL_INDEXNAME"  tag="1"/>			
		</paramList>
	    </query>	
	</createIndexDDL>
	
	
	
	
	<createTableDDL supported="yes"> 				
		<query>
			<sqlString postProcessor="1" encrypted="true"><![CDATA[


[vV]dns@||@[XV]dns@||@'-DGBUHMIDQb7DQAe_DU1jecHM2-'@||@[vV]dns@||@[XV]dns@BSQJQC

-DGBUHMIDQb7DQAe_DU1jecHM2-

Y<X<W@7T@DQRDG
'4qk@homqdgp'@#@QF7B_BHMUDBCHGS>SB@RHU
/@#@QIUH_QJTUB>SB@QDQN9
[QIUH_BHMUDBCHGS>SD#QIUH_BHMUDBCHGS>SB]
HG@SB@CBHMUDBCHGS_QJTUB>UIQNSC_HGMBUIDGPHM@HMGL@DQHHM@SD@CBHMUDBCHGS_JUMBHQDQPQD>UIQNSC_HGMBUIDGPHM@IGDP
vV@<QIUH_BHMUDBCHGS>SB@<VvVvW@<@
RHQ
'BSMDBCQD@QBQJQR@HG@'@HQNB@'bsmdbcqd'@HQN9
'QRUSCUS@QBQJQR@HG@'@HQNB@'qruscus'@HQN9
''@HQNB@'hgmbsu@gh'@HQN9
QJAD_QBQJQR@QCUS
BSQJQC

HGMHA

'4qk@homqdgp'#QF7B_BHMUDBCHGS>SB@RHU
/@#@QIUH_QJTUB>SB@QDQN9
[QIUH_BHMUDBCHGS>SD#QIUH_BHMUDBCHGS>SB]
HG@SB@CBHMUDBCHGS_QJTUB>UIQNSC_HGMBUIDGPHM@HMGL@DQHHM@SD@CBHMUDBCHGS_JUMBHQDQPQD>UIQNSC_HGMBUIDGPHM@IGDP
w@<QIUH_BHMUDBCHGS>SB@<VvVvW@<@
RHQ
'BSMDBCQD@QBURFA@HG@'@HQNB@'bsmdbcqd'@HQN9
'QRUSCUS@QBURFA@HG@'@HQNB@'qruscus'@HQN9
''@HQNB@'hgmbsu@gh'@HQN9
QJAD_QBURFA@QCUS
BSQJQC

HGMHA

V@#@HGMBMCGF_JUHMRDG>JGS@RHU
'4qk@homqdgp'@#@QF7B_BHMUDBCHGS>SB@RHU
['4qk@homqdgp'@#@QF7B_BHMUDBCHGS>SB@RHU
/@#@QIUH_QJTUB>SB@QDQN9
[QIUH_BHMUDBCHGS>SS#QIUH_BHMUDBCHGS>SB]
HG@SB@CBHMUDBCHGS_QJTUB>UIQNSC_HGMBUIDGPHM@HMGL@DQHHM@SS@QOUCA_HIAJGS_BHMUDBCHGS>UIQNSC_HGMBUIDGPHM@IGDP
QIUH_QJTUB>SS@BSHMBCMR@BSQJQC]#QIUH_QJTUB>JGS@RHU
/@#@QIUH_QJTUB>SB@QDQN9
[QIUH_HIAJGS>SS#QIUH_HIAJGS>JGS]@HG
JGS@CHIAJGS>UIQNSC_HGMBUIDGPHM@HMGL@DQHHM@[QIUH_BHMUDBCHGS>SS#QIUH_BHMUDBCHGS>SB]
HG@SB@CBHMUDBCHGS_QJTUB>UIQNSC_HGMBUIDGPHM@HMGL@DQHHM@SS@QOUCA_HIAJGS_BHMUDBCHGS>UIQNSC_HGMBUIDGPHM@IGDP
x@<QIUH_BHMUDBCHGS>SB@<VvVvW@<@'['@BSQJQC

HGMHA

V@.@HGMBMCGF_JUHMRDG>JGS@RHU
'4qk@homqdgp'#QF7B_BHMUDBCHGS>SB@RHU
['4qk@homqdgp'#QF7B_BHMUDBCHGS>SB@RHU
/@#@QIUH_QJTUB>SB@QDQN9
[QIUH_BHMUDBCHGS>SS#QIUH_BHMUDBCHGS>SB]
HG@SB@CBHMUDBCHGS_QJTUB>UIQNSC_HGMBUIDGPHM@HMGL@DQHHM@SS@QOUCA_HIAJGS_BHMUDBCHGS>UIQNSC_HGMBUIDGPHM@IGDP
QIUH_QJTUB>SS@BSHMBCMR@BSQJQC]#QIUH_QJTUB>JGS@RHU
/@#@QIUH_QJTUB>SB@QDQN9
[QIUH_HIAJGS>SS#QIUH_HIAJGS>JGS]@HG
JGS@CHIAJGS>UIQNSC_HGMBUIDGPHM@HMGL@DQHHM@[QIUH_BHMUDBCHGS>SS#QIUH_BHMUDBCHGS>SB]
HG@SB@CBHMUDBCHGS_QJTUB>UIQNSC_HGMBUIDGPHM@HMGL@DQHHM@SS@QOUCA_HIAJGS_BHMUDBCHGS>UIQNSC_HGMBUIDGPHM@IGDP
y@<QIUH_BHMUDBCHGS>SB@<VvVvW@<'"'@||@QIUH_HIAJGS>SS@||@'"'@||@'<'@BSQJQC

HGMHA

V@#@HGMBMCGF_JUHMRDG>JGS@RHU
'4qk@homqdgp'#QF7B_BHMUDBCHGS>SB@RHU
['4qk@homqdgp'#QF7B_BHMUDBCHGS>SB@RHU
/@#@QIUH_QJTUB>SB@QDQN9
[QIUH_BHMUDBCHGS>SS#QIUH_BHMUDBCHGS>SB]
HG@SB@CBHMUDBCHGS_QJTUB>UIQNSC_HGMBUIDGPHM@HMGL@DQHHM@SS@QOUCA_HIAJGS_BHMUDBCHGS>UIQNSC_HGMBUIDGPHM@IGDP
QIUH_QJTUB>SS@BSHMBCMR@BSQJQC]#QIUH_QJTUB>JGS@RHU
/@#@QIUH_QJTUB>SB@QDQN9
[QIUH_HIAJGS>SS#QIUH_HIAJGS>JGS]@HG
JGS@CHIAJGS>UIQNSC_HGMBUIDGPHM@HMGL@DQHHM@[QIUH_BHMUDBCHGS>SS#QIUH_BHMUDBCHGS>SB]
HG@SB@CBHMUDBCHGS_QJTUB>UIQNSC_HGMBUIDGPHM@HMGL@DQHHM@SS@QOUCA_HIAJGS_BHMUDBCHGS>UIQNSC_HGMBUIDGPHM@IGDP
z@<QIUH_BHMUDBCHGS>SB@<VvVvW@<@'"'@||@QIUH_HIAJGS>SS@||@'"'@||@']'@BSQJQC

HGMHA

'4qk@homqdgp'#QF7B_BHMUDBCHGS>SB@RHU
/@#@QIUH_QJTUB>SB@QDQN9
[QIUH_BHMUDBCHGS>SS#QIUH_BHMUDBCHGS>SB]
HG@SB@CBHMUDBCHGS_QJTUB>UIQNSC_HGMBUIDGPHM@HMGL@DQHHM@SS@QOUCA_HIAJGS_BHMUDBCHGS>UIQNSC_HGMBUIDGPHM@IGDP
Z@<QIUH_BHMUDBCHGS>SB@<VvVvW@<'"'@||@QIUH_QJTUB>SS@||@'"'@BSHMBCMR@BSQJQC

HGMHA

V#HGMBMCGF_JUHMRDG@RHU
QIUH_BHMUDBCHGS>SS#QIUH_BHMUDBCHGS>SB@RHU
'4qk@homqdgp'#QF7B_BHMUDBCHGS>SB@RHU
/@#@QIUH_QJTUB>SB@QDQN9
SS@QOUCA_HIAJGS_7QK>UIQNSC_HGMBUIDGPHM@@@@@
<SB@CBHMUDBCHGS_QJTUB>UIQNSC_HGMBUIDGPHM@IGDP
Y@<QIUH_BHMUDBCHGS>SB@<VvVvW@<'@cqshqdqpqd@'@BSQJQC

HGMHA

V#HGMBMCGF_JUHMRDG@RHU
QIUH_BHMUDBCHGS>SS#QIUH_BHMUDBCHGS>SB@RHU
'4qk@homqdgp'#QF7B_BHMUDBCHGS>SB@RHU
QIUH_QJTUB>SB@#@QIUH_QJTUB>SS@@RHU
/@#@QIUH_QJTUB>SB@QDQN9
SS@QOUCA_HIAJGS_7QK>UIQNSC_HGMBUIDGPHM@@@@@
<SB@CBHMUDBCHGS_QJTUB>UIQNSC_HGMBUIDGPHM@IGDP
X@<QIUH_BHMUDBCHGS>SB@<VvVvW@<'['@BSQJQC

HGMHA

V.HGMBMCGF_JUHMRDG@RHU
QIUH_BHMUDBCHGS>SS#QIUH_BHMUDBCHGS>SB@RHU
'4qk@homqdgp'#QF7B_BHMUDBCHGS>SB@RHU
QIUH_QJTUB>SB@#@QIUH_QJTUB>SS@RHU
/@#@QIUH_QJTUB>SB@QDQN9
SS@QOUCA_HIAJGS_7QK>UIQNSC_HGMBUIDGPHM@@@@@
<SB@CBHMUDBCHGS_QJTUB>UIQNSC_HGMBUIDGPHM@IGDP
W@<QIUH_BHMUDBCHGS>SB@<VvVvW@<'"'@||@QIUH_HIAJGS>SS@||@'"'@||@'<'@BSQJQC

HGMHA

V#HGMBMCGF_JUHMRDG@RHU
QIUH_BHMUDBCHGS>SS#QIUH_BHMUDBCHGS>SB@RHU
'4qk@homqdgp'#QF7B_BHMUDBCHGS>SB@RHU
QIUH_QJTUB>SB@#@QIUH_QJTUB>SS@RHU
/@#@QIUH_QJTUB>SB@QDQN9
SS@QOUCA_HIAJGS_7QK>UIQNSC_HGMBUIDGPHM@@@@@
<SB@CBHMUDBCHGS_QJTUB>UIQNSC_HGMBUIDGPHM@IGDP
V@<QIUH_BHMUDBCHGS>SB@<VvVvW@<'"'@||@QIUH_HIAJGS>SS@||@'"'@||@']'@||
'4qk@homqdgp@'@||@'"'@||@QIUH_BHMUDBCHGS>SB@||@'"'@||@'@bhmudbchgs@rru@'@||@'"'@||@/@||@'"'@||@'@qjtub@dqbju'@@@@
||@[vV]dns@||@[XV]dns@||@'-DGBUHMIDQb7DQAe_DU1jecHM2-'@||@[vV]dns@||@[XV]dns@BSQJQC
7Qk@HOMQDGp@%%%%%%%%%%%%%%

-DGBUHMIDQb7DQAe_DU1jecHM2-

Y<X<W@7T@DQRDG
V#HGMBMCGF_JUHMRDG@RHU
QIUH_BHMUDBCHGS>SS#QIUH_BHMUDBCHGS>SB@RHU
'4qk@4duimdf'#QF7B_BHMUDBCHGS>SB@RHU
/@#@QIUH_QJTUB>SB@QDQN9
SS@QOUCA_HIAJGS_7QK>UIQNSC_HGMBUIDGPHM@@@@@
<SB@CBHMUDBCHGS_QJTUB>UIQNSC_HGMBUIDGPHM@IGDP
v@<'V'@<vvVvW@<'['@BSQJQC

HGMHA

V.HGMBMCGF_JUHMRDG@RHU
QIUH_BHMUDBCHGS>SS#QIUH_BHMUDBCHGS>SB@RHU
'4qk@4duimdf'#QF7B_BHMUDBCHGS>SB@RHU
/@#@QIUH_QJTUB>SB@QDQN9
SS@QOUCA_HIAJGS_7QK>UIQNSC_HGMBUIDGPHM@@@@@
<SB@CBHMUDBCHGS_QJTUB>UIQNSC_HGMBUIDGPHM@IGDP
v@<'V'@<[HGMBMCGF_JUHMRDG>SS$vvvvW]@<
'"'@||@QIUH_HIAJGS>SS@||@'"'@||@'<'@BSQJQC

HGMHA

V#HGMBMCGF_JUHMRDG@RHU
QIUH_BHMUDBCHGS>SS#QIUH_BHMUDBCHGS>SB@RHU
'4qk@4duimdf'#QF7B_BHMUDBCHGS>SB@RHU
/@#@QIUH_QJTUB>SB@QDQN9
SS@QOUCA_HIAJGS_7QK>UIQNSC_HGMBUIDGPHM@@@@@
<SB@CBHMUDBCHGS_QJTUB>UIQNSC_HGMBUIDGPHM@IGDP
v@<'V'@<VvvvW@<'"'@||@QIUH_HIAJGS>SS@||@'"'@||@']'@||
'4qk@4duimdf@'@||@'"'@||@QIUH_BHMUDBCHGS>SB@||@'"'@||@'@bhmudbchgs@rru@'@||@'"'@||@/@||@'"'@||@'@qjtub@dqbju'@@@@
||@[vV]dns@||@[XV]dns@||@'-DGBUHMIDQb7DQAe_DU1jecHM2-'@||@[vV]dns@||@[XV]dns@BSQJQC
7QK@7DUIMDf@%%%%%%%%%%%%%%


-DGBUHMIDQb7DQAe_DU1jecHM2-


Y<X<W@7T@DQRDG
v@<'V'@<vvvvW@<'['@BSQJQC
HGMHA

[QIUH_BHMUDBCHGS>CBHMUDBCHGS_KSQNS>UIQNSC_HGMBUIDGPHM@#@QIUH_BHMUDBCHGS>QOUCA_HIAJGS_BHMUDBCHGS>UIQNSC_HGMBUIDGPHM]@RHU
/@#@QIUH_QJTUB>QOUCA_HIAJGS_BHMUDBCHGS>UIQNSC_HGMBUIDGPHM@QDQN9
CBHMUDBCHGS_KSQNS>UIQNSC_HGMBUIDGPHM@@@@@
<QOUCA_HIAJGS_BHMUDBCHGS>UIQNSC_HGMBUIDGPHM@IGDP
v@<'V'@<wwwwV@<QCAUJS_KSQNS@||@'@KSQNS@'
||@'"'@||@QIUH_BHMUDBCHGS>QOUCA_HIAJGS_BHMUDBCHGS>UIQNSC_HGMBUIDGPHM@||@'"@'@
||@'@BHMUDBCHGS'@||@'<'@BSQJQC
CBHMUDBCHGS@KSQNS@DGP@HGMBUIDGPHM@OHMRRU@%%%%%%%%%%%%%%

HGMHA

/@#@QIUH_QJTUB@QDQN9
CHIAJGS>UIQNSC_HGMBUIDGPHM@IGDP
v@<'V'@<HGMBMCGF_JUHMRDG@<

RHQ
BJAUPQR_HIAJGS@||@'@BJAUPQR'@QCJQ
''@HQNB@''@HQN9
[''<BJAUPQR_HIAJGS]qscqjugs@QCUS

||

RHQ
''@@QCJQ
'@JJAH@BGH'@@HQNB@'gh'@HQN9
QJTUJJAH_CM@QCUS

||@'@'@||

RHQ
'['@||@NBOHQJ_IAIM8UI_DQBSUDUNS@||@']'@QCJQ
''@HQNB@v@HQN9
[v<NBOHQJ_IAIM8UI_DQBSUDUNS]QSCQJUGS@QCUS

||@QIUH_BRA@||@'@'@||@'"'@||@QIUH_HIAJGS@||@'"'@||

RHQ
'<'@QCJQ
'@'@HQNB@V@HQN9
HGMBMCGF_JUHMRDG@@QCUS
BSQJQC
JJQ9@CU@BHMUDBCHGS@BJUAPQR@RHU@%%%%%%%%%%%%%%
HGMBUIDGPHM@JJAH@BGH@RHU@JJAH@%%%%%%%%%%%%%%
CQF7BUBUR@DMQNB@NBM9@CHIAJGS@JJU@OHM7UJFCMR@%%%%%%%%%%%%%%

HGMHA

v@<'v'@<V%@<']'@||@'"'@||@/@||@'"'@||@'@qjtub@qbuqds'@BSQJQC
BHQIQBUBC@QJTUB@QBUQDS@%%%%%%%%%%%%%%

			
			
			]]></sqlString>
			<paramList>
				<param position="1" datatype="VARCHAR" value="WinSQL_OBJNAME"  tag="1"/>
				<param position="2" datatype="VARCHAR" value="WinSQL_OBJNAME"  tag="1"/>
				<param position="3" datatype="VARCHAR" value="WinSQL_OBJNAME"  tag="1"/>
				<param position="4" datatype="VARCHAR" value="WinSQL_OBJNAME"  tag="1"/>
				<param position="5" datatype="VARCHAR" value="WinSQL_OBJNAME"  tag="1"/>
				<param position="6" datatype="VARCHAR" value="WinSQL_OBJNAME"  tag="1"/>
				<param position="7" datatype="VARCHAR" value="WinSQL_OBJNAME"  tag="1"/>
				<param position="8" datatype="VARCHAR" value="WinSQL_OBJNAME"  tag="1"/>
				<param position="9" datatype="VARCHAR" value="WinSQL_OBJNAME"  tag="1"/>
				<param position="10" datatype="VARCHAR" value="WinSQL_OBJNAME"  tag="1"/>
				<param position="11" datatype="VARCHAR" value="WinSQL_OBJNAME"  tag="1"/>
				<param position="12" datatype="VARCHAR" value="WinSQL_OBJNAME"  tag="1"/>
				<param position="13" datatype="VARCHAR" value="WinSQL_OBJNAME"  tag="1"/>
				<param position="14" datatype="VARCHAR" value="WinSQL_OBJNAME"  tag="1"/>
				<param position="15" datatype="VARCHAR" value="WinSQL_OBJNAME"  tag="1"/>
				<param position="16" datatype="VARCHAR" value="WinSQL_OBJNAME"  tag="1"/>
				<param position="17" datatype="VARCHAR" value="WinSQL_OBJNAME"  tag="1"/>
				<param position="18" datatype="VARCHAR" value="WinSQL_OBJNAME"  tag="1"/>
				<param position="19" datatype="VARCHAR" value="WinSQL_OBJNAME"  tag="1"/>
				<param position="20" datatype="VARCHAR" value="WinSQL_OBJNAME"  tag="1"/>
				<param position="21" datatype="VARCHAR" value="WinSQL_OBJNAME"  tag="1"/>
				<param position="22" datatype="VARCHAR" value="WinSQL_OBJNAME"  tag="1"/>
				<param position="23" datatype="VARCHAR" value="WinSQL_OBJNAME"  tag="1"/>
				<param position="24" datatype="VARCHAR" value="WinSQL_OBJNAME"  tag="1"/>
				<param position="25" datatype="VARCHAR" value="WinSQL_OBJNAME"  tag="1"/>
			</paramList>
		</query>		
	</createTableDDL>
	
	
	
	
	<!-- The storedProcedure element tells WinSQL how to process a Stored procedure -->
	<storedProcedures supported="yes">
		<storedProcDDL supported="yes">
			<query>
				<sqlString><![CDATA[Procedures are not supported ]]></sqlString>
				<paramList>	</paramList>
			</query>
		</storedProcDDL>
	</storedProcedures>
	<!-- 
	TRIGGERS

	 -->
	<triggers supported="yes">
		<!-- 
			The first element is for the retrieval of the SQL script that created the triggers.
			It must return 3 fields. 
			Field 1 - Trigger Name. If name is unknown, the query must return 'Not available'.
			Field 2 - Trigger Type. This can be either Insert, Update or Delete
			Field 3 - Trigger Text. This is the sql script that was used to create the trigger.
		 -->
		<triggerDDL  supported="yes">
			<query>
				<sqlString><![CDATA[
select distinct trigger_name,'I','CREATE TRIGGER ' || trigger_name || ' ' || condition_timing,'',1
from information_schema.triggers
where event_object_table=?

union

select trigger_name,'I',' ' || min(event_manipulation),'',2
from information_schema.triggers
where event_object_table=?
group by trigger_name


union

select distinct trigger_name,'I',' OR ' || event_manipulation,'',3
from information_schema.triggers pr
where  event_manipulation >
(select min(event_manipulation)
from information_schema.triggers chld
where event_object_table=? and pr.trigger_name=chld.trigger_name)
and event_object_table=?

union

select distinct trigger_name,'I',' ON ' || event_object_table || ' FOR EACH ' || action_orientation || ' ' || action_statement,'',4
from information_schema.triggers
where event_object_table=?


order by 5

				]]></sqlString>
				<paramList>
					<param position="1" datatype="VARCHAR" value="WinSQL_OBJNAME" tag="1"/>
					<param position="2" datatype="VARCHAR" value="WinSQL_OBJNAME" tag="1"/>
					<param position="3" datatype="VARCHAR" value="WinSQL_OBJNAME" tag="1"/>
					<param position="4" datatype="VARCHAR" value="WinSQL_OBJNAME" tag="1"/>
					<param position="5" datatype="VARCHAR" value="WinSQL_OBJNAME" tag="1"/>
				</paramList>
			</query>
		</triggerDDL>
	</triggers>
	
	
	
	<explain supported="true">
	    <prereqTables4Explain />	    	
	    <prereqDDL4Explain />
	    
	    <explainQueryInsert>
	    </explainQueryInsert>
	    
	    <explainQueryDelete required="true">
	    </explainQueryDelete>
	    
	    <explainQuerySelect displayType="text"><![CDATA[
	    EXPLAIN $WINSQL_QUERY_STRING	    	
	    ]]>
	    </explainQuerySelect>	    
	</explain>
	
	
	
	<!-- Following is a list of extended elements.
		The immediate children of extendedNodes element MUST be a level1 element.
		The name of the element will appear as the header in the TreeView control
		
		Attribute description:
			name - This is the name that will appear in TreeView.
			displayType - This is where the result of the query will
						  get displayed. The possible values are:
						  
						  WinSQL_TreeView
						  WinSQL_GridView
						  WinSQL_ListView
						  WinSQL_TextView
						  
						  In case of WinSQL_TreeView, only the first column will
						  get displayed. 
						  
						  In case of WinSQL_ListView, only the first row of the
						  resultset will be displayed.
						  
						  In case of WinSQL_TextView, the text
						  will be tab delimited if more than one column is found.
			hasChildren - If yes, there can be another level node
	-->
	<extendedNodes>
	
	
	    <extension level="1" name="Configuration Parameters" displayType="WinSQL_GridView" hasChildren="no" useInDBDiff="yes">	
			<query>
				<sqlString><![CDATA[
				SHOW ALL	
				 ]]></sqlString>
				<!-- Level 1 extensions CANNOT HAVE ANY PARAMETERS  -->
				<paramList>	</paramList>
			</query>
			 
		</extension>
		
		
		<extension level="1" name="Rules" displayType="WinSQL_TreeView" hasChildren="yes" useInDBDiff="no">	
			<query>
				<sqlString><![CDATA[
				
				select schemaname || '.' || rulename, schemaname, rulename
				from pg_catalog.pg_rules
		
				 ]]></sqlString>
				<!-- Level 1 extensions CANNOT HAVE ANY PARAMETERS  -->
				<paramList>	</paramList>
			</query>
			<extension level="2" name="Rules Details" displayType="WinSQL_TextView" hasChildren="no" useInDBDiff="no">	
				<query>
					<sqlString><![CDATA[
					select definition from pg_catalog.pg_rules where schemaname = ? and rulename = ? 				
					 ]]></sqlString>
					<paramList>
						<param position="1" datatype="VARCHAR" value="WinSQL_PARENTVALUE" tag="2"/>
						<param position="1" datatype="VARCHAR" value="WinSQL_PARENTVALUE" tag="3"/>
						
					</paramList>
				</query>
			</extension> 
		</extension>
		
		
		
		
		
		<extension level="1" name="User Functions" displayType="WinSQL_TreeView" hasChildren="yes" useInDBDiff="no">	
			<query>
				<sqlString><![CDATA[
				select p.proname from pg_proc p, pg_language l where p.prolang = l.oid and l.lanname <> 'internal'		
				 ]]></sqlString>
				<!-- Level 1 extensions CANNOT HAVE ANY PARAMETERS  -->
				<paramList>	</paramList>
			</query>
			<extension level="2" name="Table Space Detail" displayType="WinSQL_TextView" hasChildren="no" useInDBDiff="no">	
				<query>
					<sqlString><![CDATA[
					select prosrc from pg_proc where proname = ? 				
					 ]]></sqlString>
					<paramList>
						<param position="1" datatype="VARCHAR" value="WinSQL_PARENTVALUE" tag="1"/>
					</paramList>
				</query>
			</extension> 
		</extension>
		<!-- Extension number 2 -->
		<extension level="1" name="Packages" displayType="WinSQL_TreeView" hasChildren="yes" useInDBDiff="no">	
			<query>
				<sqlString><![CDATA[
				select RTRIM(PKGSCHEMA) || '.' || RTRIM(PKGNAME) from syscat.packages
				 ]]></sqlString>
				<!-- Level 1 extensions CANNOT HAVE ANY PARAMETERS  -->
				<paramList>	</paramList>
			</query>
			<extension level="2" name="Package Detail" displayType="WinSQL_ListView" hasChildren="no" useInDBDiff="no">	
				<query>
					<sqlString><![CDATA[
					select * from syscat.packages
					where RTRIM(PKGSCHEMA) || '.' || RTRIM(PKGNAME) = ?
 				
					 ]]></sqlString>
					<paramList>
						<param position="1" datatype="VARCHAR" value="WinSQL_PARENTVALUE" tag="1"/>
					</paramList>
				</query>
			</extension> 
		</extension>
		<!-- Extension number 3. This is for functions. Here the tag value matters
			Tag is the link between a master detail query. The tag number represents
			the column number in the parent query -->
		<extension level="1" name="Functions" displayType="WinSQL_TreeView" hasChildren="yes" useInDBDiff="no">	
			<query>
				<sqlString><![CDATA[
				select RTRIM(FUNCSCHEMA) || '.' || RTRIM(FUNCNAME), RTRIM(SPECIFICNAME) from SYSCAT.FUNCTIONS
				 ]]></sqlString>
				<!-- Level 1 extensions CANNOT HAVE ANY PARAMETERS  -->
				<paramList>	</paramList>
			</query>
			<extension level="2" name="Function Detail" displayType="WinSQL_GridView" hasChildren="no" useInDBDiff="no">	
				<query>
					<sqlString><![CDATA[
					select ORDINAL Position, 'Parameter' Type, TYPENAME DataType, LENGTH , SCALE from SYSCAT.FUNCPARMS where ROWTYPE = 'P' and SPECIFICNAME = ?
					UNION
					select ORDINAL Position, 'Return Type' Type, TYPENAME DataType, LENGTH , SCALE from SYSCAT.FUNCPARMS where ROWTYPE <> 'P' and SPECIFICNAME = ? 
					order by 1
					 ]]></sqlString>
					<paramList>
						<param position="1" datatype="VARCHAR" value="WinSQL_PARENTVALUE" tag="2"/>
						<param position="2" datatype="VARCHAR" value="WinSQL_PARENTVALUE" tag="2"/>
					</paramList>
				</query>
			</extension> 
		</extension>
	</extendedNodes>
	
	<parameters>
            <parameter name="RequireParenInSPIfNoParam" value="yes" />
	    <parameter name="FetchParentRelationship" value="yes" />
	    <parameter name="FetchDependentRelationship" value="yes" />
        </parameters>
	
	
	 <adminTasks>

        <adminTask appliesTo="WinSql_INDEX"
                    id="WinSQL_NewIndex"
                    name="Create New Index"
                    promptType="Dialog" templateType="preDefined"
                    title="New index wizard"
                    menuSeperator="0">
            <sqlString><![CDATA[CREATE ? INDEX ? ON ? 
    ? (?) ? ?


                ]]></sqlString>

            <paramList>

                <param position="1" paramType="Option" value="UNIQUE" mandatory="false"  control="checkbox" bounds="100, 175, 200, 20" label="Unique" labelBounds="-1" prefixValue="" postfixValue="" separator="" enclosedStart="" enclosedEnd="" tabOrder="6" hint="Check to create a unique index" />
                <param position="2" paramType="Textbox" value="" mandatory="true"  control="editbox" bounds="100, 10, 200, 20" label="Index Name" labelBounds="5, 10, 90, 20" prefixValue="" postfixValue="" separator="" enclosedStart="" enclosedEnd="" tabOrder="1" hint="The name of index to be created. This is a mandatory field." />
                <param position="3" paramType="ParentText" value="WinSQL_FULLOBJNAME" mandatory="true" control="label" bounds="0, 0, 0, 0" label="" prefixValue="" postfixValue=""  separator="" enclosedStart=""   tabOrder="" hint="" />
                <param position="5" paramType="ParentPickList" value="WinSQL_TABLEFIELDS" mandatory="true" control="checklistbox" bounds="100, 35, 200, 60" label="Fields" labelBounds="5, 35, 90, 60"  prefixValue="" postfixValue=""  separator="," enclosedStart=""  enclosedEnd=""  tabOrder="2" hint=" The name of a column of the table." />
                <param position="4" paramType="PickList" value=" |btree|rtree|hash" mandatory="false" control="combobox" bounds="100, 100, 200, 20" label="Method Type" labelBounds="5, 100, 90, 20"  prefixValue="using " postfixValue=""  separator="" enclosedStart=""  enclosedEnd=""  tabOrder="3" hint=" The name of the method to be used for the index.The default method is btree." />
                <param position="7" paramType="Textbox" value="" mandatory="false"  control="editbox" bounds="100, 125, 200, 20" label="Partial expression" labelBounds="5, 125, 90, 20" prefixValue=" where " postfixValue="" separator="" enclosedStart="" enclosedEnd="" tabOrder="4" hint=" The constraint expression for a partial index." />
                <param position="6" paramType="SQLLookup" value="" mandatory="false"  control="combobox" bounds="100, 150, 200, 20" label="Table Space" labelBounds="5, 150, 90, 20" prefixValue="TABLESPACE " postfixValue="" separator="" enclosedStart=""  enclosedEnd=""  tabOrder="5" hint=" The tablespace in which to create the index." >
                <lookupSQL>
                <![CDATA[
                select spcname from pg_catalog.pg_tablespace
                ]]>
                </lookupSQL>
                </param>
            </paramList>


        </adminTask>

        <adminTask appliesTo="WinSql_RENAME_TABLE"
                    id="WinSQL_RenameTable"
                    name="Rename Table"
                    promptType="Dialog" templateType="custom"
                    title="Rename Table"
                    menuSeperator="0">
            <sqlString><![CDATA[ ALTER TABLE "?" RENAME TO "?"

                ]]></sqlString>

            <paramList>

	          <param position="1" paramType="SQLLookup" value="" mandatory="true"  control="combobox" bounds="100, 10, 200, 20" label="Table Name" labelBounds="5, 10, 90, 20" prefixValue="" postfixValue="" separator="" enclosedStart=""  enclosedEnd=""  tabOrder="1" hint="Table that needs to be renamed." >
                <lookupSQL>
                <![CDATA[
                select relname from pg_catalog.pg_statio_user_tables order by relname
                ]]>
                </lookupSQL>
                </param>
		    <param position="2" paramType="Textbox" value="" mandatory="true"  control="editbox" bounds="100, 35, 200, 20" label="New Name" labelBounds="5, 35, 90, 20" prefixValue="" postfixValue="" separator="" enclosedStart="" enclosedEnd="" tabOrder="2" hint="The new name for the table." />

            </paramList>


        </adminTask>

        <adminTask appliesTo="WinSql_RENAME_INDEX"
                    id="WinSQL_RenameINDEX"
                    name="Rename Index"
                    promptType="Dialog" templateType="custom"
                    title="Rename INDEX"
                    menuSeperator="0">
            <sqlString><![CDATA[ ALTER INDEX "?" RENAME TO "?"

                ]]></sqlString>

            <paramList>

	          <param position="1" paramType="SQLLookup" value="" mandatory="true"  control="combobox" bounds="100, 10, 200, 20" label="Index Name" labelBounds="5, 10, 90, 20" prefixValue="" postfixValue="" separator="" enclosedStart=""  enclosedEnd=""  tabOrder="1" hint="Index that needs to be renamed." >
                <lookupSQL>
                <![CDATA[
                select indexrelname from pg_catalog.pg_statio_all_indexes order by indexrelname
                ]]>
                </lookupSQL>
                </param>
		    <param position="2" paramType="Textbox" value="" mandatory="true"  control="editbox" bounds="100, 35, 200, 20" label="New Name" labelBounds="5, 35, 90, 20" prefixValue="" postfixValue="" separator="" enclosedStart="" enclosedEnd="" tabOrder="2" hint="The new name for the index." />

            </paramList>


        </adminTask>


        <adminTask appliesTo="WinSql_New_User"
                    id="WinSQL_NewUser"
                    name="New User"
                    promptType="Dialog" templateType="custom"
                    title="Create User"
                    menuSeperator="0">
            <sqlString><![CDATA[ 
				CREATE USER ? password '?' ?
                ]]></sqlString>

            <paramList>

		    <param position="1" paramType="Textbox" value="" mandatory="true"  control="editbox" bounds="100, 10, 200, 20" label="User Name" labelBounds="5, 10, 90, 20" prefixValue="" postfixValue="" separator="" enclosedStart="" enclosedEnd="" tabOrder="1" hint="The new user login name." />
		    <param position="2" paramType="Textbox" value="" mandatory="true"  control="editbox" bounds="100, 35, 200, 20" label="Password" labelBounds="5, 35, 90, 20" prefixValue="" postfixValue="" separator="" enclosedStart="" enclosedEnd="" tabOrder="2" hint="The new user password." />
		    <param position="3" paramType="PickList" value=" |SUPERUSER|NOSUPERUSER" mandatory="false" control="combobox" bounds="100, 60, 200, 20" label="User Type" labelBounds="5, 60, 90, 20"  prefixValue="" postfixValue=""  separator="" enclosedStart=""  enclosedEnd=""  tabOrder="3" hint="Select the type of user.Default type is NOSUPERUSER." />

            </paramList>


        </adminTask>

        <adminTask appliesTo="WinSql_New_Sequence"
                    id="WinSQL_New_Sequence"
                    name="Create new sequence"
                    promptType="Dialog" templateType="custom"
                    title="Create new sequence"
                    menuSeperator="0">
            <sqlString><![CDATA[ 
				CREATE ? SEQUENCE ? ?
    				? ?
    				? ? ?
                ]]></sqlString>

            <paramList>

		    <param position="2" paramType="Textbox" value="" mandatory="true"  control="editbox" bounds="100, 10, 200, 20" label="Sequence Name" labelBounds="5, 10, 90, 20" prefixValue="" postfixValue="" separator="" enclosedStart="" enclosedEnd="" tabOrder="1" hint="The name of the sequence to be created." />
		    <param position="1" paramType="Option" value="Temporary" mandatory="false"  control="checkbox" bounds="100, 185, 200, 20" label="Unique" labelBounds="-1" prefixValue="" postfixValue="" separator="" enclosedStart="" enclosedEnd="" tabOrder="1" hint="If checked, the sequence object is created only for this session." />
		    <param position="3" paramType="Textbox" value="" mandatory="false"  control="editbox" bounds="100, 35, 200, 20" label="Increment By" labelBounds="5, 35, 90, 20" prefixValue=" INCREMENT BY " postfixValue="" separator="" enclosedStart="" enclosedEnd="" tabOrder="2" hint="Specifies which value is added to the current sequence value to create a new value." />
		    <param position="4" paramType="Textbox" value="" mandatory="false"  control="editbox" bounds="100, 60, 200, 20" label="Minimum Value" labelBounds="5, 60, 90, 20" prefixValue=" MINVALUE " postfixValue="" separator="" enclosedStart="" enclosedEnd="" tabOrder="3" hint="Determines the minimum value a sequence can generate." />
 		    <param position="5" paramType="Textbox" value="" mandatory="false"  control="editbox" bounds="100, 85, 200, 20" label="Maximum Value" labelBounds="5, 85, 90, 20" prefixValue=" MAXVALUE " postfixValue="" separator="" enclosedStart="" enclosedEnd="" tabOrder="4" hint="Determines the maximum value for the sequence." />
		    <param position="6" paramType="Textbox" value="" mandatory="false"  control="editbox" bounds="100, 110, 200, 20" label="Start with" labelBounds="5, 110, 90, 20" prefixValue="  START WITH " postfixValue="" separator="" enclosedStart="" enclosedEnd="" tabOrder="5" hint="The value from which to start generating numbers." />
		    <param position="7" paramType="Textbox" value="" mandatory="false"  control="editbox" bounds="100, 135, 200, 20" label="Cache Numbers" labelBounds="5, 135, 90, 20" prefixValue=" CACHE " postfixValue="" separator="" enclosedStart="" enclosedEnd="" tabOrder="6" hint="Preallocates and stored numbers in memory for faster access." />
		    <param position="8" paramType="PickList" value=" |CYCLE|NO CYCLE" mandatory="false" control="combobox" bounds="100, 160, 200, 20" label="Cycle numbers" labelBounds="5, 160, 90, 20"  prefixValue="" postfixValue=""  separator="" enclosedStart=""  enclosedEnd=""  tabOrder="7" hint="This option allows the sequence to wrap around when the maxvalue or minvalue has been reached." />

            </paramList>


        </adminTask>

    </adminTasks>

	
</WinSQLDatabaseType>
