<?xml version="1.0" encoding="iso-8859-1" ?>

<!-- 
Following variables are considered as keyword by WinSQL and can appear either in 
elements or attribute values.


WinSQL_SCHEMA			  __ Owner of the object. Will get replaced at run time automatically
WinSQL_OBJNAME		  __ Any object. Could be table, view, trigger, stored procedure, etc.
WinSQL_FULLOBJNAME  __ Any object. This is a combination of schema and objName separated by a dot
WinSQL_PARENTVALUE  __ This is the value returned by the parent query. Is only used in the extension
                       where level is 2.  



	dbName -
		is the Name of the database. This name should be the DBMS Name 
		returned by the ODBC driver. It should match the "DBMS Name" value
		in WinSQL catalog window. WinSQL uses this information to associate
		plugin files to a database. If this information is incorrect, WinSQL
		will not automatically select the Plugin type in the connection window.
	
	dbAlias -
		This is a friendly name for this plugin. This is what appears on the connection
		window.
	 -->
<WinSQLDatabaseType dbName="SybaseSQLAnywhere" dbAlias="iAnywhere" version="9">
	<view supported="yes">
		<viewDDL supported="yes">
			<query>
				<sqlString><![CDATA[ sp_helptext ? ]]></sqlString>
				<paramList>
					<param position="1" datatype="VARCHAR" value="WinSQL_OBJNAME" tag="1"/>
				</paramList>
			</query>
		</viewDDL>
	</view>
	
	
	<createIndexDDL supported="yes">
		<query>
		<sqlString postProcessor="2" encrypted="true"><![CDATA[

W@7T@DQRDG

v#QSHQAEQC@RHU
/#QIUH_DQCA@RHU@/#QIUH_8QRHM@RHU@/#QIUH_QJTUB
RHU@DGBUQDS>QJTUBC7C#RM_DQCA>IDQFDQCAC7C
RHU@RM_QJTUB>HIAJGSC7C#RM_QJTUB>QJTUBC7C
RHU@RM_HIAJGS>JGS8MC7C#RM_HIAJGS>HIAJGSC7C
RHU@RM_8QRHM>JGS8MC7C#RM_8QRHM>8QRHMC7C
RHU@RM_QJTUB>JGS8MC7C#RM_QJTUB>QJTUBC7C
RHU@RM_QJTUB>8QRHMC7C#RM_QJTUB>QJTUBC7C
QDQN9
HIAJGSC7C<IDQFDQCAC7C<QJTUBC7C<JGS8MC7C<8QRHMC7C@IGDP
vvvV<'['@BSQJQC

HGMHA

v.QSHQAEQC@RHU
/#QIUH_DQCA@RHU@/#QIUH_8QRHM@RHU@/#QIUH_QJTUB
RHU@DGBUQDS>QJTUBC7C#RM_DQCA>IDQFDQCAC7C
RHU@RM_QJTUB>HIAJGSC7C#RM_QJTUB>QJTUBC7C
RHU@RM_HIAJGS>JGS8MC7C#RM_HIAJGS>HIAJGSC7C
RHU@RM_8QRHM>JGS8MC7C#RM_8QRHM>8QRHMC7C
RHU@RM_QJTUB>JGS8MC7C#RM_QJTUB>QJTUBC7C
RHU@RM_QJTUB>8QRHMC7C#RM_QJTUB>QJTUBC7C
QDQN9
HIAJGSC7C<IDQFDQCAC7C<QJTUBC7C<JGS8MC7C<8QRHMC7C@IGDP
QSHQAEQC$Z<'"'@$@QIUH_HIAJGS@$@'"'@$@'<'@BSQJQC

HGMHA

v#QSHQAEQC@RHU
/#QIUH_DQCA@RHU@/#QIUH_8QRHM@RHU@/#QIUH_QJTUB
RHU@DGBUQDS>QJTUBC7C#RM_DQCA>IDQFDQCAC7C
RHU@RM_QJTUB>HIAJGSC7C#RM_QJTUB>QJTUBC7C
RHU@RM_HIAJGS>JGS8MC7C#RM_HIAJGS>HIAJGSC7C
RHU@RM_8QRHM>JGS8MC7C#RM_8QRHM>8QRHMC7C
RHU@RM_QJTUB>JGS8MC7C#RM_QJTUB>QJTUBC7C
RHU@RM_QJTUB>8QRHMC7C#RM_QJTUB>QJTUBC7C
QDQN9
HIAJGSC7C<IDQFDQCAC7C<QJTUBC7C<JGS8MC7C<8QRHMC7C@IGDP
QSHQAEQC$Y<'"'@$@QIUH_HIAJGS@$@'"'@$@']'@BSQJQC

HGMHA

/#QIUH_DQCA@RHU@/#QIUH_8QRHM@RHU@/#QIUH_QJTUB
RHU@DGBUQDS>QJTUBC7C#RM_DQCA>IDQFDQCAC7C
RHU@RM_QJTUB>8QRHMC7C#RM_QJTUB>QJTUBC7C
QDQN9
IDQFDQCAC7C<QJTUBC7C<8QRHMC7C@IGDP
X<QIUH_QJTUB@$@'@hg@'@$@'"'@$@/@$@'"'@$@'@3qrhm@'@BSQJQC

HGMHA

/#QIUH_DQCA@RHU@/#QIUH_8QRHM@RHU@/#QIUH_QJTUB
RHU@QAJU0_QBATMDBBU>QBATMDBBUC7C#RM_8QRHM>8QRHMC7C
RHU@DGBUQDS>QJTUBC7C#RM_DQCA>IDQFDQCAC7C
RHU@RM_BSQLTG>QBATMDBBUC7C#RM_QJTUB>QJTUBC7C
QDQN9
QBATMDBBUC7C<8QRHMC7C<IDQFDQCAC7C<QJTUBC7C<8QRHMC7C@IGDP
W<RHQ
'@rqdqbcajs@'@HQNB@W@HQN9
RM_QBATMDBBU@QCUS@BSQJQC

HGMHA

/#QIUH_DQCA@RHU@/#QIUH_8QRHM@RHU@/#QIUH_QJTUB
RHU@DGBUQDS>QJTUBC7C#RM_DQCA>IDQFDQCAC7C
RHU@RM_QJTUB>8QRHMC7C#RM_QJTUB>QJTUBC7C
QDQN9
IDQFDQCAC7C<QJTUBC7C<8QRHMC7C@IGDP
V<RHQ
'@qaemha@'@HQNB@'4'@HQN9
'@qaemha@'@HQNB@'a'@HQN9
@(qaemha)@QCUS@$@'@qbuqds@'@BSQJQC
		
		]]>
		</sqlString>
		<paramList>
			<param position="1" datatype="VARCHAR" value="WinSQL_OBJNAME"  tag="1"/>
			<param position="2" datatype="VARCHAR" value="WinSQL_INDEXNAME"  tag="1"/>			
			<param position="3" datatype="VARCHAR" value="WinSQL_SCHEMA"  tag="1"/>
			<param position="4" datatype="VARCHAR" value="WinSQL_OBJNAME"  tag="1"/>
			<param position="5" datatype="VARCHAR" value="WinSQL_INDEXNAME"  tag="1"/>			
			<param position="6" datatype="VARCHAR" value="WinSQL_SCHEMA"  tag="1"/>
			<param position="7" datatype="VARCHAR" value="WinSQL_INDEXNAME"  tag="1"/>			
			<param position="8" datatype="VARCHAR" value="WinSQL_OBJNAME"  tag="1"/>
			<param position="9" datatype="VARCHAR" value="WinSQL_INDEXNAME"  tag="1"/>			
			<param position="10" datatype="VARCHAR" value="WinSQL_SCHEMA"  tag="1"/>
			<param position="11" datatype="VARCHAR" value="WinSQL_OBJNAME"  tag="1"/>
			<param position="12" datatype="VARCHAR" value="WinSQL_INDEXNAME"  tag="1"/>			
			<param position="13" datatype="VARCHAR" value="WinSQL_SCHEMA"  tag="1"/>
			<param position="14" datatype="VARCHAR" value="WinSQL_OBJNAME"  tag="1"/>
			<param position="15" datatype="VARCHAR" value="WinSQL_INDEXNAME"  tag="1"/>			
			<param position="16" datatype="VARCHAR" value="WinSQL_SCHEMA"  tag="1"/>
			<param position="17" datatype="VARCHAR" value="WinSQL_OBJNAME"  tag="1"/>
			<param position="18" datatype="VARCHAR" value="WinSQL_INDEXNAME"  tag="1"/>			
			<param position="19" datatype="VARCHAR" value="WinSQL_SCHEMA"  tag="1"/>			
		</paramList>
	    </query>	
	</createIndexDDL>
	
	
	
	
	<createTableDDL supported="yes"> 				
		<query>
			<sqlString postProcessor="1" encrypted="true"><![CDATA[
			

@[vV]duns@||@[XV]duns@||@'-DGBUHMIDQb7DQAe_DU1jecHM2-'@||@[vV]duns@||@[XV]duns@BSQJQC

-DGBUHMIDQb7DQAe_DU1jecHM2-


Y<X<W@7T@DQRDG
'S'#QF7B_BHMUDBCHGS@RHU
/#QIUH_DQCA@RHU
/#QIUH_QJTUB@RHU
RM_KSQNS>KSQNSC7C#RM_BHMUDBCHGS>BHMUDBCHGSC7C@RHU
RM_QJTUB>BHMUDBCHGSC7C#RM_QJTUB>QJTUBC7C@RHU
RM_HIAJGS>BHMUDBCHGSC7C#RM_HIAJGS>HIAJGSC7C@RHU
DGBUQDS>QJTUBC7C#RM_DQCA>IDQfDQCac4c@RHU
RM_QJTUB>HIAJGSC7C#RM_QJTUB>QJTUBC7C
QDQN9
BHMUDBCHGSC7C<IDQFDQCAC7C<QJTUBC7C<KSQNSC7C<HIAJGSC7C
IGDP@V<''<vvvVV@<@HPQR_KSQNS@$@'@'@$@'"'@$@QIUH_BHMUDBCHGS@$@'"'@$@'@bhmudbchgs@rru@'@$@QIUH_HIAJGS@$@'@dqbju@'@$@'"'@$@QIUH_QJTUB@$@'"'@$@'@qjtub@dqbju'
@$@@[vV]duns@$@[XV]duns@$@'-DGBUHMIDQb7DQAe_DU1jecHM2-'@$@[vV]duns@$@[XV]duns@BSQJQC
BHMUDBCHGs@KSQNs%%

-DGBUHMIDQb7DQAe_DU1jecHM2-

Y<X<W@7T@DQRDG
[QJGD@7T@FAGDO
[RM_DQCA>IDQFDQCAC7C#DGBUQDS>QJTUBC7C@RHU@/#QIUH_DQCA@RHU@/#QIUH_QJTUB
QDQN9@IDQFDQCAC7C<QJTUBC7C@IGDP@RM_QJTUB@BSQJQC]#RM_QJTUB_HOMQDGP>7QKHOMQDGPC7C@RHU
RM_7QK_HOMQDGP>JGSKPC7C#RM_7QK_HOMQDGP>7QKHOMQDGPC7C@RHU
RM_QJTUB_HOMQDGP>JGSKPC7C#RM_QJTUB_HOMQDGP>7QKHOMQDGPC7C@RHU
DGBUQDS>QJTUBC7C#RM_DQCA>IDQfDQCac4c@RHU
RM_QJTUB_7DUIMDF>7QKHOMQDGPC7C#RM_QJTUB>QJTUBC7C@QDQN9
HIAJGSC7C<JGSKPC7C<IDQFDQCAC7C<QJTUBC7C<7QKHOMQDGPC7C@IGDP
[RM_HIAJGS_7DUIMDF]HMI@BSQJQC]@HM@RM_HIAJGS_7DUIMDF@RHU
[RM_DQCA>IDQFDQCAC7C#DGBUQDS>QJTUBC7C@RHU
/#QIUH_DQCA@RHU
/#QIUH_QJTUB
QDQN9@IDQFDQCAC7C<QJTUBC7C@IGDP@RM_QJTUB@BSQJQC]#RM_QJTUB_HOMQDGP>7QKHOMQDGPC7C@RHU
RM_QJTUB_7DUIMDF>7QKHOMQDGPC7C#RM_QJTUB>HIAJGSC7C@RHU
RM_HIAJGS_7DUIMDF>JGSKPC7C#RM_HIAJGS>HIAJGSC7C@RHU
RM_7QK_HOMQDGP>JGSKPC7C#RM_7QK_HOMQDGP>7QKHOMQDGPC7C@RHU
RM_QJTUB_HOMQDGP>JGSKPC7C#RM_QJTUB_HOMQDGP>7QKHOMQDGPC7C@RHU
DGBUQDS>QJTUBC7C#RM_DQCA>IDQfDQCac4c@RHU
RM_QJTUB_7DUIMDF>7QKHOMQDGPC7C#RM_QJTUB>QJTUBC7C@QDQN9
HIAJGSC7C<JGSKPC7C<IDQFDQCAC7C<QJTUBC7C<7QKHOMQDGPC7C@IGDP
x<QJGD<vvvvV<'['@BSQJQC

HGMHA

[QJGD@7T@FAGDO
[RM_DQCA>IDQFDQCAC7C#DGBUQDS>QJTUBC7C@RHU@/#QIUH_DQCA@RHU@/#QIUH_QJTUB
QDQN9@IDQFDQCAC7C<QJTUBC7C@IGDP@RM_QJTUB@BSQJQC]#RM_QJTUB_HOMQDGP>7QKHOMQDGPC7C@RHU
RM_7QK_HOMQDGP>JGSKPC7C#RM_7QK_HOMQDGP>7QKHOMQDGPC7C@RHU
RM_QJTUB_HOMQDGP>JGSKPC7C#RM_QJTUB_HOMQDGP>7QKHOMQDGPC7C@RHU
DGBUQDS>QJTUBC7C#RM_DQCA>IDQfDQCac4c@RHU
RM_QJTUB_7DUIMDF>7QKHOMQDGPC7C#RM_QJTUB>QJTUBC7C@QDQN9
HIAJGSC7C<JGSKPC7C<IDQFDQCAC7C<QJTUBC7C<7QKHOMQDGPC7C@IGDP
[RM_HIAJGS_7DUIMDF]HMI@BSQJQC]@HM@BGH@RM_HIAJGS_7DUIMDF@RHU
[RM_DQCA>IDQFDQCAC7C#DGBUQDS>QJTUBC7C@RHU
/#QIUH_DQCA@RHU
/#QIUH_QJTUB
QDQN9@IDQFDQCAC7C<QJTUBC7C@IGDP@RM_QJTUB@BSQJQC]#RM_QJTUB_HOMQDGP>7QKHOMQDGPC7C@RHU
RM_QJTUB_7DUIMDF>7QKHOMQDGPC7C#RM_QJTUB>HIAJGSC7C@RHU
RM_HIAJGS_7DUIMDF>JGSKPC7C#RM_HIAJGS>HIAJGSC7C@RHU
RM_7QK_HOMQDGP>JGSKPC7C#RM_7QK_HOMQDGP>7QKHOMQDGPC7C@RHU
RM_QJTUB_HOMQDGP>JGSKPC7C#RM_QJTUB_HOMQDGP>7QKHOMQDGPC7C@RHU
DGBUQDS>QJTUBC7C#RM_DQCA>IDQfDQCac4c@RHU
RM_QJTUB_7DUIMDF>7QKHOMQDGPC7C#RM_QJTUB>QJTUBC7C@QDQN9
HIAJGSC7C<JGSKPC7C<IDQFDQCAC7C<QJTUBC7C<7QKHOMQDGPC7C@IGDP
y<QJGD<vvvvV<'"'@$@QIUH_HIAJGS@$@'"'@$'<'@BSQJQC

HGMHA

[QJGD@7T@FAGDO
[RM_DQCA>IDQFDQCAC7C#DGBUQDS>QJTUBC7C@RHU@/#QIUH_DQCA@RHU@/#QIUH_QJTUB
QDQN9@IDQFDQCAC7C<QJTUBC7C@IGDP@RM_QJTUB@BSQJQC]#RM_QJTUB_HOMQDGP>7QKHOMQDGPC7C@RHU
RM_7QK_HOMQDGP>JGSKPC7C#RM_7QK_HOMQDGP>7QKHOMQDGPC7C@RHU
RM_QJTUB_HOMQDGP>JGSKPC7C#RM_QJTUB_HOMQDGP>7QKHOMQDGPC7C@RHU
DGBUQDS>QJTUBC7C#RM_DQCA>IDQfDQCac4c@RHU
RM_QJTUB_7DUIMDF>7QKHOMQDGPC7C#RM_QJTUB>QJTUBC7C@QDQN9
HIAJGSC7C<JGSKPC7C<IDQFDQCAC7C<QJTUBC7C<7QKHOMQDGPC7C@IGDP
[RM_HIAJGS_7DUIMDF]HMI@BSQJQC]@HM@RM_HIAJGS_7DUIMDF@RHU
[RM_DQCA>IDQFDQCAC7C#DGBUQDS>QJTUBC7C@RHU
/#QIUH_DQCA@RHU
/#QIUH_QJTUB
QDQN9@IDQFDQCAC7C<QJTUBC7C@IGDP@RM_QJTUB@BSQJQC]#RM_QJTUB_HOMQDGP>7QKHOMQDGPC7C@RHU
RM_QJTUB_7DUIMDF>7QKHOMQDGPC7C#RM_QJTUB>HIAJGSC7C@RHU
RM_HIAJGS_7DUIMDF>JGSKPC7C#RM_HIAJGS>HIAJGSC7C@RHU
RM_7QK_HOMQDGP>JGSKPC7C#RM_7QK_HOMQDGP>7QKHOMQDGPC7C@RHU
RM_QJTUB_HOMQDGP>JGSKPC7C#RM_QJTUB_HOMQDGP>7QKHOMQDGPC7C@RHU
DGBUQDS>QJTUBC7C#RM_DQCA>IDQfDQCac4c@RHU
RM_QJTUB_7DUIMDF>7QKHOMQDGPC7C#RM_QJTUB>QJTUBC7C@QDQN9
HIAJGSC7C<JGSKPC7C<IDQFDQCAC7C<QJTUBC7C<7QKHOMQDGPC7C@IGDP
z<QJGD<vvvvV<'"'@$@QIUH_HIAJGS@$@'"'@$']'@BSQJQC

HGMHA

[RM_DQCA>IDQFDQCAC7C#DGBUQDS>QJTUBC7C@RHU@/#QIUH_DQCA@RHU@/#QIUH_QJTUB
QDQN9@IDQFDQCAC7C<QJTUBC7C@IGDP@RM_QJTUB@BSQJQC]#RM_QJTUB_HOMQDGP@RHU
DGBUQDS>QJTUBC7C#RM_DQCA>IDQfDQCac4c@RHU
RM_QJTUB_7DUIMDF>7QKHOMQDGPC7C#RM_QJTUB>QJTUBC7C
QDQN9
IDQFDQCAC7C<QJTUBC7C<7QKHOMQDGPC7C@IGDP
Z<QJGD<vvvvV<QIUH_QJTUB@$@'@cqshqdqpqd@'@BSQJQC

HGMHA

/#QIUH_DQCA@RHU@/#QIUH_QJTUB@RHU
DGBUQDS>QJTUBC7C#RM_DQCA>IDQfDQCac4c@RHU
RM_QJTUB_HOMQDGP>7QKHOMQDGPC7C#RM_QJTUB>QJTUBC7C
QDQN9
IDQFDQCAC7C<QJTUBC7C<7QKHOMQDGPC7C@IGDP
Y<QJGD<vvvvV<'['@BSQJQC

HGMHA

[QJGD@7T@FAGDO
RM_7QK_HOMQDGP>7QKHOMQDGPC7C#RM_7QK_HOMQDGP>JGSKPC7C@RHU
RM_QJTUB>QJTUBC7C#RM_QJTUB_HOMQDGP>JGSKPC7C@RHU
RM_QJTUB>QJTUBC7C#RM_QJTUB_HOMQDGP>7QKHOMQDGPC7C@RHU
DGBUQDS>QJTUBC7C#RM_DQCA>IDQfDQCac4c@RHU
/#QIUH_DQCA@RHU
/#QIUH_QJTUB
QDQN9
IDQFDQCAC7C<QJTUBC7C<7QKHOMQDGPC7C<JGSKPC7C
IGDP@[RM_HIAJGS_HOMQDGP]HMI@BSQJQC]HM@BGH@RM_HIAJGS_HOMQDGP>JGSKPC7C@RHU
RM_HIAJGS_HOMQDGP>JGSKPC7C#RM_HIAJGS>HIAJGSC7C@RHU
RM_7QK_HOMQDGP>7QKHOMQDGPC7C#RM_7QK_HOMQDGP>JGSKPC7C@RHU
RM_QJTUB>QJTUBC7C#RM_QJTUB>HIAJGSC7C@RHU
RM_QJTUB>QJTUBC7C#RM_QJTUB_HOMQDGP>JGSKPC7C@RHU
RM_QJTUB>QJTUBC7C#RM_QJTUB_HOMQDGP>7QKHOMQDGPC7C@RHU
DGBUQDS>QJTUBC7C#RM_DQCA>IDQfDQCac4c@RHU
/#QIUH_DQCA@RHU
/#QIUH_QJTUB
QDQN9
IDQFDQCAC7C<QJTUBC7C<HIAJGSC7C<7QKHOMQDGPC7C<JGSKPC7C
IGDP@X<QJGD<vvvvV<'"'@$@QIUH_HIAJGS@$@'"'@$@'<'@BSQJQC

HGMHA

[QJGD@7T@FAGDO
RM_7QK_HOMQDGP>7QKHOMQDGPC7C#RM_7QK_HOMQDGP>JGSKPC7C@RHU
RM_QJTUB>QJTUBC7C#RM_QJTUB_HOMQDGP>JGSKPC7C@RHU
RM_QJTUB>QJTUBC7C#RM_QJTUB_HOMQDGP>7QKHOMQDGPC7C@RHU
DGBUQDS>QJTUBC7C#RM_DQCA>IDQfDQCac4c@RHU
/#QIUH_DQCA@RHU
/#QIUH_QJTUB
QDQN9
IDQFDQCAC7C<QJTUBC7C<7QKHOMQDGPC7C<JGSKPC7C
IGDP@[RM_HIAJGS_HOMQDGP]HMI@BSQJQC]@HM@RM_HIAJGS_HOMQDGP>JGSKPC7C@RHU
RM_HIAJGS_HOMQDGP>JGSKPC7C#RM_HIAJGS>HIAJGSC7C@RHU
RM_7QK_HOMQDGP>7QKHOMQDGPC7C#RM_7QK_HOMQDGP>JGSKPC7C@RHU
RM_QJTUB>QJTUBC7C#RM_QJTUB>HIAJGSC7C@RHU
RM_QJTUB>QJTUBC7C#RM_QJTUB_HOMQDGP>JGSKPC7C@RHU
RM_QJTUB>QJTUBC7C#RM_QJTUB_HOMQDGP>7QKHOMQDGPC7C@RHU
DGBUQDS>QJTUBC7C#RM_DQCA>IDQfDQCac4c@RHU
/#QIUH_DQCA@RHU
/#QIUH_QJTUB
QDQN9
IDQFDQCAC7C<QJTUBC7C<HIAJGSC7C<7QKHOMQDGPC7C<JGSKPC7C
IGDP@W<QJGD<vvvvV<'"'@$@QIUH_HIAJGS@$@'"'@BSQJQC

HGMHA

/#QIUH_DQCA@RHU
/#QIUH_QJTUB@RHU
DGBUQDS>QJTUBC7C#RM_DQCA>IDQfDQCac4c@RHU
RM_QJTUB_HOMQDGP>7QKHOMQDGPC7C#RM_QJTUB>QJTUBC7C
QDQN9
IDQFDQCAC7C<QJTUBC7C<7QKHOMQDGPC7C@IGDP
V<QJGD<vvvvV<']@4qk@homqdgp@'@$@'"'@$@QJGD@$@'"'@$@'@bhmudbchgs@rru@'@$@'"'@$@QIUH_QJTUB@$@'"'@$@'@qjtub@dqbju'
$@@[vV]duns@$@[XV]duns@$@'-DGBUHMIDQb7DQAe_DU1jecHM2-'@$@[vV]duns@$@[XV]duns@BSQJQC



-DGBUHMIDQb7DQAe_DU1jecHM2-

Y<X<W@7T@DQRDG
[/#QIUH_DQCA@RHU
DGBUQDS>QJTUBC7C#RM_DQCA>IDQFDQCAC7C@RHU
'4'#7QKF@RHU
'f'#QF7B_BHMUDBCHGS@RHU
/#QIUH_QJTUB@RHU
RM_QJTUB>QJTUBC7C#RM_QJTUB>HIAJGSC7C@RHU
RM_QJTUB>BHMUDBCHGSC7C#RM_QJTUB>QJTUBC7C
QDQN9@IDQFDQCAC7C<HIAJGSC7C<BHMUDBCHGSC7C<QJTUBC7C
IGDP@[RM_HIAJGS>HIAJGSC7C]HMI@BSQJQC]#RM_HIAJGS>HIAJGSC7C@RHU
/#QIUH_DQCA@RHU
DGBUQDS>QJTUBC7C#RM_DQCA>IDQFDQCAC7C@RHU
'4'#7QKF@RHU
'f'#QF7B_BHMUDBCHGS@RHU
/#QIUH_QJTUB@RHU
RM_QJTUB>QJTUBC7C#RM_QJTUB>HIAJGSC7C@RHU
RM_QJTUB>BHMUDBCHGSC7C#RM_QJTUB>QJTUBC7C
QDQN9@IDQFDQCAC7C<HIAJGSC7C<BHMUDBCHGSC7C<QJTUBC7C
IGDP@V<''<YvvW<'['@BSQJQC

HGMHA

[/#QIUH_DQCA@RHU
DGBUQDS>QJTUBC7C#RM_DQCA>IDQFDQCAC7C@RHU
'4'#7QKF@RHU
'f'#QF7B_BHMUDBCHGS@RHU
/#QIUH_QJTUB@RHU
RM_QJTUB>QJTUBC7C#RM_QJTUB>HIAJGSC7C@RHU
RM_QJTUB>BHMUDBCHGSC7C#RM_QJTUB>QJTUBC7C@QDQN9
IDQFDQCAC7C<HIAJGSC7C<BHMUDBCHGSC7C<QJTUBC7C@IGDP
[RM_HIAJGS>HIAJGSC7C]HMI@BSQJQC]
.RM_HIAJGS>HIAJGSC7C@RHU
/#QIUH_DQCA@RHU
DGBUQDS>QJTUBC7C#RM_DQCA>IDQFDQCAC7C@RHU
'4'#7QKF@RHU
'f'#QF7B_BHMUDBCHGS@RHU
/#QIUH_QJTUB@RHU
RM_QJTUB>QJTUBC7C#RM_QJTUB>HIAJGSC7C@RHU
RM_QJTUB>BHMUDBCHGSC7C#RM_QJTUB>QJTUBC7C
QDQN9@IDQFDQCAC7C<HIAJGSC7C<BHMUDBCHGSC7C<QJTUBC7C
IGDP@V<''<XvvW<'"'@$@QIUH_HIAJGS@$@'"'@$'<'@BSQJQC

HGMHA

[/#QIUH_DQCA@RHU
'4'#7QKF@RHU
'f'#QF7B_BHMUDBCHGS@RHU
/#QIUH_QJTUB@RHU
DGBUQDS>QJTUBC7C#RM_DQCA>IDQFDQCAC7C@RHU
RM_QJTUB>QJTUBC7C#RM_QJTUB>HIAJGSC7C@RHU
RM_QJTUB>BHMUDBCHGSC7C#RM_QJTUB>QJTUBC7C
QDQN9@IDQFDQCAC7C<HIAJGSC7C<BHMUDBCHGSC7C<QJTUBC7C
IGDP@[RM_HIAJGS>HIAJGSC7C]HMI@BSQJQC]#RM_HIAJGS>HIAJGSC7C@RHU
/#QIUH_DQCA@RHU
'4'#7QKF@RHU
'f'#QF7B_BHMUDBCHGS@RHU
/#QIUH_QJTUB@RHU
DGBUQDS>QJTUBC7C#RM_DQCA>IDQFDQCAC7C@RHU
RM_QJTUB>QJTUBC7C#RM_QJTUB>HIAJGSC7C@RHU
RM_QJTUB>BHMUDBCHGSC7C#RM_QJTUB>QJTUBC7C
QDQN9@IDQFDQCAC7C<HIAJGSC7C<BHMUDBCHGSC7C<QJTUBC7C
IGDP@V<''<WvvW<'"'@$@QIUH_HIAJGS@$@'"'@BSQJQC

HGMHA

/#QIUH_DQCA@RHU
'4'#7QKF@RHU
'f'#QF7B_BHMUDBCHGS@RHU
/#QIUH_QJTUB@RHU
DGBUQDS>QJTUBC7C#RM_DQCA>IDQfDQCac4c@@RHU
RM_QJTUB>QJTUBC7C#RM_QJTUB>HIAJGSC7C@RHU@RM_QJTUB>BHMUDBCHGSC7C#RM_QJTUB>QJTUBC7C
QDQN9@IDQFDQCAC7C<HIAJGSC7C<BHMUDBCHGSC7C<QJTUBC7C@IGDP
V<''<VvvW<']@4qk@4duimdf@'@$@'"'@$@QIUH_BHMUDBCHGS@$@'"'@$@'@bhmudbchgs@rru@'@$@'"'@$@/@$@'"'@$@'>'@$@'"'@$@/@$@'"'@$@'@qjtub@dqbju'
$@@[vV]duns@$@[XV]duns@$@'-DGBUHMIDQb7DQAe_DU1jecHM2-'@$@[vV]duns@$@[XV]duns@BSQJQC
7Qk@7DUIMDf%%


-DGBUHMIDQb7DQAe_DU1jecHM2-
Y<X<W@7T@DQRDG

V<''<vvvW<'['@BSQJQC

HGMHA

/#QIUH_DQCA@RHU
V.RM_HIAJGS@RHU
/#QIUH_QJTUB@RHU
DGBUQDS>QJTUBC7C#RM_DQCA>IDQfDQCac4c@RHU
RM_HMUIGR>HMUIGRC7C#RM_HMUIGR>HIAJGSC7C@RHU
RM_QJTUB>HIAJGSC7C#RM_QJTUB>QJTUBC7C@QDQN9
IDQFDQCAC7C<HMUIGRC7C<HIAJGSC7C<QJTUBC7C@IGDP
V<''<V$RM_HIAJGS<
RHQ
(BJAUPQR)@$@'@bjaupqr@'@QCJQ
'@'@HQNB@'Gh'@HQN9
['Gh'<(BJAUPQR)]qscqjugs@QCUS
$@RHQ
'jjah'@HQNB@'4'@HQN9
'jjah@bgh'@HQNB@'h'@HQN9
CJJAH@QCUS@$@'@'@$
RHQ
'@['@$@[NBRM9]ohmdbc@$@']@'@$@QIUH_HMUIGR
QCJQ
'QBUR'@HQNB@'QBUR'@HQN9
'DQOQBHM'@HQNB@'DQOQBHM'@HQN9
QIUH_HMUIGR@QCUS
$@'@'@$@'"'@$@QIUH_HIAJGS@$@'"'@$@'<'@BSQJQC

HGMHA

/#QIUH_DQCA@RHU
V#RM_HIAJGS@RHU
/#QIUH_QJTUB@RHU
DGBUQDS>QJTUBC7C#RM_DQCA>IDQfDQCac4c@RHU
RM_HMUIGR>HMUIGRC7C#RM_HMUIGR>HIAJGSC7C@RHU
RM_QJTUB>HIAJGSC7C#RM_QJTUB>QJTUBC7C@QDQN9
IDQFDQCAC7C<HMUIGRC7C<HIAJGSC7C<QJTUBC7C@IGDP
V<''<W<
RHQ
(BJAUPQR)@$@'@bjaupqr@'@QCJQ
'@'@HQNB@'Gh'@HQN9
['Gh'<(BJAUPQR)]qscqjugs@QCUS
$@RHQ
'jjah'@HQNB@'4'@HQN9
'jjah@bgh'@HQNB@'h'@HQN9
CJJAH@QCUS
$@'@'@$
RHQ
'@['@$@[NBRM9]ohmdbc@$@']@'@$@QIUH_HMUIGR
QCJQ
'QBUR'@HQNB@'QBUR'@HQN9
'DQOQBHM'@HQNB@'DQOQBHM'@HQN9
QIUH_HMUIGR@QCUS
$@'@'@$@'"'@$@QIUH_HIAJGS@$@'"'@BSQJQC

HGMHA

V<''<V<']'@$@'"'@$@/@$@'"'@$@'>'@$@'"'@$@/@$@'"'@$@'@qjtub@qbuqds'@BSQJQC
	
			]]></sqlString>
			<paramList>
				<param position="1" datatype="VARCHAR" value="WinSQL_SCHEMA"  tag="1"/>
				<param position="2" datatype="VARCHAR" value="WinSQL_OBJNAME"  tag="1"/>
				<param position="3" datatype="VARCHAR" value="WinSQL_OBJNAME"  tag="1"/>
				<param position="4" datatype="VARCHAR" value="WinSQL_SCHEMA"  tag="1"/>
				<param position="5" datatype="VARCHAR" value="WinSQL_OBJNAME"  tag="1"/>
				<param position="6" datatype="VARCHAR" value="WinSQL_SCHEMA"  tag="1"/>
				<param position="7" datatype="VARCHAR" value="WinSQL_SCHEMA"  tag="1"/>
				<param position="8" datatype="VARCHAR" value="WinSQL_OBJNAME"  tag="1"/>
				<param position="9" datatype="VARCHAR" value="WinSQL_OBJNAME"  tag="1"/>
				<param position="10" datatype="VARCHAR" value="WinSQL_SCHEMA"  tag="1"/>
				<param position="11" datatype="VARCHAR" value="WinSQL_OBJNAME"  tag="1"/>
				<param position="12" datatype="VARCHAR" value="WinSQL_SCHEMA"  tag="1"/>
				<param position="13" datatype="VARCHAR" value="WinSQL_OBJNAME"  tag="1"/>
				<param position="14" datatype="VARCHAR" value="WinSQL_SCHEMA"  tag="1"/>
				<param position="15" datatype="VARCHAR" value="WinSQL_OBJNAME"  tag="1"/>
				<param position="16" datatype="VARCHAR" value="WinSQL_SCHEMA"  tag="1"/>
				<param position="17" datatype="VARCHAR" value="WinSQL_OBJNAME"  tag="1"/>
				<param position="18" datatype="VARCHAR" value="WinSQL_SCHEMA"  tag="1"/>
				<param position="19" datatype="VARCHAR" value="WinSQL_OBJNAME"  tag="1"/>
				<param position="20" datatype="VARCHAR" value="WinSQL_SCHEMA"  tag="1"/>
				<param position="21" datatype="VARCHAR" value="WinSQL_OBJNAME"  tag="1"/>
				<param position="22" datatype="VARCHAR" value="WinSQL_SCHEMA"  tag="1"/>
				<param position="23" datatype="VARCHAR" value="WinSQL_OBJNAME"  tag="1"/>
				<param position="24" datatype="VARCHAR" value="WinSQL_SCHEMA"  tag="1"/>
				<param position="25" datatype="VARCHAR" value="WinSQL_OBJNAME"  tag="1"/>
				<param position="26" datatype="VARCHAR" value="WinSQL_SCHEMA"  tag="1"/>
				<param position="27" datatype="VARCHAR" value="WinSQL_OBJNAME"  tag="1"/>
				<param position="28" datatype="VARCHAR" value="WinSQL_SCHEMA"  tag="1"/>
				<param position="29" datatype="VARCHAR" value="WinSQL_OBJNAME"  tag="1"/>
				<param position="30" datatype="VARCHAR" value="WinSQL_SCHEMA"  tag="1"/>
				<param position="31" datatype="VARCHAR" value="WinSQL_OBJNAME"  tag="1"/>
				<param position="32" datatype="VARCHAR" value="WinSQL_SCHEMA"  tag="1"/>
				<param position="33" datatype="VARCHAR" value="WinSQL_OBJNAME"  tag="1"/>
				<param position="34" datatype="VARCHAR" value="WinSQL_SCHEMA"  tag="1"/>
				<param position="35" datatype="VARCHAR" value="WinSQL_OBJNAME"  tag="1"/>
				<param position="36" datatype="VARCHAR" value="WinSQL_SCHEMA"  tag="1"/>
				<param position="37" datatype="VARCHAR" value="WinSQL_OBJNAME"  tag="1"/>
				<param position="38" datatype="VARCHAR" value="WinSQL_SCHEMA"  tag="1"/>
				<param position="39" datatype="VARCHAR" value="WinSQL_OBJNAME"  tag="1"/>
				<param position="40" datatype="VARCHAR" value="WinSQL_SCHEMA"  tag="1"/>
				<param position="41" datatype="VARCHAR" value="WinSQL_OBJNAME"  tag="1"/>
				<param position="42" datatype="VARCHAR" value="WinSQL_SCHEMA"  tag="1"/>
				<param position="43" datatype="VARCHAR" value="WinSQL_OBJNAME"  tag="1"/>
				<param position="44" datatype="VARCHAR" value="WinSQL_SCHEMA"  tag="1"/>
				<param position="45" datatype="VARCHAR" value="WinSQL_OBJNAME"  tag="1"/>
				<param position="46" datatype="VARCHAR" value="WinSQL_SCHEMA"  tag="1"/>
				<param position="47" datatype="VARCHAR" value="WinSQL_OBJNAME"  tag="1"/>
				<param position="48" datatype="VARCHAR" value="WinSQL_SCHEMA"  tag="1"/>
				<param position="49" datatype="VARCHAR" value="WinSQL_OBJNAME"  tag="1"/>
				<param position="50" datatype="VARCHAR" value="WinSQL_SCHEMA"  tag="1"/>
			</paramList>
		</query>		
	</createTableDDL>
	
	
	
	
	<!-- The storedProcedure element tells WinSQL how to process a Stored procedure -->
	<storedProcedures supported="yes">
		<storedProcDDL supported="yes">
			<query>
				<sqlString><![CDATA[ sp_helptext ? ]]></sqlString>
				<paramList>
					<param position="1" datatype="VARCHAR" value="WinSQL_FULLOBJNAME" tag="1"/>
				</paramList>
			</query>
		</storedProcDDL>
	</storedProcedures>
	<!-- 
	TRIGGERS

	 -->
	<triggers supported="yes">
		<!-- 
			The first element is for the retrieval of the SQL script that created the triggers.
			It must return 3 fields. 
			Field 1 - Trigger Name. If name is unknown, the query must return 'Not available'.
			Field 2 - Trigger Type. This can be either Insert, Update or Delete
			Field 3 - Trigger Text. This is the sql script that was used to create the trigger.
		 -->
		<triggerDDL  supported="yes">
			<query>
				<sqlString><![CDATA[ select trigname,'I',trigdefn from systriggers where tname=?]]></sqlString>
				<paramList>
					<param position="1" datatype="VARCHAR" value="WinSQL_OBJNAME" tag="1"/>
				</paramList>
			</query>
		</triggerDDL>
	</triggers>
	
	
	
	<explain supported="true">
	    <prereqTables4Explain />	    	
	    <prereqDDL4Explain />
	    
	    <explainQueryInsert>
	    </explainQueryInsert>
	    
	    <explainQueryDelete required="true">
	    </explainQueryDelete>
	    
	    <explainQuerySelect displayType="text"><![CDATA[
	  SET SHOWPLAN_TEXT ON
	%WinSQLVar_QueryTerminator%
	$WINSQL_QUERY_STRING
	%WinSQLVar_QueryTerminator%
	SET SHOWPLAN_TEXT OFF
	    ]]>
	    </explainQuerySelect>	    
	</explain>
	
	
	
	<!-- Following is a list of extended elements.
		The immediate children of extendedNodes element MUST be a level1 element.
		The name of the element will appear as the header in the TreeView control
		
		Attribute description:
			name - This is the name that will appear in TreeView.
			displayType - This is where the result of the query will
						  get displayed. The possible values are:
						  
						  WinSQL_TreeView
						  WinSQL_GridView
						  WinSQL_ListView
						  WinSQL_TextView
						  
						  In case of WinSQL_TreeView, only the first column will
						  get displayed. 
						  
						  In case of WinSQL_ListView, only the first row of the
						  resultset will be displayed.
						  
						  In case of WinSQL_TextView, the text
						  will be tab delimited if more than one column is found.
			hasChildren - If yes, there can be another level node
	-->
	<extendedNodes>
		<extension level="1" name="User Functions" displayType="WinSQL_TreeView" hasChildren="yes" useInDBDiff="no">	
			<query>
				<sqlString><![CDATA[
				select p.proname from pg_proc p, pg_language l where p.prolang = l.oid and l.lanname <> 'internal'		
				 ]]></sqlString>
				<!-- Level 1 extensions CANNOT HAVE ANY PARAMETERS  -->
				<paramList>	</paramList>
			</query>
			<extension level="2" name="Table Space Detail" displayType="WinSQL_TextView" hasChildren="no" useInDBDiff="no">	
				<query>
					<sqlString><![CDATA[
					select prosrc from pg_proc where proname = ? 				
					 ]]></sqlString>
					<paramList>
						<param position="1" datatype="VARCHAR" value="WinSQL_PARENTVALUE" tag="1"/>
					</paramList>
				</query>
			</extension> 
		</extension>
		<!-- Extension number 2 -->
		<extension level="1" name="Packages" displayType="WinSQL_TreeView" hasChildren="yes" useInDBDiff="no">	
			<query>
				<sqlString><![CDATA[
				select RTRIM(PKGSCHEMA) || '.' || RTRIM(PKGNAME) from syscat.packages
				 ]]></sqlString>
				<!-- Level 1 extensions CANNOT HAVE ANY PARAMETERS  -->
				<paramList>	</paramList>
			</query>
			<extension level="2" name="Package Detail" displayType="WinSQL_ListView" hasChildren="no" useInDBDiff="no">	
				<query>
					<sqlString><![CDATA[
					select * from syscat.packages
					where RTRIM(PKGSCHEMA) || '.' || RTRIM(PKGNAME) = ?
 				
					 ]]></sqlString>
					<paramList>
						<param position="1" datatype="VARCHAR" value="WinSQL_PARENTVALUE" tag="1"/>
					</paramList>
				</query>
			</extension> 
		</extension>
		<!-- Extension number 3. This is for functions. Here the tag value matters
			Tag is the link between a master detail query. The tag number represents
			the column number in the parent query -->
		<extension level="1" name="Functions" displayType="WinSQL_TreeView" hasChildren="yes" useInDBDiff="no">	
			<query>
				<sqlString><![CDATA[
				select RTRIM(FUNCSCHEMA) || '.' || RTRIM(FUNCNAME), RTRIM(SPECIFICNAME) from SYSCAT.FUNCTIONS
				 ]]></sqlString>
				<!-- Level 1 extensions CANNOT HAVE ANY PARAMETERS  -->
				<paramList>	</paramList>
			</query>
			<extension level="2" name="Function Detail" displayType="WinSQL_GridView" hasChildren="no" useInDBDiff="no">	
				<query>
					<sqlString><![CDATA[
					select ORDINAL Position, 'Parameter' Type, TYPENAME DataType, LENGTH , SCALE from SYSCAT.FUNCPARMS where ROWTYPE = 'P' and SPECIFICNAME = ?
					UNION
					select ORDINAL Position, 'Return Type' Type, TYPENAME DataType, LENGTH , SCALE from SYSCAT.FUNCPARMS where ROWTYPE <> 'P' and SPECIFICNAME = ? 
					order by 1
					 ]]></sqlString>
					<paramList>
						<param position="1" datatype="VARCHAR" value="WinSQL_PARENTVALUE" tag="2"/>
						<param position="2" datatype="VARCHAR" value="WinSQL_PARENTVALUE" tag="2"/>
					</paramList>
				</query>
			</extension> 
		</extension>
	</extendedNodes>
	
	<parameters>
            <parameter name="RequireParenInSPIfNoParam" value="yes" />
	    <parameter name="FetchParentRelationship" value="yes" />
	    <parameter name="FetchDependentRelationship" value="yes" />
        </parameters>
	
	
	 <adminTasks>

        <adminTask appliesTo="WinSql_INDEX"
                    id="WinSQL_NewIndex"
                    name="Create New Index"
                    promptType="Dialog" templateType="preDefined"
                    title="New index wizard"
                    menuSeperator="0">
            <sqlString><![CDATA[CREATE ? ? INDEX ? ON ? 
    (?)


                ]]></sqlString>

            <paramList>

                <param position="1" paramType="Option" value="UNIQUE" mandatory="false"  control="checkbox" bounds="100, 125, 200, 20" label="Unique" labelBounds="-1" prefixValue="" postfixValue="" separator="" enclosedStart="" enclosedEnd="" tabOrder="4" hint="Check to create a unique index" />
                <param position="3" paramType="Textbox" value="" mandatory="true"  control="editbox" bounds="100, 10, 200, 20" label="Index Name" labelBounds="5, 10, 90, 20" prefixValue="" postfixValue="" separator="" enclosedStart="" enclosedEnd="" tabOrder="1" hint="The name of index to be created. This is a mandatory field." />
                <param position="4" paramType="ParentText" value="WinSQL_FULLOBJNAME" mandatory="true" control="label" bounds="0, 0, 0, 0" label="" prefixValue="" postfixValue=""  separator="" enclosedStart=""   tabOrder="" hint="" />
                <param position="5" paramType="ParentPickList" value="WinSQL_TABLEFIELDS" mandatory="true" control="checklistbox" bounds="100, 35, 200, 60" label="Fields" labelBounds="5, 35, 90, 60"  prefixValue="" postfixValue=""  separator="," enclosedStart=""  enclosedEnd=""  tabOrder="2" hint=" The name of a column of the table." />
                <param position="2" paramType="PickList" value=" |CLUSTERED|NONCLUSTERED" mandatory="false" control="combobox" bounds="100, 100, 200, 20" label="Type" labelBounds="5, 100, 90, 20"  prefixValue="" postfixValue=""  separator="" enclosedStart=""  enclosedEnd=""  tabOrder="3" hint=" The type of index to be created.The default type is NONCLUSTERED." />

            </paramList>


        </adminTask>

        <adminTask appliesTo="WinSql_RENAME_TABLE"
                    id="WinSQL_RenameTable"
                    name="Rename Table"
                    promptType="Dialog" templateType="custom"
                    title="Rename Table"
                    menuSeperator="0">
            <sqlString><![CDATA[ ALTER TABLE "?" RENAME "?"

                ]]></sqlString>

            <paramList>

	          <param position="1" paramType="SQLLookup" value="" mandatory="true"  control="combobox" bounds="100, 10, 200, 20" label="Table Name" labelBounds="5, 10, 90, 20" prefixValue="" postfixValue="" separator="" enclosedStart=""  enclosedEnd=""  tabOrder="1" hint="Table that needs to be renamed." >
                <lookupSQL>
                <![CDATA[
                select table_name from systable order by table_name
                ]]>
                </lookupSQL>
                </param>
		    <param position="2" paramType="Textbox" value="" mandatory="true"  control="editbox" bounds="100, 35, 200, 20" label="New Name" labelBounds="5, 35, 90, 20" prefixValue="" postfixValue="" separator="" enclosedStart="" enclosedEnd="" tabOrder="2" hint="The new name for the table." />

            </paramList>


        </adminTask>

        <adminTask appliesTo="WinSql_RENAME_INDEX"
                    id="WinSQL_RenameINDEX"
                    name="Rename Index"
                    promptType="Dialog" templateType="custom"
                    title="Rename INDEX"
                    menuSeperator="0">
            <sqlString><![CDATA[ ALTER INDEX ? ON ? RENAME TO ?

                ]]></sqlString>

            <paramList>

	          <param position="1" paramType="SQLLookup" value="" mandatory="true"  control="combobox" bounds="100, 10, 200, 20" label="Index Name" labelBounds="5, 10, 90, 20" prefixValue="" postfixValue="" separator="" enclosedStart=""  enclosedEnd=""  tabOrder="1" hint="Index that needs to be renamed." >
                <lookupSQL>
                <![CDATA[
                select index_name from sysindex order by index_name
                ]]>
                </lookupSQL>
                </param>
	          <param position="2" paramType="SQLLookup" value="" mandatory="true"  control="combobox" bounds="100, 35, 200, 20" label="Table Name" labelBounds="5, 35, 90, 20" prefixValue="" postfixValue="" separator="" enclosedStart=""  enclosedEnd=""  tabOrder="2" hint="Table for which the index needs to be renamed." >
                <lookupSQL>
                <![CDATA[
                select table_name from systable order by table_name
                ]]>
                </lookupSQL>
                </param>

		    <param position="3" paramType="Textbox" value="" mandatory="true"  control="editbox" bounds="100, 60, 200, 20" label="New Name" labelBounds="5, 60, 90, 20" prefixValue="" postfixValue="" separator="" enclosedStart="" enclosedEnd="" tabOrder="3" hint="The new name for the index." />

            </paramList>


        </adminTask>


        <adminTask appliesTo="WinSql_BACKUP_DB"
                    id="WinSQL_BACKUP_DB"
                    name="Back Up DataBase"
                    promptType="Dialog" templateType="custom"
                    title="Back Up"
                    menuSeperator="0">
            <sqlString><![CDATA[ 	BACKUP DATABASE DIRECTORY '?'
?
?
?
?
?
?
                ]]></sqlString>

            <paramList>
		    <param position="1" paramType="Textbox" value="" mandatory="true"  control="editbox" bounds="100,10, 200, 20" label="Directory Name" labelBounds="5, 10, 90, 20" prefixValue="" postfixValue="" separator="" enclosedStart="" enclosedEnd="" tabOrder="1" hint="The location where backup files will be created." />
		    <param position="2" paramType="Option" value="WAIT BEFORE START" mandatory="false"  control="checkbox" bounds="100, 35, 200, 20" label="WAIT BEFORE START" labelBounds="-1" prefixValue="" postfixValue="" separator="" enclosedStart="" enclosedEnd="" tabOrder="2" hint="This clause ensures that the backup copy of the database does not contain any information required for recovery." />
		    <param position="3" paramType="Option" value="WAIT AFTER END" mandatory="false"  control="checkbox" bounds="100, 60, 200, 20" label="WAIT AFTER END" labelBounds="-1" prefixValue="" postfixValue="" separator="" enclosedStart="" enclosedEnd="" tabOrder="3" hint="This clause may be used if the transaction log is being renamed or truncated." />
		    <param position="4" paramType="PickList" value=" |DBFILE ONLY|TRANSACTION LOG ONLY" mandatory="false" control="combobox" bounds="100, 85, 200, 20" label="Type" labelBounds="5, 85, 90, 20"  prefixValue="" postfixValue=""  separator="" enclosedStart=""  enclosedEnd=""  tabOrder="4" hint=" This option will back up only the selected type file.If no option is defined both files will be backed up" />
		    <param position="5" paramType="PickList" value=" |TRANSACTION LOG RENAME MATCH|TRANSACTION LOG TRUNCATE" mandatory="false" control="combobox" bounds="100, 110, 200, 20" label="Log Option" labelBounds="5, 110, 90, 20"  prefixValue="" postfixValue=""  separator="" enclosedStart=""  enclosedEnd=""  tabOrder="5" hint="Log options to customize back up" />
		    <param position="6" paramType="Option" value="ON EXISTING ERROR" mandatory="false"  control="checkbox" bounds="100, 135, 200, 20" label="ON EXISTING ERROR" labelBounds="-1" prefixValue="" postfixValue="" separator="" enclosedStart="" enclosedEnd="" tabOrder="6" hint="If this clause is used, an error occurs if any of the files to be created by the backup already exist." />
		    <param position="7" paramType="PickList" value="ON|OFF" mandatory="false" control="combobox" bounds="100, 160, 200, 20" label="History" labelBounds="5, 160, 90, 20"  prefixValue="HISTORY " postfixValue=""  separator="" enclosedStart=""  enclosedEnd=""  tabOrder="7" hint="Log options to customize back up" />
            </paramList>


        </adminTask>
    </adminTasks>
	
</WinSQLDatabaseType>