<?xml version="1.0" encoding="iso-8859-1" ?>

<!-- 
Following variables are considered as keyword by WinSQL and can appear either in 
elements or attribute values.

WinSQL_SCHEMA			  __ Owner of the object. Will get replaced at run time automatically
WinSQL_OBJNAME		  __ Any object. Could be table, view, trigger, stored procedure, etc.
WinSQL_FULLOBJNAME  __ Any object. This is a combination of schema and objName separated by a dot
WinSQL_PARENTVALUE  __ This is the value returned by the parent query. Is only used in the extension
                       where level is 2.  


	dbName -
		is the Name of the database. This name should be the DBMS Name 
		returned by the ODBC driver. It should match the "DBMS Name" value
		in WinSQL catalog window. WinSQL uses this information to associate
		plugin files to a database. If this information is incorrect, WinSQL
		will not automatically select the Plugin type in the connection window.
	
	dbAlias -
		This is a friendly name for this plugin. This is what appears on the connection
		window.
	 -->
<WinSQLDatabaseType dbName="SQL Server" dbAlias="Sybase SQL Server" version="3.8">
	<view supported="yes">
		<viewDDL supported="yes">
			<query>
				<sqlString postProcessor="3" encrypted="true"><![CDATA[
				
				
'1'@#@QF7B>G@RHU@/@#@QIUH>G@RHU@/@#@QIUH>A@RHU@RMA>A@#@RMA>G@RHU@RM>G@#@RM>S@QDQN9				
A@CDQCAC7C@<G@CBSQLTGC7C@<S@CBHQIIGSC7C@IGDP@B8QB@BSQJQC				
	-DGBUHMIDQb7DQAe_DU1jecHM2-
@
[vV]duns@$@[XV]duns@$@'-DGBUHMIDQb7DQAe_DU1jecHM2-'@$@[vV]duns@$@[XV]duns@@@@
$@'('@$@QIUhQJTUB @$@')>('@$@QIUhDQCA @$@')@9QM0@FGDR'@$@[vV]duns@$@[XV]duns@@@@
$@'[''1''@#@QF7B@RHU@['''@$@QIUhQJTUB @$@'>'@$@QIUhDQCA @$@''']RM_BSQLTG@#@RM@QDQN9@CBSQLTGC7C>GTR@IGDP@*@BSQJQC]@CBCM8Q@PM'@BSQJQC

/@#@QIUhQJTUB @BQC
/@#@QIUhDQCA @BQC

[xWV]DUNSDU0@QIUhQJTUB @<[xWV]DUNSDU0@QIUhDQCA @qdujsqr				

				 ]]></sqlString>
				<paramList>
					<param position="1" datatype="VARCHAR" value="WinSQL_SCHEMA"  tag="1"/>
					<param position="2" datatype="VARCHAR" value="WinSQL_OBJNAME"  tag="1"/>
					<param position="3" datatype="VARCHAR" value="WinSQL_SCHEMA"  tag="1"/>
					<param position="4" datatype="VARCHAR" value="WinSQL_OBJNAME"  tag="1"/>
				</paramList>
			</query>
		</viewDDL>
	</view>
	
	<indexDetails supported="yes">
	    <query>
		<sqlString  encrypted="true"><![CDATA[
/@#@QIUH>A@RHU
/@#@QIUH>VC@RHU
RMA>A@#@RMA>VC@RHU
RM>C@#@RM>VC@RHU
BHQIOQC>WC@#@BHQIOQC>C@RHU
/@#@QIUH>C@QDQN9
A@CDQCAC7C>GTR@<VC@CBSQLTGC7C>GTR@<WC@CBHQIOQCC7C>GTR@<C@CQ8QRHMC7C>GTR@IGDP
(DGBSUp@JJMp)@CU@DGBSUP_JJMP>C@<(C7QK@PG@DQTIAh)@CU@RHQ@@@@
V@%@BHS7QK>C@QCJQ@@@@@@@@
BHS7QK>C@HQNB@V@HQN9@@@@@@@@
RMRHM@QCUS@@@@
<(QIUh@FAGDo)@CU@QIUH>WC@@@@
<(QF7b@8QRHm)@CU@RHQ@'RQDQBCAJs%HGh'@QCJQ@'UBUR@QOUIm@DG@B8Qb'@HQNB@ZZW@HQN9@'RQDQBCAJs'@HQNB@V@HQN9@RMRHM>C@QCUS@BSQJQC
 ]]>
		</sqlString>
		<paramList>
			<param position="1" datatype="VARCHAR" value="WinSQL_INDEXNAME"  tag="1"/>
			<param position="2" datatype="VARCHAR" value="WinSQL_OBJNAME"  tag="2"/>
			<param position="3" datatype="VARCHAR" value="WinSQL_SCHEMA"  tag="3"/>
		</paramList>
	    </query>
	</indexDetails>
	
	
	
	<createIndexDDL supported="yes">
		<query>
		<sqlString encrypted="true"><![CDATA[

BJACQD @BSQJQC
'('@$@QIUhFAGDO @$@')@hg@'@$@BJACQD @#@BJACQD @BQC

[DGBSUPJJMP @<[X]DUNSDU0]bdq1hgs@$@'@#@dgbsupjjmp@nbm2@@@@'@$@[vV]duns@$@[XV]duns@$@BJACQD @#@BJACQD @BQC
[v@.@DGBSUPJJMP ]PM

'['@$@CRJQMP @$@BJACQD @#@BJACQD @BQC

rhq
V@$@7QKRHM @#@7QKRHM @bqc@@@@

'('@$@[7QKRHM @<RMRHM @<QIUhQJTUbM ]jgs_3qrhm@$@')@<'@$@CRJQMP @#@CRJQMP @bqc@qcjq@@@@
'('@$@[7QKRHM @<RMRHM @<QIUhQJTUbM ]jgs_3qrhm@$@')'@#@CRJQMP @bqc@V@#@7QKRHM @pm@@@@
hmoqt
jjah@bgh@cm@[7QKRHM @<RMRHM @<QIUhQJTUbM ]JGS_8QRHM@rhu@zV@#,@7QKRHM @qjmn2
V@#@7QKRHM @bqc

']@('@$@QIUhQJTUbM @$@')>('@$@DQH9gQJTUbM @$@')@hg@@@@'@$@[vV]duns@$@[XV]duns@$@'('@$@QIUh8QRHmM @$@')@3qrhm'@$@BJACQD @#@BJACQD @BQC

'@rqdqbcajs'@$@BJACQD @#@BJACQD @BQC@[V@#@RMRHM ]PM
'@qaemha'@$@BJACQD @#@BJACQD @BQC@v@.,@[W@&@CABUBC ]PM

v#[Yz@&@CABUBC>M]@RHU@ZZW@,@RMRHM@RHU@v@.@RMRHM@RHU
'a'@#@QF7B>C@RHU
QIUhQJTUbM @#@QIUH>C@RHU
BHQIOQC>M@#@BHQIOQC>O@RHU
RMA>C@#@RMA>A@RHU
RM>M@#@RM>C@RHU
qjtumdu1@%%@QIUh8QRHmM @#@QIUH>M@QDQN9
O@CBHQIOQCC7C@<A@CDQCAC7C@<C@CBSQLTGC7C@<M@CQ8QRHMC7C@IGDP
QIUH>O@#@QIUhFAGDO @<DGBSUP_JJMP>M@#@DGBSUPJJMP @@@@@@@
<CABUBC>M@#@CABUBC @<QIUH>M@#@QIUHRHM @<RMRHM@#@RMRHM @bsqjqc

'@qbuqds'@#@BJACQD @BQC

/@#@DQH9gQJTUbM @BQC
/@#@QIUhQJTUbM @BQC
/@#@QIUh8QRHmM @BQC

[zZW]DUNSDU0@DQH9gQJTUbM @<[zZW]DUNSDU0@QIUhQJTUbM @<[zZW]DUNSDU0@QIUh8QRHmM @qdujsqr


[xWV]DUNSDU0@QIUhFAGDO @@@
<BHMJJUIC@DGBSUPJJMP @<[YWvV]DUNSDU0@CRJQMP @@@
<[Yz]DUNSDU0@cQF7BRHM @<[vX]DUNSDU0@QIUH @<BHM@7QKRHM @@@
<BHM@CABUBC @<QIUHC7C@QIUHRHM @<BHMJJUIC@RMRHM @@@
<[YWvV]DUNSDU0@BJACQD <[W]DUNS@QF7B @<BHM@RM @qdujsqr

]]>
		</sqlString>
		<paramList>
			<param position="1" datatype="VARCHAR" value="WinSQL_INDEXNAME"  tag="1"/>
			<param position="2" datatype="VARCHAR" value="WinSQL_OBJNAME"  tag="2"/>
			<param position="3" datatype="VARCHAR" value="WinSQL_SCHEMA"  tag="3"/>
		</paramList>
	    </query>	
	</createIndexDDL>
	
	
	
	
	<createTableDDL supported="yes"> 				
		<query>
			<sqlString postProcessor="1" encrypted="true"><![CDATA[


X@<W@7T@DQRDG

RMA>RJMNS@#@RMA>C@RHU@@@@
QIUhDQCA @#@QIUH>C@RHU@@@@
QIUhQJTUB @#@QIUH>RJMNS@RHU@@@@
RM>RJMNS@#@RMQJTUB>D@QDQN9
C@CDQCAC7C>GTR@@@@
<RJMNS@CBSQLTGC7C>GTR@@@@
<D@CQSHQDQPQDC7C>GTR@IGDP
vvW@<RMDBCHGS>D@<[vV]duns@$@[XV]duns@$@'-DGBUHMIDQb7DQAe_DU1jecHM2-'@$@[vV]duns@$@[XV]duns@$@'['@BSQJQC

HGMHA

RMA>RJMNS@#@RMA>C@RHU@@@@
QIUhDQCA @#@QIUH>C@RHU@@@@
QIUhQJTUB @#@QIUH>RJMNS@RHU@@@@
RM>BHQDUF@#@RMTUBPQD>D@RHU@@@@
RMJGS>VC@#@zV7QKPQD>D@RHU@@@@
RM>RJMNS@#@RMQJTUB>D@RHU@@@@
RMTUBPQD>D@#@RM>VC@QDQN9
C@CDQCAC7C>GTR@@@@
<BHQDUF@CBSQLTGC7C>GTR@<RJMNS@CBSQLTGC7C>GTR@@@@
<VC@CHIAJGSC7C>GTR@<D@CQSHQDQPQDC7C>GTR@IGDP
vW@$@RMJGS>VC@<RMDBCHGS>D@<QIUH>VC@$@'@@@<'@BSQJQC

HGMHA


RMA>RJMNS@#@RMA>C@RHU@@@@
QIUhDQCA @#@QIUH>C@RHU@@@@
QIUhQJTUB @#@QIUH>RJMNS@RHU@@@@
RM>BHQDUF@#@RMTUBPQD>D@RHU@@@@
RMJGS>VC@#@ZV7QKPQD>D@RHU@@@@
RM>RJMNS@#@RMQJTUB>D@RHU@@@@
RMTUBPQD>D@#@RM>VC@QDQN9
C@CDQCAC7C>GTR@@@@
<BHQDUF@CBSQLTGC7C>GTR@<RJMNS@CBSQLTGC7C>GTR@@@@
<VC@CHIAJGSC7C>GTR@<D@CQSHQDQPQDC7C>GTR@IGDP
vW@$@RMJGS>VC@<RMDBCHGS>D@<QIUH>VC@$@'@@@<'@BSQJQC

HGMHA


RMA>RJMNS@#@RMA>C@RHU@@@@
QIUhDQCA @#@QIUH>C@RHU@@@@
QIUhQJTUB @#@QIUH>RJMNS@RHU@@@@
RM>BHQDUF@#@RMTUBPQD>D@RHU@@@@
RMJGS>VC@#@YV7QKPQD>D@RHU@@@@
RM>RJMNS@#@RMQJTUB>D@RHU@@@@
RMTUBPQD>D@#@RM>VC@QDQN9
C@CDQCAC7C>GTR@@@@
<BHQDUF@CBSQLTGC7C>GTR@<RJMNS@CBSQLTGC7C>GTR@@@@
<VC@CHIAJGSC7C>GTR@<D@CQSHQDQPQDC7C>GTR@IGDP
vW@$@RMJGS>VC@<RMDBCHGS>D@<QIUH>VC@$@'@@@<'@BSQJQC

HGMHA


RMA>RJMNS@#@RMA>C@RHU@@@@
QIUhDQCA @#@QIUH>C@RHU@@@@
QIUhQJTUB @#@QIUH>RJMNS@RHU@@@@
RM>BHQDUF@#@RMTUBPQD>D@RHU@@@@
RMJGS>VC@#@XV7QKPQD>D@RHU@@@@
RM>RJMNS@#@RMQJTUB>D@RHU@@@@
RMTUBPQD>D@#@RM>VC@QDQN9
C@CDQCAC7C>GTR@@@@
<BHQDUF@CBSQLTGC7C>GTR@<RJMNS@CBSQLTGC7C>GTR@@@@
<VC@CHIAJGSC7C>GTR@<D@CQSHQDQPQDC7C>GTR@IGDP
vW@$@RMJGS>VC@<RMDBCHGS>D@<QIUH>VC@$@'@@@<'@BSQJQC

HGMHA

RMA>RJMNS@#@RMA>C@RHU@@@@
QIUhDQCA @#@QIUH>C@RHU@@@@
QIUhQJTUB @#@QIUH>RJMNS@RHU@@@@
RM>BHQDUF@#@RMTUBPQD>D@RHU@@@@
RMJGS>VC@#@WV7QKPQD>D@RHU@@@@
RM>RJMNS@#@RMQJTUB>D@RHU@@@@
RMTUBPQD>D@#@RM>VC@QDQN9
C@CDQCAC7C>GTR@@@@
<BHQDUF@CBSQLTGC7C>GTR@<RJMNS@CBSQLTGC7C>GTR@@@@
<VC@CHIAJGSC7C>GTR@<D@CQSHQDQPQDC7C>GTR@IGDP
vW@$@RMJGS>VC@<RMDBCHGS>D@<QIUH>VC@$@'@@@<'@BSQJQC

HGMHA

RMA>RJMNS@#@RMA>C@RHU@@@@
QIUhDQCA @#@QIUH>C@RHU@@@@
QIUhQJTUB @#@QIUH>RJMNS@RHU@@@@
RM>BHQDUF@#@RMTUBPQD>D@RHU@@@@
RMJGS>VC@#@VV7QKPQD>D@RHU@@@@
RM>RJMNS@#@RMQJTUB>D@RHU@@@@
RMTUBPQD>D@#@RM>VC@QDQN9
C@CDQCAC7C>GTR@@@@
<BHQDUF@CBSQLTGC7C>GTR@<RJMNS@CBSQLTGC7C>GTR@@@@
<VC@CHIAJGSC7C>GTR@<D@CQSHQDQPQDC7C>GTR@IGDP
vW@$@RMJGS>VC@<RMDBCHGS>D@<QIUH>VC@$@'@@@<'@BSQJQC

HGMHA

RMA>RJMNS@#@RMA>C@RHU@@@@
QIUhDQCA @#@QIUH>C@RHU@@@@
QIUhQJTUB @#@QIUH>RJMNS@RHU@@@@
RM>BHQDUF@#@RMTUBPQD>D@RHU@@@@
RMJGS>VC@#@vV7QKPQD>D@RHU@@@@
RM>RJMNS@#@RMQJTUB>D@RHU@@@@
RMTUBPQD>D@#@RM>VC@QDQN9
C@CDQCAC7C>GTR@@@@
<BHQDUF@CBSQLTGC7C>GTR@<RJMNS@CBSQLTGC7C>GTR@@@@
<VC@CHIAJGSC7C>GTR@<D@CQSHQDQPQDC7C>GTR@IGDP
vW@$@RMJGS>VC@<RMDBCHGS>D@<QIUH>VC@$@'@@@<'@BSQJQC

HGMHA

RMA>RJMNS@#@RMA>C@RHU@@@@
QIUhDQCA @#@QIUH>C@RHU@@@@
QIUhQJTUB @#@QIUH>RJMNS@RHU@@@@
RM>BHQDUF@#@RMTUBPQD>D@RHU@@@@
RMJGS>VC@#@w7QKPQD>D@RHU@@@@
RM>RJMNS@#@RMQJTUB>D@RHU@@@@
RMTUBPQD>D@#@RM>VC@QDQN9
C@CDQCAC7C>GTR@@@@
<BHQDUF@CBSQLTGC7C>GTR@<RJMNS@CBSQLTGC7C>GTR@@@@
<VC@CHIAJGSC7C>GTR@<D@CQSHQDQPQDC7C>GTR@IGDP
vW@$@RMJGS>VC@<RMDBCHGS>D@<QIUH>VC@$@'@@@<'@BSQJQC

HGMHA

RMA>RJMNS@#@RMA>C@RHU@@@@
QIUhDQCA @#@QIUH>C@RHU@@@@
QIUhQJTUB @#@QIUH>RJMNS@RHU@@@@
RM>BHQDUF@#@RMTUBPQD>D@RHU@@@@
RMJGS>VC@#@x7QKPQD>D@RHU@@@@
RM>RJMNS@#@RMQJTUB>D@RHU@@@@
RMTUBPQD>D@#@RM>VC@QDQN9
C@CDQCAC7C>GTR@@@@
<BHQDUF@CBSQLTGC7C>GTR@<RJMNS@CBSQLTGC7C>GTR@@@@
<VC@CHIAJGSC7C>GTR@<D@CQSHQDQPQDC7C>GTR@IGDP
vW@$@RMJGS>VC@<RMDBCHGS>D@<QIUH>VC@$@'@@@<'@BSQJQC

HGMHA

RMA>RJMNS@#@RMA>C@RHU@@@@
QIUhDQCA @#@QIUH>C@RHU@@@@
QIUhQJTUB @#@QIUH>RJMNS@RHU@@@@
RM>BHQDUF@#@RMTUBPQD>D@RHU@@@@
RMJGS>VC@#@y7QKPQD>D@RHU@@@@
RM>RJMNS@#@RMQJTUB>D@RHU@@@@
RMTUBPQD>D@#@RM>VC@QDQN9
C@CDQCAC7C>GTR@@@@
<BHQDUF@CBSQLTGC7C>GTR@<RJMNS@CBSQLTGC7C>GTR@@@@
<VC@CHIAJGSC7C>GTR@<D@CQSHQDQPQDC7C>GTR@IGDP
vW@$@RMJGS>VC@<RMDBCHGS>D@<QIUH>VC@$@'@@@<'@BSQJQC

HGMHA

RMA>RJMNS@#@RMA>C@RHU@@@@
QIUhDQCA @#@QIUH>C@RHU@@@@
QIUhQJTUB @#@QIUH>RJMNS@RHU@@@@
RM>BHQDUF@#@RMTUBPQD>D@RHU@@@@
RMJGS>VC@#@z7QKPQD>D@RHU@@@@
RM>RJMNS@#@RMQJTUB>D@RHU@@@@
RMTUBPQD>D@#@RM>VC@QDQN9
C@CDQCAC7C>GTR@@@@
<BHQDUF@CBSQLTGC7C>GTR@<RJMNS@CBSQLTGC7C>GTR@@@@
<VC@CHIAJGSC7C>GTR@<D@CQSHQDQPQDC7C>GTR@IGDP
vW@$@RMJGS>VC@<RMDBCHGS>D@<QIUH>VC@$@'@@@<'@BSQJQC

HGMHA

RMA>RJMNS@#@RMA>C@RHU@@@@
QIUhDQCA @#@QIUH>C@RHU@@@@
QIUhQJTUB @#@QIUH>RJMNS@RHU@@@@
RM>BHQDUF@#@RMTUBPQD>D@RHU@@@@
RMJGS>VC@#@Z7QKPQD>D@RHU@@@@
RM>RJMNS@#@RMQJTUB>D@RHU@@@@
RMTUBPQD>D@#@RM>VC@QDQN9
C@CDQCAC7C>GTR@@@@
<BHQDUF@CBSQLTGC7C>GTR@<RJMNS@CBSQLTGC7C>GTR@@@@
<VC@CHIAJGSC7C>GTR@<D@CQSHQDQPQDC7C>GTR@IGDP
vW@$@RMJGS>VC@<RMDBCHGS>D@<QIUH>VC@$@'@@@<'@BSQJQC

HGMHA

RMA>RJMNS@#@RMA>C@RHU@@@@
QIUhDQCA @#@QIUH>C@RHU@@@@
QIUhQJTUB @#@QIUH>RJMNS@RHU@@@@
RM>BHQDUF@#@RMTUBPQD>D@RHU@@@@
RMJGS>VC@#@Y7QKPQD>D@RHU@@@@
RM>RJMNS@#@RMQJTUB>D@RHU@@@@
RMTUBPQD>D@#@RM>VC@QDQN9
C@CDQCAC7C>GTR@@@@
<BHQDUF@CBSQLTGC7C>GTR@<RJMNS@CBSQLTGC7C>GTR@@@@
<VC@CHIAJGSC7C>GTR@<D@CQSHQDQPQDC7C>GTR@IGDP
vW@$@RMJGS>VC@<RMDBCHGS>D@<QIUH>VC@$@'@@@<'@BSQJQC

HGMHA

RMA>RJMNS@#@RMA>C@RHU@@@@
QIUhDQCA @#@QIUH>C@RHU@@@@
QIUhQJTUB @#@QIUH>RJMNS@RHU@@@@
RM>BHQDUF@#@RMTUBPQD>D@RHU@@@@
RMJGS>VC@#@X7QKPQD>D@RHU@@@@
RM>RJMNS@#@RMQJTUB>D@RHU@@@@
RMTUBPQD>D@#@RM>VC@QDQN9
C@CDQCAC7C>GTR@@@@
<BHQDUF@CBSQLTGC7C>GTR@<RJMNS@CBSQLTGC7C>GTR@@@@
<VC@CHIAJGSC7C>GTR@<D@CQSHQDQPQDC7C>GTR@IGDP
vW@$@RMJGS>VC@<RMDBCHGS>D@<QIUH>VC@$@'@@@<'@BSQJQC

HGMHA

RMA>RJMNS@#@RMA>C@RHU@@@@
QIUhDQCA @#@QIUH>C@RHU@@@@
QIUhQJTUB @#@QIUH>RJMNS@RHU@@@@
RM>BHQDUF@#@RMTUBPQD>D@RHU@@@@
RMJGS>VC@#@X7QKPQD>D@RHU@@@@
RM>RJMNS@#@RMQJTUB>D@RHU@@@@
RMTUBPQD>D@#@RM>VC@QDQN9
C@CDQCAC7C>GTR@@@@
<BHQDUF@CBSQLTGC7C>GTR@<RJMNS@CBSQLTGC7C>GTR@@@@
<VC@CHIAJGSC7C>GTR@<D@CQSHQDQPQDC7C>GTR@IGDP
vW@$@RMJGS>VC@<RMDBCHGS>D@<QIUH>VC@$@'@@@<'@BSQJQC

HGMHA

RMA>RJMNS@#@RMA>C@RHU@@@@
QIUhDQCA @#@QIUH>C@RHU@@@@
QIUhQJTUB @#@QIUH>RJMNS@RHU@@@@
RM>BHQDUF@#@RMTUBPQD>D@RHU@@@@
RMJGS>VC@#@W7QKPQD>D@RHU@@@@
RM>RJMNS@#@RMQJTUB>D@RHU@@@@
RMTUBPQD>D@#@RM>VC@QDQN9
C@CDQCAC7C>GTR@@@@
<BHQDUF@CBSQLTGC7C>GTR@<RJMNS@CBSQLTGC7C>GTR@@@@
<VC@CHIAJGSC7C>GTR@<D@CQSHQDQPQDC7C>GTR@IGDP
vW@$@RMJGS>VC@<RMDBCHGS>D@<QIUH>VC@$@'@@@<'@BSQJQC

HGMHA

RMA>RJMNS@#@RMA>C@RHU@@@@
QIUhDQCA @#@QIUH>C@RHU@@@@
QIUhQJTUB @#@QIUH>RJMNS@RHU@@@@
RM>BHQDUF@#@RMTUBPQD>D@RHU@@@@
RMJGS>VC@#@V7QKPQD>D@RHU@@@@
RM>RJMNS@#@RMQJTUB>D@RHU@@@@
RMTUBPQD>D@#@RM>VC@QDQN9
C@CDQCAC7C>GTR@@@@
<BHQDUF@CBSQLTGC7C>GTR@<RJMNS@CBSQLTGC7C>GTR@@@@
<VC@CHIAJGSC7C>GTR@<D@CQSHQDQPQDC7C>GTR@IGDP
vW@$@RMJGS>VC@<RMDBCHGS>D@<QIUH>VC@$@']@'@$@QIUH>BHQDUF@$@'@CQSHQDQPQD@[@@@@'@BSQJQC

HGMHA


RMA>RJMNS@#@RMA>C@RHU@@@@
QIUhDQCA @#@QIUH>C@RHU@@@@
QIUhQJTUB @#@QIUH>RJMNS@RHU@@@@
RMJGS>VC@#@zV7QKGP>D@RHU@@@@
RM>RJMNS@#@RMQJTUB>D@RHU@@@@
RM>RJMNS@#@RM>VC@QDQN9
C@CDQCAC7C>GTR@@@@
<RJMNS@CBSQLTGC7C>GTR@@@@
<VC@CHIAJGSC7C>GTR@<D@CQSHQDQPQDC7C>GTR@IGDP
RMJGS>VC@<RMDBCHGS>D@<QIUH>VC@$@'@@@<'@BSQJQC

HGMHA


RMA>RJMNS@#@RMA>C@RHU@@@@
QIUhDQCA @#@QIUH>C@RHU@@@@
QIUhQJTUB @#@QIUH>RJMNS@RHU@@@@
RMJGS>VC@#@ZV7QKGP>D@RHU@@@@
RM>RJMNS@#@RMQJTUB>D@RHU@@@@
RM>RJMNS@#@RM>VC@QDQN9
C@CDQCAC7C>GTR@@@@
<RJMNS@CBSQLTGC7C>GTR@@@@
<VC@CHIAJGSC7C>GTR@<D@CQSHQDQPQDC7C>GTR@IGDP
RMJGS>VC@<RMDBCHGS>D@<QIUH>VC@$@'@@@<'@BSQJQC

HGMHA


RMA>RJMNS@#@RMA>C@RHU@@@@
QIUhDQCA @#@QIUH>C@RHU@@@@
QIUhQJTUB @#@QIUH>RJMNS@RHU@@@@
RMJGS>VC@#@YV7QKGP>D@RHU@@@@
RM>RJMNS@#@RMQJTUB>D@RHU@@@@
RM>RJMNS@#@RM>VC@QDQN9
C@CDQCAC7C>GTR@@@@
<RJMNS@CBSQLTGC7C>GTR@@@@
<VC@CHIAJGSC7C>GTR@<D@CQSHQDQPQDC7C>GTR@IGDP
RMJGS>VC@<RMDBCHGS>D@<QIUH>VC@$@'@@@<'@BSQJQC

HGMHA


RMA>RJMNS@#@RMA>C@RHU@@@@
QIUhDQCA @#@QIUH>C@RHU@@@@
QIUhQJTUB @#@QIUH>RJMNS@RHU@@@@
RMJGS>VC@#@XV7QKGP>D@RHU@@@@
RM>RJMNS@#@RMQJTUB>D@RHU@@@@
RM>RJMNS@#@RM>VC@QDQN9
C@CDQCAC7C>GTR@@@@
<RJMNS@CBSQLTGC7C>GTR@@@@
<VC@CHIAJGSC7C>GTR@<D@CQSHQDQPQDC7C>GTR@IGDP
RMJGS>VC@<RMDBCHGS>D@<QIUH>VC@$@'@@@<'@BSQJQC

HGMHA


RMA>RJMNS@#@RMA>C@RHU@@@@
QIUhDQCA @#@QIUH>C@RHU@@@@
QIUhQJTUB @#@QIUH>RJMNS@RHU@@@@
RMJGS>VC@#@WV7QKGP>D@RHU@@@@
RM>RJMNS@#@RMQJTUB>D@RHU@@@@
RM>RJMNS@#@RM>VC@QDQN9
C@CDQCAC7C>GTR@@@@
<RJMNS@CBSQLTGC7C>GTR@@@@
<VC@CHIAJGSC7C>GTR@<D@CQSHQDQPQDC7C>GTR@IGDP
RMJGS>VC@<RMDBCHGS>D@<QIUH>VC@$@'@@@<'@BSQJQC

HGMHA


RMA>RJMNS@#@RMA>C@RHU@@@@
QIUhDQCA @#@QIUH>C@RHU@@@@
QIUhQJTUB @#@QIUH>RJMNS@RHU@@@@
RMJGS>VC@#@VV7QKGP>D@RHU@@@@
RM>RJMNS@#@RMQJTUB>D@RHU@@@@
RM>RJMNS@#@RM>VC@QDQN9
C@CDQCAC7C>GTR@@@@
<RJMNS@CBSQLTGC7C>GTR@@@@
<VC@CHIAJGSC7C>GTR@<D@CQSHQDQPQDC7C>GTR@IGDP
RMJGS>VC@<RMDBCHGS>D@<QIUH>VC@$@'@@@<'@BSQJQC

HGMHA


RMA>RJMNS@#@RMA>C@RHU@@@@
QIUhDQCA @#@QIUH>C@RHU@@@@
QIUhQJTUB @#@QIUH>RJMNS@RHU@@@@
RMJGS>VC@#@vV7QKGP>D@RHU@@@@
RM>RJMNS@#@RMQJTUB>D@RHU@@@@
RM>RJMNS@#@RM>VC@QDQN9
C@CDQCAC7C>GTR@@@@
<RJMNS@CBSQLTGC7C>GTR@@@@
<VC@CHIAJGSC7C>GTR@<D@CQSHQDQPQDC7C>GTR@IGDP
RMJGS>VC@<RMDBCHGS>D@<QIUH>VC@$@'@@@<'@BSQJQC

HGMHA

RMA>RJMNS@#@RMA>C@RHU@@@@
QIUhDQCA @#@QIUH>C@RHU@@@@
QIUhQJTUB @#@QIUH>RJMNS@RHU@@@@
RMJGS>VC@#@w7QKGP>D@RHU@@@@
RM>RJMNS@#@RMQJTUB>D@RHU@@@@
RM>RJMNS@#@RM>VC@QDQN9
C@CDQCAC7C>GTR@@@@
<RJMNS@CBSQLTGC7C>GTR@@@@
<VC@CHIAJGSC7C>GTR@<D@CQSHQDQPQDC7C>GTR@IGDP
RMJGS>VC@<RMDBCHGS>D@<QIUH>VC@$@'@@@<'@BSQJQC

HGMHA


RMA>RJMNS@#@RMA>C@RHU@@@@
QIUhDQCA @#@QIUH>C@RHU@@@@
QIUhQJTUB @#@QIUH>RJMNS@RHU@@@@
RMJGS>VC@#@x7QKGP>D@RHU@@@@
RM>RJMNS@#@RMQJTUB>D@RHU@@@@
RM>RJMNS@#@RM>VC@QDQN9
C@CDQCAC7C>GTR@@@@
<RJMNS@CBSQLTGC7C>GTR@@@@
<VC@CHIAJGSC7C>GTR@<D@CQSHQDQPQDC7C>GTR@IGDP
RMJGS>VC@<RMDBCHGS>D@<QIUH>VC@$@'@@@<'@BSQJQC

HGMHA


RMA>RJMNS@#@RMA>C@RHU@@@@
QIUhDQCA @#@QIUH>C@RHU@@@@
QIUhQJTUB @#@QIUH>RJMNS@RHU@@@@
RMJGS>VC@#@y7QKGP>D@RHU@@@@
RM>RJMNS@#@RMQJTUB>D@RHU@@@@
RM>RJMNS@#@RM>VC@QDQN9
C@CDQCAC7C>GTR@@@@
<RJMNS@CBSQLTGC7C>GTR@@@@
<VC@CHIAJGSC7C>GTR@<D@CQSHQDQPQDC7C>GTR@IGDP
RMJGS>VC@<RMDBCHGS>D@<QIUH>VC@$@'@@@<'@BSQJQC

HGMHA


RMA>RJMNS@#@RMA>C@RHU@@@@
QIUhDQCA @#@QIUH>C@RHU@@@@
QIUhQJTUB @#@QIUH>RJMNS@RHU@@@@
RMJGS>VC@#@z7QKGP>D@RHU@@@@
RM>RJMNS@#@RMQJTUB>D@RHU@@@@
RM>RJMNS@#@RM>VC@QDQN9
C@CDQCAC7C>GTR@@@@
<RJMNS@CBSQLTGC7C>GTR@@@@
<VC@CHIAJGSC7C>GTR@<D@CQSHQDQPQDC7C>GTR@IGDP
RMJGS>VC@<RMDBCHGS>D@<QIUH>VC@$@'@@@<'@BSQJQC

HGMHA

RMA>RJMNS@#@RMA>C@RHU@@@@
QIUhDQCA @#@QIUH>C@RHU@@@@
QIUhQJTUB @#@QIUH>RJMNS@RHU@@@@
RMJGS>VC@#@Z7QKGP>D@RHU@@@@
RM>RJMNS@#@RMQJTUB>D@RHU@@@@
RM>RJMNS@#@RM>VC@QDQN9
C@CDQCAC7C>GTR@@@@
<RJMNS@CBSQLTGC7C>GTR@@@@
<VC@CHIAJGSC7C>GTR@<D@CQSHQDQPQDC7C>GTR@IGDP
RMJGS>VC@<RMDBCHGS>D@<QIUH>VC@$@'@@@<'@BSQJQC

HGMHA


RMA>RJMNS@#@RMA>C@RHU@@@@
QIUhDQCA @#@QIUH>C@RHU@@@@
QIUhQJTUB @#@QIUH>RJMNS@RHU@@@@
RMJGS>VC@#@Y7QKGP>D@RHU@@@@
RM>RJMNS@#@RMQJTUB>D@RHU@@@@
RM>RJMNS@#@RM>VC@QDQN9
C@CDQCAC7C>GTR@@@@
<RJMNS@CBSQLTGC7C>GTR@@@@
<VC@CHIAJGSC7C>GTR@<D@CQSHQDQPQDC7C>GTR@IGDP
RMJGS>VC@<RMDBCHGS>D@<QIUH>VC@$@'@@@<'@BSQJQC

HGMHA

RMA>RJMNS@#@RMA>C@RHU@@@@
QIUhDQCA @#@QIUH>C@RHU@@@@
QIUhQJTUB @#@QIUH>RJMNS@RHU@@@@
RMJGS>VC@#@X7QKGP>D@RHU@@@@
RM>RJMNS@#@RMQJTUB>D@RHU@@@@
RM>RJMNS@#@RM>VC@QDQN9
C@CDQCAC7C>GTR@@@@
<RJMNS@CBSQLTGC7C>GTR@@@@
<VC@CHIAJGSC7C>GTR@<D@CQSHQDQPQDC7C>GTR@IGDP
RMJGS>VC@<RMDBCHGS>D@<QIUH>VC@$@'@@@<'@BSQJQC

HGMHA

RMA>RJMNS@#@RMA>C@RHU@@@@
QIUhDQCA @#@QIUH>C@RHU@@@@
QIUhQJTUB @#@QIUH>RJMNS@RHU@@@@
RMJGS>VC@#@W7QKGP>D@RHU@@@@
RM>RJMNS@#@RMQJTUB>D@RHU@@@@
RM>RJMNS@#@RM>VC@QDQN9
C@CDQCAC7C>GTR@@@@
<RJMNS@CBSQLTGC7C>GTR@@@@
<VC@CHIAJGSC7C>GTR@<D@CQSHQDQPQDC7C>GTR@IGDP
RMJGS>VC@<RMDBCHGS>D@<QIUH>VC@$@'@@@<'@BSQJQC

HGMHA

RMA>RJMNS@#@RMA>C@RHU@@@@
QIUhDQCA @#@QIUH>C@RHU@@@@
QIUhQJTUB @#@QIUH>RJMNS@RHU@@@@
v@.@V7QKGP>D@RHU@@@@
RMJGS>VC@#@V7QKGP>D@RHU@@@@
RM>RJMNS@#@RMQJTUB>D@RHU@@@@
RM>RJMNS@#@RM>VC@QDQN9
C@CDQCAC7C>GTR@@@@
<RJMNS@CBSQLTGC7C>GTR@@@@
<VC@CHIAJGSC7C>GTR@<D@CQSHQDQPQDC7C>GTR@IGDP
RMJGS>VC@<RMDBCHGS>D@<QIUH>VC@$@'@@@@'@BSQJQC
HGMHA


RMA>RJMNS@#@RMA>C@RHU@@@@
QIUhDQCA @#@QIUH>C@RHU@@@@
QIUhQJTUB @#@QIUH>RJMNS@RHU@@@@
RM>RJMNS@#@RMQJTUB>D@RHU@@@@
RM>BHQDUF@#@RMTUBPQD>D@RHU@@@@
RM>CHGS@#@RMDBCHGS>D@QDQN9
C@CDQCAC7C>GTR@@@@
<RJMNS@CBSQLTGC7C>GTR@<BHQDUF@CBSQLTGC7C>GTR@<@@@@
CHGS@CBSQLTGC7C>GTR@<D@CQSHQDQPQDC7C>GTR@IGDP
V%@<RMDBCHGS>D@<']@7QK@HOMQDGP@'@$@QIUH>CHGS@@@@
$@'@bhmudbchgs@rru@'@$@QIUhQJTUbJJAP @$@'@qjtub@dqbju'@BSQJQC

'('@$@QIUhQJTUB @$@')>('@$@QIUhDQCA @$@')'@#@QIUhQJTUbJJAP @BQC
/@#@QIUhQJTUB @BQC
/@#@QIUhDQCA @BQC

[zZW]DUNSDU0@QIUhQJTUbJJAP @<[xWV]DUNSDU0@QIUhQJTUB @<[xWV]DUNSDU0@QIUhDQCA @qdujsqr




-DGBUHMIDQb7DQAe_DU1jecHM2-

	[vV]duns@$@[XV]duns@$@'-DGBUHMIDQb7DQAe_DU1jecHM2-'@$@[vV]duns@$@[XV]duns@BSQJQC

-DGBUHMIDQb7DQAe_DU1jecHM2-



DQ9CHU @BSQJQC
'['@$@DQ9CHU @#@DQ9CHU @BQC

RHQ@@@@
V@$@7QKDAS @#@7QKDAS @BSQJQC@@@@@@@@
V@%@BHS7QK @#@BHS7QK @BSQJQC@@@@@@@@
[7QKDAS @<RMRHM @<QIUhQJTUbJJAP ]JGS_8QRHM@$@'@<'@$@DQ9CHU @#@DQ9CHU @BSQJQC@@@@@@@@@@@@
QCJQ@@@@@@@@
[7QKDAS @<RMRHM @<QIUhQJTUbJJAP ]JGS_8QRHM@$@DQ9CHU @#@DQ9CHU @BSQJQC@@@@@@@@@@@@
[@V@#@7QKDAS @]PM@@@@@@@@
HMOQT@@@@
v@.@BHS7QK @QJMN9@@@@


V@%@BHS7QK @#@BHS7QK @BQC@[V@.@RMRHM ]@PM@@@@
V@$@BHAGS7QK@CM@BHS7QK@QNB@<8QRHM@RQDQBCAJS%HGH@PG@QCUS@Hm@%%@@@@
W@#@[W@&@CABUBC]@RHU
[QIUhQJTUbJJAP ]RM_BSQLTG@#@RM@QDQN9
CQ8QRHMC7C@IGDP@RMRHM@#@RMRHM @<BHS7QK@#@BHS7QK @BSQJQC

']@7QK@7DUIMDF@RRU@'@$@QIUhQJTUbJJAP @$@'@QJTUB@DQBJU'@#@DQ9CHU @BSQJQC
V@#@7QKDAS @BSQJQC

QIUhQJTUB @$@'>'@$@DQH9gQJTUB @#@QIUhQJTUbJJAP @BQC

/@#@QIUhQJTUB @BQC
/@#@DQH9gQJTUB @BQC

[xWV]DUNSDU0@DQH9gQJTUB @QDUJSQR
[xWV]DUNSDU0@QIUhQJTUB @QDUJSQR
[xWV]DUNSDU0@QIUhQJTUbJJAP @QDUJSQR

[WVZ]DUNSDU0@DQ9CHU @QDUJSQR
DQOQBHM@RMRHM @QDUJSQR
DQOQBHM@7QKDAS @QDUJSQR
DQOQBHM@BHS7QK @QDUJSQR

-DGBUHMIDQb7DQAe_DU1jecHM2-

	[vV]duns@$@[XV]duns@$@'-DGBUHMIDQb7DQAe_DU1jecHM2-'@$@[vV]duns@$@[XV]duns@BSQJQC

-DGBUHMIDQb7DQAe_DU1jecHM2-




	W@7T@DQRDG

[V@<v]@HM@RMRHM>M@rhu@@@@
BHQIOQC>C@#@BHQIOQC>M@RHU@@@@
RmBSQLTG @#@RM>M@qdqn2
C@CBHQIOQCC7C>GTR@<M@CQ8QRHMC7C>GTR@igdp
vvvvV@<@'('@$@QIUH>C@$@')@HG@['@BSQJQC

hgmha

QIUhDQCA @#@QIUH>XC@RHU
QIUhQJTUB @#@QIUH>VC@RHU
RM>WS@#*@HMUIGR>C@RHU
RM>S@#*@BJAUPQRS>C@RHU
RMA>XC@#@RMA>VC@RHU
QF7BDQCA>WC@#@QF7BDQCA>C@RHU
RM>VC@#@RM>C@RHU
QIUhQJTUB @#@QIUH>VC@QDQN9
WS@CBHQIIGSC7C>GTR@@@@
<S@CBHQIIGSC7C>GTR@<XC@CDQCAC7C>GTR@<WC@CQF7BC7C>GTR@@@@
<VC@CBSQLTGC7C>GTR@<C@CHIAJGSC7C>GTR@IGDP
RMJGS>C@@@@@@@@
<	
rhq@'@JJAH@BGH@'@qcjq@''@hqnb@[x@#@[x@&@CABUBC>C]]@hqn2@qcus@@@@@@@@
$@[''@<B8QB>WS]JJAHCM@@@@@@@@
$@'@'@$@[''@<B8QB>S]JJAHCM@@@@@@@@
$@rhq@''@qcjq@'@7BMBHQRM@'@hqnb@[xWV@#@[xWV@&@CABUBC>C]]@hqn2@qcus@@@@@@@@
$@'@'@$@rhq@@@@@@@@
''@qcjq@@@@@@@@@@@@
'['@@$@[QJUSC>C@<[vV]DUNSDU0]bdq1hgs@$@'@<'@$@[SQDF>C@<[vW]DUNSDU0]bdq1hgs@$@']'@hqnb@'JUIMSQR'@hqn2@@@@@@@@
'['@@$@[QJUSC>C@<[vV]DUNSDU0]bdq1hgs@$@'@<'@$@[SQDF>C@<[vW]DUNSDU0]bdq1hgs@$@']'@hqnb@'SMDQIAH'@hqn2@@@@@@@@@@@@
'['@$@[NBOHQJ>C@<[vW]DUNSDU0]bdq1hgs@$@']'@hqnb@'7DUHMT'@hqn2@@@@@@@@@@@@
'['@$@[NBOHQJ>C@<[vW]DUNSDU0]bdq1hgs@$@']'@hqnb@'7DUHMTDU0'@hqn2@@@@@@@@@@@@
'['@$@[NBOHQJ>C@<[vW]DUNSDU0]bdq1hgs@$@']'@hqnb@'DUNS'@hqn2@@@@@@@@@@@@
'['@$@[NBOHQJ>C@<[vW]DUNSDU0]bdq1hgs@$@']'@hqnb@'DUNSH'@hqn2@@@@@@@@@@@@
'['@$@[NBOHQJ>C@<[vW]DUNSDU0]bdq1hgs@$@']'@hqnb@'DUNSDU0'@hqn2@@@@@@@@@@@@
'['@$@[NBOHQJ>C@<[vW]DUNSDU0]bdq1hgs@$@']'@hqnb@'DUNSDU0H'@hqn2@@@@@@@@@@@@
QIUH>WC@qcus@@@@@@@@
$@'('@$@QIUH>WC@$@')@('@$@QIUH>C@$@')@@@@'@@@@@@@@
$@rhq@'<'@qcjq@'@'@hqnb@V@hqn2@RMJGS>C@qcus@@BSQJQC
hgmha
@@@@
V%@<']('@$@QIUhQJTUB @$@')>('$@QIUhDQCA @$@')@qjtub@qbuqds'@@@@
$@[vV]duns@$@[XV]duns@$@'-DGBUHMIDQb7DQAe_DU1jecHM2-'@$@[vV]duns@$@[XV]duns@@@@
$@'('@$@QIUhQJTUB @$@')>('@$@QIUhDQCA @$@')@QJTUB@FGDR'@$@[vV]duns@$@[XV]duns@@@@
$@'[''a''@#@QF7B@RHU@['''@$@QIUhQJTUB @$@'>'@$@QIUhDQCA @$@''']RM_BSQLTG@#@RM@QDQN9@CBSQLTGC7C>GTR@IGDP@*@BSQJQC]@CBCM8Q@PM'@BSQJQC



QIUhDQCA @#@QIUH>A@RHU
QIUhQJTUB @#@QIUH>G@RHU
RMA>A@#@RMA>G@QDQN9
A@CDQCAC7C@<G@CBSQLTGC7C@IGDP@RM@#@RmBSQLTG @BSQJQC

/@#@QIUhQJTUB @BQC
/@#@QIUhDQCA @BQC

BHM@RmBSQLTG @<[xWV]DUNSDU0@QIUhQJTUB @<[xWV]DUNSDU0@QIUhDQCA @qdujsqr
]]></sqlString>
			<paramList>
				
				<param position="1" datatype="VARCHAR" value="WinSQL_SCHEMA"  tag="1"/>
				<param position="2" datatype="VARCHAR" value="WinSQL_OBJNAME"  tag="1"/>
				<param position="3" datatype="VARCHAR" value="WinSQL_SCHEMA"  tag="1"/>
				<param position="4" datatype="VARCHAR" value="WinSQL_OBJNAME"  tag="1"/>
				<param position="5" datatype="VARCHAR" value="WinSQL_SCHEMA"  tag="1"/>
				<param position="6" datatype="VARCHAR" value="WinSQL_OBJNAME"  tag="1"/>
			</paramList>
		</query>		
	</createTableDDL>
	
	
	
	
	<dropIndexDDL supported="yes">		
		<query>
			<sqlString><![CDATA[DROP INDEX ?.? ]]></sqlString>
			<paramList>
				<param position="1" datatype="INT" value="WinSQL_OBJNAME"  tag="1"/>
				<param position="2" datatype="INT" value="WinSQL_INDEXNAME"  tag="1"/>					
			</paramList>
		</query>		
	</dropIndexDDL>
	
	
	<!-- The storedProcedure element tells WinSQL how to process a Stored procedure -->
	<storedProcedures supported="yes">
		<storedProcDDL supported="yes">
			<query>
				<sqlString postProcessor="3"><![CDATA[
				select text from syscomments c, sysobjects o, sysusers u
				where c.id = o.id and o.uid = u.uid and u.name = ? and o.name = ? and o.type = 'P'
				]]></sqlString>
				<paramList>
					<param position="1" datatype="VARCHAR" value="WinSQL_SCHEMA"  tag="1"/>
					<param position="2" datatype="VARCHAR" value="WinSQL_OBJNAME"  tag="1"/>
				</paramList>
			</query>
		</storedProcDDL>
	</storedProcedures>
	<!-- 
	TRIGGERS

	 -->
	<triggers supported="yes">
		<!-- 
			The first element is for the retrieval of the SQL script that created the triggers.
			It must return 3 fields. 
			Field 1 - Trigger Name. If name is unknown, the query must return 'Not available'.
			Field 2 - Trigger Type. This can be either Insert, Update or Delete
			Field 3 - Trigger Text. This is the sql script that was used to create the trigger.
            
            If there is a 4th column, the result of that column will get appended to the 
            result of the third column. 
            
            If you have more than 4 columns, they will be ignored.
		 -->
		<triggerDDL supported="yes">
			<query>
				<sqlString><![CDATA[
				select tr.name, 'I' triggerType, c.text, '', c.colid
				from sysobjects o, syscomments c, sysobjects tr, sysusers u
				where o.instrig = c.id and tr.id = c.id and u.uid = o.uid and u.name = ? and o.name = ?
				UNION
				select tr.name, 'U', c.text, '', c.colid
				from sysobjects o, syscomments c, sysobjects tr, sysusers u
				where o.updtrig = c.id and tr.id = c.id and u.uid = o.uid and u.name = ? and o.name = ?
				UNION
				select tr.name, 'D', c.text, '', c.colid
				from sysobjects o, syscomments c, sysobjects tr, sysusers u
				where o.deltrig = c.id and tr.id = c.id and u.uid = o.uid and u.name = ? and o.name = ?
                order by 1, 2, c.colid
				 ]]></sqlString>
				<paramList>
					<param position="1" datatype="VARCHAR" value="WinSQL_SCHEMA"  tag="1"/>
					<param position="2" datatype="VARCHAR" value="WinSQL_OBJNAME"  tag="1"/>
					<param position="3" datatype="VARCHAR" value="WinSQL_SCHEMA"  tag="1"/>
					<param position="4" datatype="VARCHAR" value="WinSQL_OBJNAME"  tag="1"/>
					<param position="5" datatype="VARCHAR" value="WinSQL_SCHEMA"  tag="1"/>
					<param position="6" datatype="VARCHAR" value="WinSQL_OBJNAME"  tag="1"/>
				</paramList>
			</query>
		</triggerDDL>
	</triggers>
	<!-- Following is a list of extended elements.
		The immediate children of extendedNodes element MUST be a level1 element.
		The name of the element will appear as the header in the TreeView control
		
		Attribute description:
			name - This is the name that will appear in TreeView.
			displayType - This is where the result of the query will
						  get displayed. The possible values are:
						  
						  WinSQL_TreeView
						  WinSQL_GridView
						  WinSQL_ListView
						  WinSQL_TextView
						  
						  In case of WinSQL_TreeView, only the first column will
						  get displayed. 
						  
						  In case of WinSQL_ListView, only the first row of the
						  resultset will be displayed.
						  
						  In case of WinSQL_TextView, the text
						  will be tab delimited if more than one column is found.
			hasChildren - If yes, there can be another level node
	-->
	<extendedNodes>
    
        	<extension level="1" name="Check Constraints" displayType="WinSQL_TreeView" hasChildren="yes" useInDBDiff="yes">	
			<query>
				<sqlString><![CDATA[
				select name, id from sysobjects where type = 'C'				
				 ]]></sqlString>
				<!-- No parameters for rules  -->
				<paramList>	</paramList>
			</query>
			<extension level="2" name="Check constraints details" displayType="WinSQL_ListView" hasChildren="no" useInDBDiff="yes">	
				<query>
					<sqlString><![CDATA[
					select p.name AssociatedTableName, text from syscomments c, sysobjects s, sysobjects p
					where s.id = ? and s.id = c.id and p.id = s.parent_obj	
					 ]]></sqlString>
					<paramList>
						<param position="1" datatype="INT" value="WinSQL_PARENTVALUE"  tag="2"/>
					</paramList>
				</query>
			</extension> 
		</extension>
		
		
	 <extension level="1" name="Check Constraints" displayType="WinSQL_TreeView" hasChildren="yes" useInDBDiff="yes">	
			<query>
				<sqlString><![CDATA[
				select name, id from sysobjects where type = 'C'				
				 ]]></sqlString>
				<!-- No parameters for rules  -->
				<paramList>	</paramList>
			</query>
			<extension level="2" name="Check constraints details" displayType="WinSQL_ListView" hasChildren="no" useInDBDiff="yes">	
				<query>
					<sqlString><![CDATA[
					select p.name AssociatedTableName, text from syscomments c, sysobjects s, sysobjects p
					where s.id = ? and s.id = c.id and p.id = s.parent_obj	
					 ]]></sqlString>
					<paramList>
						<param position="1" datatype="INT" value="WinSQL_PARENTVALUE"  tag="2"/>
					</paramList>
				</query>
			</extension> 
		</extension>
		
	   

	    <extension level="1" name="Databases" displayType="WinSQL_TreeView" hasChildren="yes" useInDBDiff="no">	
			<query>
				<sqlString><![CDATA[
				select name from master..sysdatabases				
				 ]]></sqlString>
				<!-- Level 1 extensions CANNOT HAVE ANY PARAMETERS  -->
				<paramList>	</paramList>
			</query>
			<extension level="2" name="Database Detail" displayType="WinSQL_ListView" hasChildren="no" useInDBDiff="no">	
				<query>
					<sqlString><![CDATA[
					select * from master..sysdatabases where name = ? 				
					 ]]></sqlString>
					<paramList>
						<param position="1" datatype="VARCHAR" value="WinSQL_PARENTVALUE"  tag="1"/>
					</paramList>
				</query>
			</extension> 
		</extension>
		<extension level="1" name="Data Devices" displayType="WinSQL_TreeView" hasChildren="yes"  useInDBDiff="no">	
			<query>
				<sqlString><![CDATA[
				select name from master..sysdevices				
				 ]]></sqlString>
				<paramList>	</paramList>
			</query>
			<extension level="2" name="Data Device Detail" displayType="WinSQL_ListView" hasChildren="no" useInDBDiff="no">	
				<query>
					<sqlString><![CDATA[
					select * from master..sysdevices where name = ? 				
					 ]]></sqlString>
					<paramList>
						<param position="1" datatype="VARCHAR" value="WinSQL_PARENTVALUE"  tag="1"/>
					</paramList>
				</query>
			</extension> 
		</extension>
	</extendedNodes>
	
	<parameters>
        <parameter name="RequireParenInSPIfNoParam" value="yes" />
		<parameter name="FetchParentRelationship" value="yes" />
		<parameter name="FetchDependentRelationship" value="yes" />
    </parameters>
    
    <explain supported="true">
	    <prereqTables4Explain />	    	
	    <prereqDDL4Explain />
	    
	    <explainQueryInsert>
	    </explainQueryInsert>
	    
	    <explainQueryDelete required="true">
	    </explainQueryDelete>
	    
	    <explainQuerySelect displayType="text"><![CDATA[
SET SHOWPLAN ON
%WinSQLVar_QueryTerminator%
$WINSQL_QUERY_STRING
%WinSQLVar_QueryTerminator%
SET SHOWPLAN OFF
	
	    ]]>
	    </explainQuerySelect>
	    
    </explain>
    
    
    
     <adminTasks>
    	<adminTask appliesTo="WinSQL_INDEX" 
					id="WinSQL_NewIndex" 
					name="Create New Index" 
					promptType="Dialog" templateType="predefined"
					title="New index wizard" 
					menuSeparator="0" >	    
			<sqlString><![CDATA[
create ? ? index ?
    on ?(?) 
    ?
    ?
			 ]]></sqlString>
			
			
			<paramList>	
				<param position="1" paramType="Option" value="unique" mandatory="false"  control="checkbox" bounds="100, 175, 200, 20" label="Unique" labelBounds="-1" prefixValue="" postfixValue="" separator="" enclosedStart="" enclosedEnd="" tabOrder="6" hint="Check to create a unique index" />						
				<param position="2" paramType="PickList" value=" |clustered|nonclustered" mandatory="false" control="combobox" bounds="100, 125, 200, 20" label="Clustering" labelBounds="5, 125, 90, 20"  prefixValue="" postfixValue=""  separator="" enclosedStart=""  enclosedEnd=""  tabOrder="4" hint="Clustered or non-clustered. Check SQL Server documentation for more information." />		        
				<param position="3" paramType="Textbox" value="" mandatory="true" control="editbox" bounds="100, 10, 200, 20" label="Index Name" labelBounds="5, 10, 90, 20" prefixValue="" postfixValue=""  separator="" enclosedStart=""  enclosedEnd="" tabOrder="1"  hint="Name of the index. This is a mandatory field" />
				<param position="4" paramType="ParentText" value="WinSQL_FULLOBJNAME" mandatory="true" control="label" bounds="0, 0, 0, 0" label="" prefixValue="" postfixValue=""  separator="" enclosedStart=""   tabOrder="" hint="" />
				<param position="5" paramType="ParentPickList" value="WinSQL_TABLEFIELDS" mandatory="true" control="checklistbox" bounds="100, 35, 200, 60" label="Fields" labelBounds="5, 35, 90, 60"  prefixValue="" postfixValue=""  separator="," enclosedStart=""  enclosedEnd=""  tabOrder="2" hint="Select the fields you wish to include in this index" />				
				<param position="6" paramType="Textbox" value="" mandatory="false"  control="editbox" bounds="100, 100, 200, 20" label="Fill factor" labelBounds="5, 100, 90, 20" prefixValue="WITH " postfixValue="" enclosedStart="fillfactor = "  enclosedEnd="" separator=", "   tabOrder="3" hint="A percentage value indicating how full SQL server should make the leaf level of each index page." />
				<param position="6" paramType="Textbox" value="" mandatory="false"  control="editbox" bounds="100, 200, 200, 20" label="Max rows per page" labelBounds="5, 200, 90, 20" prefixValue="WITH " postfixValue=""  separator=", " enclosedStart="max_rows_per_page = "  enclosedEnd=""  tabOrder="7" hint="Maximum number of rows per data page" />
				<param position="6" paramType="Textbox" value="" mandatory="false"  control="editbox" bounds="100, 225, 200, 20" label="Reserve page gap" labelBounds="5, 225, 90, 20" prefixValue="WITH " postfixValue=""  separator=", " enclosedStart="reservepagegap"  enclosedEnd=""  tabOrder="8" hint="Specifies a ratio of filled pages to empty pages to be left during extent I/O operations." />
				<param position="6" paramType="Option" value="ignore_dup_key" mandatory="false"  control="checkbox" bounds="100, 250, 200, 20" label="" labelBounds="-1" prefixValue="WITH " postfixValue=""  separator=", " enclosedStart=""  enclosedEnd=""  tabOrder="9" hint="Cancels attempts of duplicate key entry into a table that has a unique index" />
				<param position="6" paramType="Option" value="sorted_data" mandatory="false"  control="checkbox" bounds="100, 275, 200, 20" label="" labelBounds="-1" prefixValue="WITH " postfixValue=""  separator=", " enclosedStart=""  enclosedEnd=""  tabOrder="10" hint="Speeds creation of clustered indexes when data in the table is already in sorted order" />				
				<param position="6" paramType="PickList" value=" |ignore_dup_row|allow_dup_row" mandatory="false"  control="combobox" bounds="100, 300, 200, 20" label="Duplicate rows" labelBounds="5, 300, 90, 20" prefixValue="WITH " postfixValue=""  separator=", " enclosedStart=""  enclosedEnd=""  tabOrder="11" hint="Ignore_dup_row deletes the duplicate rows from the table and allow_dup_row allow you to duplicate rows with update and insert statements." />
				<param position="7" paramType="SQLLookup" value="" mandatory="false"  control="combobox" bounds="100, 150, 200, 20" label="Segment name:" labelBounds="5, 150, 90, 20" prefixValue="ON " postfixValue="" separator="" enclosedStart="["  enclosedEnd="]"  tabOrder="5" hint="Specifies which file group where this index will be created" >
				<lookupSQL>
				<![CDATA[
				select name from dbo.syssegments
				]]>
				</lookupSQL>
				</param>
				
			
				
			</paramList>
	   	 
	</adminTask>
	
	
	
	<adminTask appliesTo="" 
			id="WinSQL_UpdateStat" 
			name="Update Statistics" 
			promptType="Dialog" 
			templateType="predefined"
			title="Update Statistics"
			menuSeparator="0">	    
			<sqlString><![CDATA[UPDATE STATISTICS ? ?
    ? ]]></sqlString>
						
			<paramList>
				<param position="1" paramType="ParentText" value="WinSQL_FULLOBJNAME"  mandatory="true" control="label" bounds="0, 0, 0, 0" label="" labelBounds="-1" prefixValue="" postfixValue="" separator="" enclosedStart="" enclosedEnd="" tabOrder="1" hint="" />				
				<param position="2" paramType="SQLLookup" value=""  mandatory="false" control="combobox" bounds="100, 10, 200, 20" label="Index name:" labelBounds="5, 10, 90, 20" prefixValue="" postfixValue="" separator="" enclosedStart="" enclosedEnd="" tabOrder="" hint="Login name" >
				    <lookupSQL><![CDATA[select ' ' UNION select s.name
from dbo.sysindexes s, sysobjects o
where s.id = o.id
and o.name = '%WinSQLVar_CurrentSelectedObject%'
]]></lookupSQL>
				</param>
				<param position="3" paramType="Textbox" value="" mandatory="false" control="editbox" bounds="100, 35, 200, 20" label="Step value:" labelBounds="5, 35, 90, 20" prefixValue=" using " postfixValue=" values " separator="" enclosedStart=""  enclosedEnd="" tabOrder="2"  hint="Specifies the number of histogram steps" />								
			</paramList>
	   	 
	</adminTask>
	
	
	
	
	<adminTask appliesTo="" 
			id="Custom_AddLogin" 
			name="New SQL Server Login..." 
			promptType="Dialog" 
			templateType="custom"
			title="New SQL Server Login Wizard"
			menuSeparator="0">	    
			<sqlString><![CDATA[

EXEC sp_addlogin ?, ? ?
    

			 ]]></sqlString>
						
			<paramList>	
				<param position="1" paramType="Textbox" value=""  mandatory="true" control="editbox" bounds="100, 10, 200, 20" label="Login name:" labelBounds="5, 10, 90, 20" prefixValue="" postfixValue="" separator="" enclosedStart="'" enclosedEnd="'" tabOrder="1" hint="Login name" />
				    
				
				<param position="2" paramType="Textbox" value="" mandatory="true" control="editbox" bounds="100, 35, 200, 20" label="Password:" labelBounds="5, 35, 90, 20" prefixValue="" postfixValue="" separator="" enclosedStart="'"  enclosedEnd="'" tabOrder="2"  hint="Password" />
				<param position="3" paramType="SQLLookup" value=""  mandatory="false" control="combobox" bounds="100, 60, 200, 20" label="Default database:"  labelBounds="5, 60, 90, 20" prefixValue=", " postfixValue="" separator="" enclosedStart="'"  enclosedEnd="'" tabOrder="3"  hint="Default database">
				    <lookupSQL>
				    <![CDATA[
				    select name from master..sysdatabases
				    ]]>
				    </lookupSQL>
				</param>
			</paramList>
	   	 
	</adminTask>
	
	
	
	<adminTask appliesTo="" 
			id="Custom_AddUser" 
			name="New User..." 
			promptType="Dialog" 
			templateType="custom"
			title="New User Wizard"
			menuSeparator="0">	    
			<sqlString><![CDATA[EXEC sp_adduser ?, ?]]></sqlString>
						
			<paramList>	
				<param position="1" paramType="SQLLookup" value=""  mandatory="true" control="combobox" bounds="100, 10, 200, 20" label="Login name:" labelBounds="5, 10, 90, 20" prefixValue="" postfixValue="" separator="" enclosedStart="'" enclosedEnd="'" tabOrder="1" hint="Login name" >
				<lookupSQL>
				    <![CDATA[
				    select name from master..syslogins
				    ]]>
				    </lookupSQL>    
				</param>
				<param position="2" paramType="Textbox" value="" mandatory="false" control="editbox" bounds="100, 35, 200, 20" label="User name:" labelBounds="5, 35, 90, 20" prefixValue="" postfixValue="" separator="" enclosedStart="'"  enclosedEnd="'" tabOrder="2"  hint="User name in this database. This is typicall same as the login name" />				
			</paramList>
	   	 
	</adminTask>
	
	
	
	<adminTask appliesTo="" 
			id="Custom_AddDumpDevices" 
			name="New Dump Device..." 
			promptType="Dialog" 
			templateType="custom"
			title="New Dump Device Wizard"
			menuSeparator="1">	    
			<sqlString><![CDATA[
USE master
EXEC sp_addumpdevice ?, ?, 
    ?
USE %WinSQLVar_CurrentDBName%

			 ]]></sqlString>
						
			<paramList>	
				<param position="1" paramType="PickList" value="disk|pipe|tape"  mandatory="true" control="combobox" bounds="100, 10, 200, 20" label="Device type:" labelBounds="5, 10, 90, 20" prefixValue="" postfixValue="" separator="" enclosedStart="'" enclosedEnd="'" tabOrder="1" hint="Type of device" />						
				<param position="2" paramType="Textbox" value="" mandatory="true" control="editbox" bounds="100, 35, 200, 20" label="Logical name:" labelBounds="5, 35, 90, 20" prefixValue="" postfixValue="" separator="" enclosedStart="'"  enclosedEnd="'" tabOrder="2"  hint="A logical name for this device. This name is used during BACKUP and RESTORE operations" />
				<param position="3" paramType="Textbox" value=""  mandatory="true" control="editbox" bounds="100, 60, 200, 20" label="Physical name:"  labelBounds="5, 60, 90, 20" prefixValue="" postfixValue="" separator="" enclosedStart="'"  enclosedEnd="'" tabOrder="3"  hint="Refers to the physical path. Ex. c:\Backup\MyDB.bak or \\.\TAPE0" />						        								
			</paramList>
	   	 
	</adminTask>
	
	
	<adminTask appliesTo="" 
			id="Custom_BackupDatabase" 
			name="Backup Database..." 
			promptType="Dialog" 
			templateType="custom"
			title="Backup Database Wizard"
			menuSeparator="0">	    
			<sqlString><![CDATA[

dump database %WinSQLVar_CurrentDBName%
    to ?
    ?
    

			 ]]></sqlString>
						
			<paramList>	
				<param position="1" paramType="SQLLookup" value=""  mandatory="true" control="combobox" bounds="100, 10, 200, 20" label="Device name:" labelBounds="5, 10, 90, 20" prefixValue="" postfixValue="" separator="" enclosedStart="" enclosedEnd="" tabOrder="1" hint="Device name where backup will occur" >
				    <lookupSQL>
				    <![CDATA[
				    select name from master..sysdevices where status & 16 = 16
				    ]]>
				    </lookupSQL>
				</param>
				<param position="2" paramType="Option" value="DIFFERENTIAL" mandatory="false" control="checkbox" bounds="100, 35, 200, 20" label="Logical name:" labelBounds="-1" prefixValue="WITH " postfixValue="" separator=", " enclosedStart=""  enclosedEnd="" tabOrder="2"  hint="Check to perform differential backup" />
				<param position="2" paramType="PickList" value=" |INIT|NOINIT"  mandatory="false" control="combobox" bounds="100, 60, 200, 20" label="Initialize:"  labelBounds="5, 60, 90, 20" prefixValue="WITH " postfixValue="" separator=", " enclosedStart=""  enclosedEnd="" tabOrder="3"  hint="Select if you wish to initialize the backup device" />						        								
			</paramList>
	   	 
	</adminTask>
	
	
    </adminTasks>

</WinSQLDatabaseType>
